job_title,company,location,url,description,posted,salary_min,salary_max,is_remote,source,score
Lead Software Engineer,Lumen,"OR, USA",https://www.indeed.com/viewjob?jk=4daa6a1694ffe7cd,"Lumen is the trusted network for the AI‑powered world, connecting people, data, and applications through our expansive fiber network and connected ecosystem. We enable secure, high‑performance connectivity across cloud, edge, and AI workloads for enterprises, governments, and communities.

At Lumen, you’ll work on infrastructure customers rely on today and build for what’s next, where performance, security, and resilience matter.

This is a high accountability environment where bold ideas drive real innovation for our customers, partners, and industry. The work is challenging, expectations are clear, and trust is built into how we operate. If you’re ready to take ownership, deliver meaningful impact, and help shape the future of AI‑ready connectivity, join us today.

**The Role**
------------

This role is responsible for the development of defined projects and end user support for our Power Platform and Microsoft 365 productivity services in Lumen’s commercial and government tenants. Microsoft productivity services include SharePoint, One Drive, Microsoft Teams, Microsoft Stream, Forms, etc. The position designs, develops, and maintains business solutions using the Microsoft Power Platform, including Power Apps, Power Automate, Power BI, and Copilot Studio. This position also includes the support and training of our Lumen Maker community. The role also is responsible for assisting with or fully integrating these solutions with other Microsoft 365 products and services, as well as with external data sources and APIs.

**Location**
------------

This role is designated as a fully remote position within the United States.

**The Main Responsibilities**
-----------------------------

* Assist in support of Power Platform development (Power Apps, Power Automate, Power BI, Copilot Studio)
* Assist in the support of Microsoft 365 productivity services including SharePoint online, OneDrive, Microsoft Teams, Microsoft Stream, Viva.
* Assist with development projects
* Support end user development; teach, train and consult in our commercial and government tenants
* Develop solutions, document and build end user knowledge base content

**What We Look For in a Candidate**
-----------------------------------

**Required Qualifications:**

* Major/Degree: Computer Science, Engineering, or similar technical degree.
* 8+ years of experience with Microsoft Power Platform and other M365 services
* Power Platform: Knowledge and experience with the Power Platform, including Power Apps, Power Automate, Power BI, and Copilot Studio. Candidates should be able to design, develop, and maintain solutions using these tools.
* Microsoft 365 products and services: Strong understanding of the various products and services included in Microsoft 365 such as SharePoint, OneDrive, Teams.
* Collaboration and communication: Candidates should have strong collaboration and communication skills, as they will need to work closely with others to design, develop, and maintain solutions using Microsoft M365 and Power Platform.
* Excellent problem-solving and analytical skills with ability to work independently and as part of a team.
  

**Preferred Qualifications:**

* PowerShell experience
* Relevant certifications, such as Microsoft Certified: Power Platform Developer Associate or Microsoft Certified: Power Platform Solution Architect Expert.
* Working knowledge of software development methodologies, standards, and coding best practices

**Compensation**
----------------

This information reflects the anticipated base salary range for this position based on current national data. Minimums and maximums may vary based on location. Individual pay is based on skills, experience and other relevant factors.

Location Based Pay Ranges:

$103,711 - $138,281 in these states: AL, AR, AZ, FL, GA, IA, ID, IN, KS, KY, LA, ME, MO, MS, MT, ND, NE, NM, OH, OK, PA, SC, SD, TN, UT, VT, WI, WV, and WY.
  
$108,896 - $145,195 in these states: CO, HI, MI, MN, NC, NH, NV, OR, and RI.
  
$114,082 - $152,109 in these states: AK, CA, CT, DC, DE, IL, MA, MD, NJ, NY, TX, VA, and WA.

Lumen offers a comprehensive package featuring a broad range of Health, Life, Voluntary Lifestyle benefits and other perks that enhance your physical, mental, emotional and financial wellbeing. We're able to answer any additional questions you may have about our bonus structure (short-term incentives, long-term incentives and/or sales compensation) as you move through the selection process.

  

#LI-Remote

#LI-VK1

Requisition #: 343711

  

**Life at Lumen**

Life at Lumen is human and connected, even in a fast moving, AI‑focused organization. We set clear expectations and trust people to meet them. With real support and shared accountability, teams collaborate better, move faster, and deliver meaningful outcomes.

Our Lumen 8 behaviors guide how we interact, make decisions, and work together, shaping a culture built to perform and win.

To learn more about Life at Lumen and how we live the Lumen 8, please visit:
  
https://jobs.lumen.com/global/en/life-at-lumen

**Background Screening**

If you are selected for a position, there will be a background screen, which may include checks for criminal records and/or motor vehicle reports and/or drug screening, depending on the position requirements. For more information on these checks, please refer to the Post Offer section of our FAQ page . Job-related concerns identified during the background screening may disqualify you from the new position or your current role. Background results will be evaluated on a case-by-case basis.

Pursuant to the San Francisco Fair Chance Ordinance, we will consider for employment qualified applicants with arrest and conviction records.

  

**Equal Employment Opportunities**

We are committed to providing equal employment opportunities to all persons regardless of race, color, ancestry, citizenship, national origin, religion, veteran status, disability, genetic characteristic or information, age, gender, sexual orientation, gender identity, gender expression, marital status, family status, pregnancy, or other legally protected status (collectively, “protected statuses”). We do not tolerate unlawful discrimination in any employment decisions, including recruiting, hiring, compensation, promotion, benefits, discipline, termination, job assignments or training.

  

**Privacy Notice**

Lumen is committed to protecting the privacy and security of personal information collected during the recruitment and hiring process. Our Applicant Privacy Notice explains how we collect, use, disclose, and protect applicant information, as well as how individuals may request access to or deletion of their personal data.

To review Lumen’s Global Employment Applicant and Talent Community Privacy Notice, please visit:
  
https://jobs.lumen.com/global/en/privacy-notice

**Disclaimer**

The job responsibilities described above indicate the general nature and level of work performed by employees within this classification. It is not intended to include a comprehensive inventory of all duties and responsibilities for this job. Job duties and responsibilities are subject to change based on evolving business needs and conditions.

In any materials you submit, you may redact or remove age-identifying information such as age, date of birth, or dates of school attendance or graduation. You will not be penalized for redacting or removing this information.

Please be advised that Lumen does not require any form of payment from job applicants during the recruitment process. All legitimate job openings will be posted on our official website or communicated through official company email addresses. If you encounter any job offers that request payment in exchange for employment at Lumen, they are not for employment with us, but may relate to another company with a similar name.",2026-10-08,103711.0,152109.0,True,jobspy/indeed,23
Senior Cloud Engineer,Naviga Inc.,"Remote, USA",https://www.indeed.com/viewjob?jk=5c2a21fac0f0100e,"**Position Summary**  
Naviga is seeking an experienced Senior Cloud Engineer to design, implement, maintain, and optimize highly available, secure, and scalable cloud infrastructure supporting our global business operations and customer-facing platforms.  
This position requires advanced hands-on expertise with Amazon Web Services (AWS), Microsoft SQL Server, Microsoft server technologies, and enterprise networking. The Senior Cloud Engineer will work closely with Cloud Operations, Information Technology, Security, Development, and Database teams to ensure Naviga's infrastructure meets operational, security, performance, availability, and business continuity requirements.  
The successful candidate will be a highly technical engineer capable of troubleshooting complex infrastructure issues across cloud, networking, operating system, database, and application layers.

**Key Responsibilities**

AWS Cloud Infrastructure  

* Design, deploy, administer, and support enterprise environments within Amazon Web Services (AWS).
* Manage AWS services including EC2, VPC, S3, RDS, EBS, ELB/ALB, Route 53, IAM, CloudWatch, CloudTrail, Systems Manager, AWS Backup, and Auto Scaling.
* Design highly available and fault-tolerant AWS architectures across multiple Availability Zones.
* Configure and maintain AWS VPCs, subnets, route tables, security groups, Network ACLs, NAT gateways, VPN connections, and related networking components.
* Implement cloud infrastructure following security, availability, scalability, and disaster-recovery best practices.
* Monitor AWS resource utilization, availability, performance, and cost.
* Participate in cloud migrations, infrastructure modernization, and application migration projects.
* Troubleshoot complex AWS infrastructure, connectivity, performance, and availability issues.
* Develop and maintain Infrastructure as Code and automation where appropriate.

Microsoft SQL Server  

* Install, configure, maintain, and troubleshoot Microsoft SQL Server environments.
* Support SQL Server running on AWS EC2 and other supported cloud architectures.
* Assist with SQL Server performance troubleshooting, capacity planning, and infrastructure optimization.
* Manage SQL Server connectivity, authentication, firewall, DNS, storage, and infrastructure dependencies.
* Support SQL Server high-availability and disaster-recovery technologies, including Always On Availability Groups, clustering, replication, backup, and recovery solutions.
* Troubleshoot database infrastructure issues in collaboration with application developers and database administrators.
* Assist with SQL Server upgrades, migrations, patching, and lifecycle management.
* Understand SQL Server storage, memory, CPU, I/O, and networking requirements in high-volume production environments.

Networking  

* Design, configure, maintain, and troubleshoot enterprise and cloud networking environments.
* Demonstrate advanced understanding of TCP/IP, DNS, DHCP, VLANs, routing and switching, subnetting, NAT, firewalls, VPNs, load balancing, network security, SSL/TLS, HTTP/HTTPS, and network troubleshooting.
* Troubleshoot connectivity between AWS environments, corporate networks, data centers, third-party providers, and customer environments.
* Support Site-to-Site VPN, AWS Transit Gateway, Direct Connect, and hybrid-cloud connectivity.
* Analyze network traffic and resolve latency, packet loss, routing, firewall, and application connectivity issues.
* Work with security teams to ensure network architecture follows corporate security standards.

Microsoft Infrastructure  

* Administer and troubleshoot Microsoft Windows Server environments.
* Support Microsoft technologies including Windows Server, Active Directory, Group Policy, DNS, Microsoft IIS, PowerShell, Certificate Services, and Microsoft 365 integration.
* Troubleshoot Windows Server performance, authentication, networking, storage, and application-hosting issues.
* Support IIS-hosted applications and troubleshoot HTTP/HTTPS, certificates, authentication, application pools, and web-server configuration.

Automation and Infrastructure as Code  

* Develop automation using PowerShell, Python, AWS CLI, or similar technologies.
* Experience with Infrastructure as Code platforms such as Terraform, AWS CloudFormation, or equivalent technologies.
* Automate provisioning, configuration, monitoring, maintenance, and operational processes.
* Identify opportunities to reduce manual administration through automation and standardized deployment practices.

Monitoring and Operational Support  

* Monitor infrastructure health, capacity, availability, and performance.
* Respond to production incidents and perform advanced root-cause analysis.
* Participate in incident response and problem-management processes.
* Develop monitoring, alerting, dashboards, and operational metrics.
* Participate in an on-call rotation supporting critical production infrastructure.
* Lead technical troubleshooting during major infrastructure or application incidents.
* Document root causes and implement corrective and preventative actions.

Security and Compliance  

* Implement infrastructure according to Naviga security standards and industry best practices.
* Apply the principle of least privilege when configuring AWS IAM, operating systems, applications, and network access.
* Support vulnerability remediation, operating-system patching, and security updates.
* Assist Security and Compliance teams with technical audits and evidence collection.
* Ensure cloud resources comply with organizational security and configuration standards.
* Participate in disaster-recovery and business-continuity planning and testing.

**Required Skills and Qualifications**  

* 7+ years of experience in systems engineering, cloud engineering, infrastructure engineering, or a related technical field.
* 4+ years of hands-on AWS administration and engineering experience.
* Advanced knowledge of AWS cloud architecture and services.
* Strong hands-on experience with Microsoft SQL Server infrastructure and administration.
* Advanced knowledge of enterprise networking and TCP/IP networking concepts.
* Strong experience with Microsoft Windows Server.
* Experience supporting Microsoft IIS.
* Strong knowledge of Active Directory, DNS, Group Policy, and authentication technologies.
* Experience troubleshooting complex distributed applications across networking, server, database, and cloud infrastructure layers.
* Experience with virtualization and enterprise storage technologies.
* Experience with cloud monitoring and infrastructure-monitoring platforms.
* Strong scripting and automation skills using PowerShell and/or Python.
* Experience implementing and supporting highly available production systems.
* Strong understanding of backup, recovery, disaster recovery, and business continuity.
* Experience working in environments with formal change-management and incident-management processes.
* Strong technical documentation skills.

**Preferred Qualifications**  

* AWS certifications such as AWS Certified Solutions Architect - Associate or Professional, AWS Certified SysOps Administrator, or AWS Certified Advanced Networking.
* Microsoft certifications related to Azure, Windows Server, SQL Server, or infrastructure technologies.
* Experience with Terraform or AWS CloudFormation.
* Experience with AWS multi-account architectures and AWS Organizations.
* Experience with hybrid cloud and multi-cloud environments.
* Experience supporting SaaS or enterprise software platforms.
* Experience supporting production systems operating across multiple geographic regions.
* Experience with enterprise monitoring and observability platforms.
* Knowledge of DevOps and CI/CD methodologies.
* Familiarity with security frameworks and compliance requirements.

**Technical Skills**  
Cloud: AWS, EC2, VPC, S3, RDS, IAM, Route 53, CloudWatch, CloudTrail, ELB/ALB, EBS, Systems Manager, AWS Backup, Transit Gateway  
Database: Microsoft SQL Server, SQL Server Always On, clustering, backup/recovery, performance troubleshooting  
Networking: TCP/IP, DNS, DHCP, VLANs, routing, subnetting, VPN, NAT, firewalls, load balancers, SSL/TLS, AWS networking  
Microsoft: Windows Server, Active Directory, Group Policy, IIS, PowerShell, Microsoft 365  
Automation: PowerShell, Python, AWS CLI, Terraform, CloudFormation  
Operations: Monitoring, incident response, root-cause analysis, change management, disaster recovery, capacity planning

Core Competencies  

* Advanced troubleshooting and problem-solving skills
* Strong ownership and accountability
* Ability to troubleshoot complex production environments under pressure
* Ability to work independently and lead technical initiatives
* Strong written and verbal communication skills
* Ability to collaborate across Infrastructure, Development, Security, Database, and Support teams
* Strong focus on operational excellence, reliability, security, and automation
* Ability to prioritize multiple critical initiatives in a fast-paced global environment

Role Expectations  
The Senior Cloud Engineer will serve as a senior technical resource within Naviga's Cloud Operations organization and is expected to take ownership of complex infrastructure issues from initial investigation through resolution.  
The position requires an individual who is equally comfortable designing new AWS environments, troubleshooting Microsoft SQL Server performance and connectivity, analyzing network traffic, administering Windows infrastructure, automating operational processes, and responding to critical production incidents.  
Success in this role will be measured by the reliability, security, performance, scalability, and operational efficiency of Naviga's cloud infrastructure and services.

**Disclaimers:**  
We will provide reasonable accommodations for qualified individuals with disabilities in accordance with the Americans with Disabilities Act (ADA). If you need accommodation to apply or in the hiring process, please contact hr@navigaglobal.com.  
  
Any conditional offer is subject to background check / pre-employment testing where permitted.  
  
This job description is only a summary of the typical functions of the job, not an exhaustive or comprehensive list of all possible job responsibilities, tasks, and duties. Responsibilities, tasks, and duties of the jobholder might differ from those outlined in the job description and other duties, as assigned, might be required.  
  
Employment is contingent upon proof of legal authorization to work in the United States. Our company uses E-Verify to confirm the employment eligibility of all newly hired employees. To learn more about E-Verify, including your rights and responsibilities, please visit www.dhs.gov/E-Verify  
  
Naviga Inc. is an Equal Opportunity Employer. We prohibit discrimination and harassment of any kind and make employment decisions based on merit.",2026-10-08,150000.0,180000.0,False,jobspy/indeed,21
Software Engineer Senior,USAA,"San Antonio, TX, USA",https://www.indeed.com/viewjob?jk=e38ff965cee0beaf,"**Location** San Antonio, Texas; Plano, Texas

**Job ID**

R0120522

**Date posted**

10/07/2026

**Why USAA?**

At USAA, our mission is to empower our members to achieve financial security through highly competitive products, exceptional service and trusted advice. We seek to be the #1 choice for the military community and their families.

Embrace a fulfilling career at USAA, where our core values – honesty, integrity, loyalty and service – define how we treat each other and our members. Be part of what truly makes us special and impactful.

We are proud to support active-duty military spouses. USAA roles may offer remote or hybrid flexibility for active-duty military spouses consistent with applicable policy and business needs.

**The Opportunity**

Provides support to the Enterprise by delivering reliable technology solutions for a business-critical P&C Auto policy administration platform. Engaged throughout the software systems and application development lifecycle, with an emphasis on Java and Spring Boot development, production troubleshooting, system stability, observability, resilience, refactoring, and performance optimization within a containerized OpenShift and Kubernetes environment.

  
  

We offer a flexible work environment that requires an individual to be **in the office 4 days per week.** This position can be based in one of the following locations: San Antonio, TX, Plano, TX. Relocation assistance is **not** available for this position.

  
  

**What you'll do:**

* Bachelor's degree; OR 4 years of relevant education and/or experience.
* Design, develop, code, test, and maintain complex Java applications and REST APIs supporting Auto policy administration, acquisition, servicing, and document processing.
* Investigate and resolve complex application, integration, and production issues by troubleshooting end-to-end solutions across Java, OpenShift, Kubernetes, and connected systems.
* Improve system reliability and resilience by identifying failure points, reducing operational risk, limiting incident blast radius, and addressing recurring production issues.
* Identify system performance issues and technical debt, then refactor and optimize existing solutions to improve stability, scalability, and supportability.
* Develop and enhance application observability through logging, monitoring, custom dashboards, metrics, and alerting using tools such as Kibana and Datadog.
* Lead code and design reviews, communicate technical updates to stakeholders, and support accurate planning and reliable daily operations.
* Mentor engineers on application development, production support, troubleshooting, secure coding, and system maintenance practices.
* Identify opportunities to improve engineering and operational processes through automation, DevOps, Site Reliability Engineering, and AI-assisted capabilities.
* Ensures risks associated with business activities are effectively identified, measured, monitored, and controlled in accordance with risk and compliance policies and procedures.

**What you have:**

* Bachelor's degree; OR 4 years of relevant education and/or experience.
* 6 years of software development experience demonstrating technical depth in Java, Spring Boot, REST APIs, or similar enterprise application technologies.
* 4 years of experience delivering technology solutions across all phases of the software systems and application development lifecycle, including leading code or design reviews.
* Experience developing and supporting containerized services using Docker, Kubernetes, and OpenShift.
* Demonstrated experience troubleshooting complex production applications, performing root-cause analysis, and resolving issues across integrated systems.
* Experience refactoring and optimizing existing applications to improve performance, resilience, security, and operational stability.
* Experience with event-driven architecture or messaging technologies such as Kafka.
* Experience improving application observability through logging, monitoring, dashboards, and alerting using Kibana, Datadog, or similar tools.
* Strong knowledge of secure coding practices and the ability to communicate technical challenges, risks, and solutions to technical and nontechnical stakeholders.

**What sets you apart:**

* Experience supporting applications that integrate with mainframe or other legacy technologies.

* Experience applying DevOps or Site Reliability Engineering practices to business-critical production applications.

* Experience with AWS technologies and services.

* Experience using automation or AI-assisted tools to improve engineering and production support processes.
  

  

**Compensation range:** The salary range for this position is: $114,080.00 - $218,030.00**.**

  
  

**USAA does not provide visa sponsorship for this role. Please do not apply for this role if at any time (now or in the future) you will need immigration support (i.e., H-1B, TN, STEM OPT Training Plans, etc.).**

**Compensation:** USAA has an effective process for assessing market data and establishing ranges to ensure we remain competitive. You are paid within the salary range based on your experience and market data of the position. The actual salary for this role may vary by location.

Employees may be eligible for pay incentives based on overall corporate and individual performance and at the discretion of the USAA Board of Directors.

The above description reflects the details considered necessary to describe the principal functions of the job and should not be construed as a detailed description of all the work requirements that may be performed in the job.

**Benefits:** At USAA our employees enjoy best-in-class benefits to support their physical, financial, and emotional wellness. These benefits include comprehensive medical, dental and vision plans, 401(k), pension, life insurance, parental benefits, adoption assistance, paid time off program with paid holidays plus 16 paid volunteer hours, and various wellness programs. Additionally, our career path planning and continuing education assists employees with their professional goals.

For more details on our outstanding benefits, visit our benefits page on USAAjobs.com.

*Applications for this position are accepted on an ongoing basis, this posting will remain open until the position is filled. Thus, interested candidates are encouraged to apply the same day they view this posting.*

*USAA is an Equal Opportunity Employer. All qualified applicants will receive consideration for employment without regard to race, color, religion, sex, sexual orientation, gender identity, national origin, disability, or status as a protected veteran.*",2026-10-08,114080.0,218030.0,False,jobspy/indeed,18
Application Development Engineer II,Envolve,"NC, USA",https://www.indeed.com/viewjob?jk=0201bcf39593cb14,"**Position Purpose:** Designs, develops and implements enterprise software solutions. Collaborates closely with technical and non-technical roles such as data modelers, architects, business analysts, data stewards, and subject matter experts (SMEs).

* Strong application development and data engineering experience, with a demonstrated understanding of provider data and provider directory processes, particularly within government health insurance programs such as Medicare, Medicaid, and Marketplace
* Monitor and support critical production processes, including provider directory feeds, credentialing feeds, provider data quality processes, Medicaid provider registration, and other downstream provider data transmissions.
* Develops efficient code in various development languages for enhancements and bug fixes
* Designs, and develops software solutions and process flows complying with standards, guidelines, and best practices
* Identify and implement process improvements focused on performance, scalability, automation, data quality, and repeatability.
* Troubleshoot production issues, identify root causes, and implement sustainable solutions to improve process reliability and reduce operational risk.
* Creates, executes, and evaluates unit/integration tests
* Identifies, assess, and formulates architectural impacts and solutions from business requirements
* Analyzes user needs and software requirements to determine feasibility of design within time and cost constraints, including the ability to estimate work needed
* Creates conceptual and detailed technical design documents
* Provides implementation expertise contributing to rollback, post install, data migration, and other artifacts as required including creation of support plans
* Adheres to security management practices and promotes established security standards
* Performs other duties as assigned
* Complies with all policies and standards

**Education/Experience:** A Bachelor's degree in a quantitative or business field (e.g., statistics, mathematics, engineering, computer science) and requires 2 – 4 years of related experience.  
  
Or equivalent experience acquired through accomplishments of applicable knowledge, duties, scope and skill reflective of the level of this position.  
  
**Desired Technical Skills:**

  

* Strong knowledge of SQL, ETL/SSIS, Power BI, SSRS
* Intermediate knowledge of Snowflake
* Experience with Application Development; Software Development
* Knowledge of Programming Concepts; Software Design

Pay Range: $75,300.00 - $135,400.00 per year

**At Centene, we connect people to the care they need to live healthier lives — and the work you do here makes that impact real every day.** You’ll take on meaningful challenges that directly support individuals, families, and communities, building your skills while making healthcare more accessible and effective. It’s work with a purpose you can see, backed by a team committed to improving lives well beyond the workday.

Centene offers a comprehensive benefits package including: competitive pay, health insurance, 401K and stock purchase plans, tuition reimbursement, paid time off plus holidays, and a flexible approach to work with remote, hybrid, field or office work schedules. Actual pay will be adjusted based on an individual's skills, experience, education, and other job-related factors permitted by law, including full-time or part-time status. Total compensation may also include additional forms of incentives. Benefits may be subject to program eligibility.

Centene is an equal opportunity employer that is committed to diversity, and values the ways in which we are different. All qualified applicants will receive consideration for employment without regard to race, color, religion, sex, sexual orientation, gender identity, national origin, disability, veteran status, or other characteristic protected by applicable law.

Qualified applicants with arrest or conviction records will be considered in accordance with the LA County Ordinance and the California Fair Chance Act",2026-10-08,75300.0,135400.0,True,jobspy/indeed,18
Engineer Technologist Specialist,Jacobs,"Portland, OR, USA",https://www.indeed.com/viewjob?jk=61f580798c38f326,"Location

Portland, Oregon, United States

Capabilities

Electrical

Office Setup

Hybrid

Job ID

#46492

  

Industry

Advanced Manufacturing

At Jacobs, we're challenging today to reinvent tomorrow by solving the world's most critical problems for thriving cities, resilient environments, mission-critical outcomes, operational advancement, scientific discovery and cutting-edge manufacturing, turning abstract ideas into realities that transform the world for good.

Your impact

*Our People & Places Solutions business – reinforces our drive to improve the lives of people everywhere and epitomizes the ""why"" of what we do – the tremendous positive impact and value our solutions bring to our communities and**society as a whole. From facilities delivering life-saving therapies and ensuring clean water to enabling the connection of people through all modes of transportation and providing access to technology – we're integrating a multitude of these solution elements to build the smart environments of tomorrow.*

  
  

At Jacobs, we don’t settle. We’re always looking beyond to raise the bar and deliver with excellence. We apply our expertise and knowledge as we look into the future with great optimism and focus. Start your Jacobs career that inspires and empowers you to deliver your best work so you can evolve, grow and succeed – today and into tomorrow.

  
  

We're looking for an **Electrical Digital Delivery Technologist** in Portland Oregon who is excited about working on projects that enable the heart of our clients’ business. Join us and you’ll have the chance to work on projects including semiconductor manufacturing facilities, and other state of the art manufacturing and research facilities. Come be a part of a vibrant, dynamic team that delivers world class designs for well-known clients around the world. You’ll thrive as you perform design of telecommunications systems for our client’s advanced facilities.

We are seeking a Developer with strong SQL Server expertise to help build and support software solutions that improve the efficiency of engineering and design teams working on large-scale semiconductor facility projects. The ideal candidate enjoys solving business process challenges through automation, data integration, reporting, and application development. This role focuses on enabling engineering productivity and design execution through technology.

The ideal candidate has a passion for building reliable, high-performance applications and possesses deep knowledge of SQL Server database design, optimization, and troubleshooting.

  
  

Bring your curiosity, talent for collaboration, and organizational skills and we’ll help you grow, pursue and fulfill what drives you – so we can make big impacts on the world, together.

  
  

Here's what you'll need

  

Responsibilities

* Design, develop, and maintain backend services and APIs.
* Create and optimize SQL Server databases, stored procedures, views, and functions.
* Analyze and improve query performance through indexing and optimization techniques.
* Collaborate with front-end developers, business analysts, and stakeholders to implement new features.
* Develop and maintain data integration and ETL processes.
* Troubleshoot production issues and identify root causes.
* Ensure data security, consistency, and integrity across systems.
* Participate in code reviews and contribute to development standards and best practices.
* Create technical documentation for applications and database systems.
* Monitor application and database performance and implement improvements.

Additional Responsibilities

* Design and implement solutions that automate repetitive engineering and design workflows.
* Develop tools, integrations, and data services that improve engineering team productivity and reduce manual effort.
* Build and maintain databases and APIs that support engineering design data and project information.
* Develop Power BI dashboards and reporting solutions that provide insight into project status, design progress, resource utilization, and operational efficiency.
* Collaborate with engineering, project management, and business stakeholders to identify opportunities for process improvement and automation.
* Support and enhance existing Microsoft Access applications while helping modernize systems and workflows.

Required Qualifications

* 3+ years of backend development experience.
* Strong experience with Microsoft SQL Server.
* Proficiency in writing complex SQL queries, stored procedures, triggers, and functions.
* Experience designing relational database schemas.
* Strong understanding of database indexing, performance tuning, and query optimization.
* Experience with source control systems such as Git.
* Solid problem-solving and debugging skills.
* Excellent communication and teamwork abilities.

Preferred Qualifications

* Experience with C# and .NET.
* Experience with Entity Framework or other ORM technologies.
* Experience with Azure SQL Database, Azure Functions, or cloud platforms.
* Experience with data migration and integration projects.
* Experience working in Agile development environments.
* Experience with Microsoft Access application development and maintenance.
* Experience migrating Microsoft Access databases to SQL Server.
* Familiarity with Access forms, reports, VBA, and linked SQL Server tables.
* Experience developing and optimizing Power BI reports and dashboards.
* Experience integrating SQL Server data sources with Power BI.
* Knowledge of Power BI data models, Power Query, and report performance tuning.
* Experience with design in Revit or developing with the Revit API.
* Experience supporting engineering design organizations through workflow automation, data management, reporting, or productivity-enhancing software solutions is highly desirable.
* Knowledge of semiconductor facility design, engineering, construction, or project execution processes is a plus, but not required.

Technical Skills

* **Backend Technologies**
  + C#
  + .NET / ASP.NET Core
  + REST APIs (preferred)
  + Microservices Architecture (preferred)
* **Database Technologies**
  + Microsoft SQL Server
  + T-SQL
  + SQL Server Integration Services (SSIS) (preferred)
* **Tools & Platforms**
  + Git
  + Visual Studio
  + SQL Server Management Studio
  + Redgate Tools (preferred)
  + Microsoft Azure (preferred)
  + Revit (preferred)
* **Business Intelligence & Reporting**
  + Power BI
  + Power Query
  + Data Modeling and Dashboard Development
* **Legacy & Integration Technologies**
  + Microsoft Access
  + VBA
  + Access Forms and Reports
  + Access-to-SQL Server Integration
  + Data Migration and ETL Processes

#afelectronics #LI-BC1

Posted Salary Range: Minimum

135,800.00

Posted Salary Range: Upper

237,600.00

Our health and welfare benefits are designed to invest in you, and in the things you care about. Your health. Your well-being. Your security. Your future. Employees have access to medical, dental, vision, and basic life insurance, a 401(k) plan, and the ability to purchase company stock at a discount. Eligible employees may also enroll in a deferred compensation plan or the Executive Deferral Plan. Jacobs has an unlimited U.S. Personalized Paid Time Off (PPTO) policy for full-time salaried/exempt employees, seven paid holidays, and caregiver leave. And certain roles may be eligible for additional rewards, including merit increases, performance discretionary bonus, and stock.

The base salary range for this position is $135,800.00 to $237,600.00. Within the range, individual pay is determined by work location and additional factors, including job-related skills, experience, and relevant education or training.

All qualified applicants will receive consideration for employment without regard to race, color, religion, sex, sexual orientation, gender identity, national origin, disability or protected veteran status. Job posted on October 07, 2026. This position will be open for at least 3 days.

We value collaboration and believe that in-person interactions are crucial for both our culture and client delivery. We empower employees with our hybrid working policy, allowing them to split their work week between Jacobs offices/projects and remote locations enabling them to deliver their best work.

Your application experience is important to us, and we’re keen to adapt to make every interaction even better. If you require further support or reasonable adjustments with regards to the recruitment process (for example, you require the application form in a different format), please contact the team via Careers Support.",2026-10-08,135800.0,237600.0,False,jobspy/indeed,16
"Principal, Software Engineer - Segment QE Architect",Humana,"New York, NY, USA",https://www.indeed.com/viewjob?jk=8c5e41958aa20ac0,"**Become a part of our caring community**
=========================================

Humana is committed to helping people achieve their best health by delivering innovative technology solutions that power exceptional member and provider experiences.
  
  
The Principal, Segment QE Architect is a senior technical leader responsible for defining, designing, and scaling enterprise-wide test automation strategies, frameworks, platforms, and AI-enabled quality engineering capabilities. This role serves as the enterprise automation authority across Humana's business segments, partnering closely with Engineering, Architecture, DevOps, Product, and Quality Engineering teams to accelerate software delivery through modern automation and intelligent quality practices.
  
  
The Principal Automation Segment Architect will lead the adoption of automation-first testing approaches, establish enterprise standards and frameworks, drive AI-enabled testing innovations, and provide technical leadership for quality engineering transformation initiatives. This individual will be responsible for designing scalable automation solutions leveraging technologies such as Selenium, Playwright, REST Assured , Tricentis Tosca, Azure DevOps (ADO), qTest, API automation frameworks, CI/CD pipelines, and AI-powered testing agents, while enabling delivery teams to achieve greater speed, reliability, and quality.
  
  
This role functions as a strategic technical advisor and enterprise architect, ensuring consistent automation practices, reusable assets, governance standards, and quality engineering excellence across Humana's technology landscape.

**Key Responsibilities**

**Enterprise Automation Strategy & Architecture**

* Define and execute Humana's enterprise automation architecture strategy and roadmap.
* Establish reusable enterprise automation frameworks supporting web, mobile, API, integration, and end-to-end testing.
* Create standards, reference architectures, patterns, and best practices for quality engineering and automation across all business segments.
* Evaluate emerging automation technologies and AI-driven testing solutions to continuously improve engineering effectiveness.
* Serve as the enterprise automation subject matter expert for modern quality engineering practices.

**Automation Framework Engineering & Platform Enablement**

* Design, develop, and maintain scalable automation frameworks using technologies including Selenium, Playwright, Tricentis Tosca, REST Assured, Cypress, Appium, and related tools.
* Establish automation architecture patterns that support enterprise-scale testing across cloud-native, microservices, API-first, and distributed systems.
* Create reusable automation accelerators, libraries, components, templates, and testing utilities.
* Lead integration of automation frameworks into CI/CD pipelines using Azure DevOps and other enterprise delivery platforms.
* Drive continuous improvement of automation reliability, maintainability, performance, and execution efficiency.
* Support centralized automation platform capabilities that enable multiple delivery teams across the enterprise.
* Establish enterprise integration patterns across test management and delivery tools including Azure DevOps, qTest, Tosca, Jira, and CI/CD platforms.
* Enable end-to-end traceability between business requirements, user stories, test cases, automation assets, defects, releases, and production outcomes.
* Mentor quality engineers, SDETs, automation engineers, and technical leaders on enterprise automation practices.
* Create reusable playbooks, standards, training materials, and onboarding programs

**AI-Powered Quality Engineering & Intelligent Testing**

* Define and implement AI-enabled testing strategies, tools, and practices across the organization.
* Lead development and adoption of AI-based testing agents capable of test generation, self-healing automation, defect prediction, risk-based testing, and intelligent test execution.
* Evaluate emerging Generative AI technologies and intelligent automation platforms for quality engineering use cases.
* Establish frameworks for AI-assisted test design, automated script generation, and test maintenance optimization.
* Partner with engineering teams to integrate AI capabilities into quality engineering workflows and delivery pipelines.
* Drive innovation through intelligent automation and predictive quality analytics.

**Enterprise Consulting & Architecture Leadership**

* Provide architecture guidance and technical leadership to Quality Engineering and engineering teams across Humana business segments.
* Collaborate with solution architects, engineers, platform teams, and product delivery organizations to define automation strategies aligned with business goals.
* Conduct automation architecture reviews and provide recommendations for modernization and optimization.
* Support large-scale enterprise transformation initiatives involving automation, DevOps, cloud migration, and digital modernization.
* Partner with leadership teams to establish enterprise automation governance and standards.

**DevOps, CI/CD & Engineering Excellence**

* Drive automation integration within modern CI/CD pipelines and DevOps operating models.
* Implement quality gates, automated validations, and shift-left testing strategies throughout the software development lifecycle.
* Establish automation execution strategies supporting continuous testing and continuous delivery.
* Partner with DevOps and Platform Engineering teams to optimize automation environments and execution infrastructure.
* Promote engineering excellence through automation-first delivery practices.

**Use your skills to make an impact**
=====================================

**Required Qualifications**

* Bachelor's degree in Computer Science, Engineering, Information Technology, or related field.
* 10+ years of software quality engineering, automation engineering, SDET, or software engineering experience.
* 8+ years of hands-on experience designing and implementing enterprise automation frameworks.
* Deep expertise with automation technologies including:
* Selenium, Playwright, Tricentis Tosca, Cypress, Appium, API Automation frameworks
* Extensive experience with Azure DevOps (ADO), qTest, CI/CD pipelines, and DevOps practices.
* Strong programming skills in languages such as Java, C#, TypeScript, JavaScript, Python, or similar.
* Experience implementing automation solutions for web, API, microservices, cloud-native, and distributed applications.
* Strong understanding of Agile, DevOps, Continuous Integration, Continuous Testing, and Continuous Delivery practices.
* Excellent communication, leadership, consulting, and stakeholder management skills.

**Preferred Qualifications**

* Experience in healthcare, insurance, financial services, or other highly regulated industries.
* Experience implementing AI-driven testing tools and intelligent automation platforms.
* Experience building AI-based testing agents and autonomous quality engineering solutions.
* Knowledge of Generative AI, Large Language Models (LLMs), prompt engineering, and AI-assisted software testing.
* Experience with cloud platforms such as Azure, AWS, or GCP.
* Experience leading enterprise-wide quality engineering transformation initiatives.

**Success Measures**

* Increased enterprise adoption of standardized automation frameworks and automation platforms.
* Improved automation coverage, execution reliability, and maintenance efficiency across delivery teams.
* Measurable reduction in manual testing effort through intelligent automation and AI-enabled testing capabilities.
* Improved software quality through earlier defect detection and enhanced test effectiveness.
* Successful implementation of AI-powered testing agents and intelligent quality engineering capabilities.
* Enhanced visibility of quality metrics through actionable dashboards and enterprise reporting.
* Improved stakeholder satisfaction and business outcomes through scalable quality engineering solutions.

Work at Home Requirements: To ensure Home or Hybrid Home/Office employees’ ability to work effectively, the self-provided internet service of Home or Hybrid Home/Office employees must meet the following criteria: At minimum, a download speed of 25 Mbps and an upload speed of 10 Mbps is required; wireless, wired cable or DSL connection is suggested. In certain roles, the minimum recommended internet speed required by Humana may not be sufficient for business needs. Humana reserves the right to require associates to upgrade their internet service if necessary. Work from a dedicated space lacking ongoing interruptions to protect member PHI / HIPAA information.  
Travel: While this is a remote position, occasional travel to Humana's offices for training or meetings may be required.

**Scheduled Weekly Hours**

40

**Pay Range**

The compensation range below reflects a good faith estimate of starting base pay for full time (40 hours per week) employment at the time of posting. The pay range may be higher or lower based on geographic location and individual pay will vary based on demonstrated job related skills, knowledge, experience, education, certifications, etc.  
$156,600 - $215,400 per year  
This job is eligible for a bonus incentive plan. This incentive opportunity is based upon company and/or individual performance.

**Description of Benefits**

Humana, Inc. and its affiliated subsidiaries (collectively, “Humana”) offers competitive benefits that support whole-person well-being. Associate benefits are designed to encourage personal wellness and smart healthcare decisions for you and your family while also knowing your life extends outside of work. Among our benefits, Humana provides medical, dental and vision benefits, 401(k) retirement savings plan, time off (including paid time off, company and personal holidays, paid parental and caregiver leave), short-term and long-term disability, life insurance and many other opportunities.

**About us**
============

About Humana: Humana Inc. (NYSE: HUM) is a leading U.S. healthcare company. Through our Humana insurance services and our CenterWell healthcare services, we make it easier for the millions of people we serve to achieve their best health – delivering the care and service they need, when they need it. These efforts are leading to a better quality of life for people with Medicare and Medicaid, families, individuals, military service personnel, and communities at large. Learn more about what we offer at Humana.com and at CenterWell.com.

**Equal Opportunity Employer**

It is the policy of Humana not to discriminate against any employee or applicant for employment because of race, color, religion, sex, sexual orientation, gender identity, national origin, age, marital status, genetic information, disability or protected veteran status. It is also the policy of Humana to take affirmative action, in compliance with Section 503 of the Rehabilitation Act and VEVRAA, to employ and to advance in employment individuals with disability or protected veteran status, and to base all employment decisions only on valid job requirements. This policy shall apply to all employment actions, including but not limited to recruitment, hiring, upgrading, promotion, transfer, demotion, layoff, recall, termination, rates of pay or other forms of compensation and selection for training, including apprenticeship, at all levels of employment.",2026-10-08,156600.0,215400.0,True,jobspy/indeed,13
Senior Mobile Developer,Micro Ai,"Remote, USA",https://www.indeed.com/viewjob?jk=6a35f570e2da8470,"Job Description

**Role Title:** Senior Mobile Software Engineer

**Role Type:** Contractor (~15 hrs a week)

**Location:** Remote

In this role, you'll apply your expertise to help train next-generation AI systems. Your work will shape how models learn, reason, and perform through high-quality, real-world input.

As an expert, you will create Reinforcement Learning Environments that test an AI model’s ability to solve complex mobile software engineering problems related to fixing code, creating features, refactoring code, and optimizing performance. You will be tasked with creating a reproducible environment and a golden reference solution for each problem.

**Scope of Work**

* Create realistic, interesting, and extremely challenging mobile coding tasks for frontier AI models using your preferred repositories.
* Design problems that require strong mobile engineering skills, such as tracking down subtle bugs, building non-trivial features, handling application state and lifecycle, or improving performance.
* Develop tasks relevant to your expertise: cross-platform applications using TypeScript, JavaScript, or Dart; iOS applications using Swift; or Android applications using Kotlin.
* For each task, define the problem, build a reproducible environment, and write deterministic verifiers that accept correct solutions across different valid implementations while rejecting incorrect, incomplete, or hard-coded approaches.
* Provide a reference solution showing how the task can be solved.

**Preferred Qualifications**

* Significant hands-on expertise in at least one of the following mobile development tracks:
* **Cross-platform:** TypeScript or JavaScript with React Native, or Dart with Flutter.
* **iOS:** Swift with SwiftUI or UIKit.
* **Android:** Kotlin with Jetpack Compose or the Android View system.
* Deep understanding of mobile application architecture, state management, asynchronous programming, and application lifecycle.
* Proven ability to debug complex mobile applications, resolve bugs, and deliver effective performance improvements.

**Compensation Structure**

Compensation is output-based; experts are paid per task that meets the project specifications. The time required to complete work may vary depending on the expert’s experience and workflow. Minimum weekly submission requirements apply and will be communicated during onboarding.

**Start Timeline & Availability**

* We typically fill roles within **48 hours** and are looking for experts ready to jump in right away. If selected, we expect you to start your first tasks within **24–48 hours** of completing onboarding.

APPLY USING THIS LINK- https://jobs.micro1.ai/post/31dc936e-0f29-441f-baf9-91c2ff9cc7d4?referralCode=982926cc-344c-431e-9cf5-b9ec989b3e8f&utm\_source=referral&utm\_medium=share&utm\_campaign=job\_referral

Pay: $105,000.00 - $128,000.00 per year

Benefits:

* Employee assistance program

Work Location: Remote",2026-10-08,105000.0,128000.0,True,jobspy/indeed,13
Software Engineer Sr,Insight,"Chandler, AZ, USA",https://www.indeed.com/viewjob?jk=d7bebfb424f07ebf,"**Requisition Number: 106628**

**Software Engineer Sr**

**Location:**

You will work fully remotely.

**Insight** **at a Glance**

* 14,000+ engaged teammates globally
* $8.2 billion in revenue in 2025
* Certified as a Great Place to work in 9 Countries in 2025
* Fortune 500 Company (No. 447) in 2025
* Received 25+ industry and partner awards in the past year
* $1.4M+ total charitable contributions in 2024 by Insight globally

Now is the time to bring your expertise to Insight. We are not just a tech company; we are a people-first company. We believe that by unlocking the power of people and technology, we can accelerate transformation and achieve extraordinary results. As a **Fortune 500 Solutions Integrator** with deep expertise in cloud, data, AI, cybersecurity, and intelligent edge, we guide organizations through complex digital decisions.

**About the role**

We are seeking a highly skilled and experienced Sr. Software Engineer to join Insight's Application Development department. This is a department role rather than a position on a single customer project: the engineer will move across concurrent and successive engagements and is expected to act in the best interest of Insight's stakeholders and customers on each of them. This role is ideal for a senior full-stack engineer with deep Java and Spring Boot experience on the backend and production experience building modern web frontends, who takes ownership of outcomes, identifies and fixes problems without waiting for a task to be assigned, helps lead the engineering team on the engagements they join, and uses AI coding tools as a standard part of daily engineering practice. The successful candidate will work closely with Application Development leadership, engagement architects and technical leads, and customer stakeholders to ensure project success from initial definition through final delivery. Along the way, you will get to:

* Design and implement full-stack features across Java and Spring Boot services and React or Angular frontends on Google Cloud, from technical design through production release, on the engagements they are assigned to
* Own features, services, and integration areas end to end across the frontend and backend, including estimates, technical design documents, implementation, testing, and deployment
* Identify problems in code, architecture, process, or delivery and fix them or drive them to resolution without waiting for assignment
* Act in the best interest of Insight's stakeholders and customers when scope, quality, and timeline compete, and raise conflicts to the technical lead and Application Development leadership early
* Help lead the engineering team: run design discussions and technical standups when needed, unblock other engineers, review code from L3 engineers, and onboard new team members
* Follow and help improve the department's agent-driven delivery procedures, and remain accountable for the correctness of all code delivered, whether written by hand or generated
* Participate in customer working sessions, present technical options, and document decisions
* Meet the quality, security, and documentation requirements defined in each engagement's SOW

**Be AmbITious:** This opportunity is not just about what you do today but also about where you can go tomorrow. When you bring your hunger, heart, and harmony to Insight, your potential will be met with continuous opportunities to upskill, earn promotions, and elevate your career.

**What we’re looking for**

Required Credentials

* 8+ years of professional software engineering experience with Java and Spring Boot
* Production delivery of full-stack web applications, frontend and backend
* Production delivery experience on Google Cloud Platform
* Bachelor's degree in Computer Science or equivalent practical experience

Required Qualifications

* Java 17 or later and Spring Boot 3.x microservice development
* REST API design and integration with external systems
* Frontend development with React or Angular and TypeScript
* Building responsive, accessible user interfaces from design mockups
* Relational databases (PostgreSQL), including schema design and versioned migrations
* Event-driven and asynchronous messaging patterns
* API security with OAuth 2.0 / OIDC
* Automated unit and integration testing and CI/CD pipelines
* Containerized deployment on GCP services such as Cloud Run and/or GKE
* Daily use of AI coding assistants and agentic development tools for design, implementation, testing, and review, with the judgment to verify and correct generated output
* Ownership of outcomes: identifying problems in code, design, or delivery and driving them to resolution on their own initiative
* Technical leadership: leading design discussions, reviewing code, mentoring engineers, and stepping into the technical lead role on an engagement when needed
* Clear written and verbal communication with Insight and customer stakeholders

Useful Qualifications

* Google Cloud Professional certifications
* Workflow or business rules engines (Camunda, Flowable)
* Agent frameworks such as Google ADK
* Experience in government or regulated environments
* Prior consulting or professional services delivery experience

The base salary range for this position is typically $130,000 to $150,000 with additional bonus and benefits available. However, compensation decisions are dependent on the facts and circumstances of each case, including experience and location, and we will also consider candidates outside of this range as necessary.

**What you can expect**  
We’re legendary for taking care of you, your family and to help you engage with your local community.

But what really sets us apart are our core values of Hunger, Heart, and Harmony, which guide everything we do, from building relationships with teammates, partners, and clients to making a positive impact in our communities.

**Join us today, your ambITious journey starts here.**

*Insight is an equal opportunity employer, and all qualified applicants will receive consideration for employment without regard to race, color, religion, sex, national origin, disability status, protected veteran status, sexual orientation or any other characteristic protected by law.*

*When you apply, please tell us the pronouns you use and any reasonable adjustments you may need during the interview process.*  
  
*At Insight, we celebrate diversity of skills and experience so even if you don’t feel like your skills are a perfect match - we still want to hear from you!*

***Insight does not accept unsolicited resumes from recruiters or employment agencies. Unsolicited resumes will be treated as direct applications from the candidate, and recruiters or agencies who submit candidates for this position without a prior, written vendor agreement will not be eligible for any form of compensation, even if the candidate is hired.***

Insight is an equal opportunity employer, and all qualified applicants will receive consideration for employment without regard to race, color, religion, sex, national origin, disability status, protected veteran status, sexual orientation or any other characteristic protected by law.

***Insight does not accept unsolicited resumes from recruiters or employment agencies. Unsolicited resumes will be treated as direct applications from the candidate, and recruiters or agencies who submit candidates for this position without a prior, written vendor agreement will not be eligible for any form of compensation, even if the candidate is hired.***

Posting Notes: Chandler || Arizona (US-AZ) || United States (US) || Engineering || None || US - Chandler,AZ ||",2026-10-08,130000.0,150000.0,True,jobspy/indeed,13
Cloud Engineer,Goosehead Insurance,"Westlake, OH, USA",https://www.indeed.com/viewjob?jk=337e6676cab2cb6d,"**Position Summary**
--------------------

The Cloud Engineer is responsible for deploying, maintaining, securing, troubleshooting, and improving Microsoft Azure infrastructure and related hybrid services.

This is a hands-on, mid-level engineering role requiring production experience with Azure infrastructure, networking, identity, monitoring, automation, and Infrastructure as Code. The engineer will independently manage assigned services and projects while operating under the architectural direction of the Infrastructure Manager.

This position is based in the Westlake office and requires on-site attendance five days per week. It is not a hybrid or remote position.

**Primary Responsibilities**
----------------------------

* Design, deploy, configure, maintain, and troubleshoot Microsoft Azure infrastructure in accordance with established architecture and security standards.
* Manage Azure virtual machines, managed disks, storage accounts, virtual networks, subnets, network security groups, route tables, private endpoints, load balancers, application gateways, and related infrastructure services.
* Support Microsoft Entra ID, Azure role-based access control, managed identities, service principals, enterprise applications, Privileged Identity Management, and access-governance processes.
* Implement and maintain Infrastructure as Code using Terraform, Bicep, or ARM templates.
* Develop and maintain PowerShell automation for provisioning, reporting, compliance validation, operational support, and remediation.
* Support Azure DevOps or GitHub-based deployment workflows, including source control, pull requests, code reviews, testing, and release approvals.
* Configure and maintain Azure Monitor, Log Analytics, Application Insights, dashboards, alerts, and diagnostic settings.
* Investigate and resolve infrastructure alerts, service degradation, authentication failures, network connectivity problems, application dependencies, and cloud resource issues.
* Support hybrid connectivity between Azure, corporate locations, on-premises environments, and authorized third-party services.
* Assist with Azure Firewall, VPN gateways, ExpressRoute, private DNS, network routing, and secure application connectivity.
* Administer backup, recovery, patching, vulnerability remediation, disaster recovery, and business continuity processes for Azure-hosted workloads.
* Review Azure Advisor, Microsoft Defender for Cloud, cost-management, and security recommendations and coordinate appropriate remediation.
* Apply Azure Policy, naming standards, tagging requirements, resource locks, least-privilege access, and other governance controls.
* Identify unused, oversized, underperforming, or improperly configured resources and recommend cost, reliability, and performance improvements.
* Participate in cloud migrations, infrastructure modernization projects, proof-of-concept deployments, and production implementations.
* Produce and maintain cloud architecture diagrams, build documentation, operational runbooks, inventories, support procedures, and recovery documentation.
* Prepare and execute infrastructure changes through established change-management and approval processes.
* Provide technical guidance and escalation support to systems administrators, service desk personnel, and other technology teams.
* Partner with Cybersecurity to remediate cloud security findings and improve the organization’s Azure security posture.
* Participate in an after-hours support and on-call rotation.
* Perform other cloud and infrastructure responsibilities as assigned.

**Minimum Qualifications**
--------------------------

* Three to five years of experience in cloud engineering, systems engineering, infrastructure operations, DevOps, or a related technical position.
* At least two years of hands-on experience supporting Microsoft Azure in a production environment.
* Demonstrated experience administering Azure virtual machines, networking, storage, monitoring, identity, and access controls.
* Experience creating and maintaining PowerShell scripts for infrastructure administration and automation.
* Experience with Terraform, Bicep, ARM templates, or another Infrastructure as Code platform.
* Working knowledge of Microsoft Entra ID, Azure RBAC, managed identities, service principals, and least-privilege access.
* Strong understanding of TCP/IP, DNS, routing, subnetting, firewalls, VPNs, load balancing, and network security concepts.
* Experience administering Windows Server or Linux operating systems.
* Experience troubleshooting cloud infrastructure, application connectivity, authentication, performance, and availability issues.
* Experience with monitoring, logging, alerting, backup, recovery, patching, and vulnerability-remediation processes.
* Ability to independently manage assigned work and communicate risks, blockers, and technical recommendations.
* Strong written and verbal communication skills.
* Ability to create clear technical documentation and operational procedures.
* Ability to participate in scheduled maintenance and an after-hours on-call rotation.
* Ability to work on-site at the Westlake office five days per week.

**Preferred Qualifications**
----------------------------

* Microsoft Certified: Azure Administrator Associate, AZ-104.
* Microsoft Certified: Azure Network Engineer Associate, AZ-700.
* Microsoft Certified: DevOps Engineer Expert, AZ-400.
* HashiCorp Certified: Terraform Associate.
* Experience with Azure Firewall, Application Gateway, Private Link, ExpressRoute, VPN Gateway, Azure DNS, or private DNS zones.
* Experience with Azure Policy, Management Groups, Landing Zones, Defender for Cloud, Microsoft Sentinel, or Azure governance.
* Experience with Azure DevOps, GitHub Actions, Git, or another CI/CD platform.
* Experience with Microsoft 365, Intune, Conditional Access, Privileged Identity Management, or enterprise application integrations.
* Experience supporting Azure Kubernetes Service, Azure App Service, Azure Functions, SQL services, or other Azure platform services.
* Experience with disaster recovery, high availability, backup testing, and infrastructure resiliency.
* Experience managing Azure costs, reservations, resource tagging, budgets, and optimization recommendations.
* Bachelor’s degree in information technology, computer science, cybersecurity, cloud computing, or a related discipline. Equivalent professional experience and certifications may be considered.

**Required Competencies**
-------------------------

* Strong Azure infrastructure and troubleshooting skills.
* Ability to take ownership of technical issues through resolution.
* Sound judgment when making changes in production environments.
* Security-focused approach to cloud administration.
* Ability to translate technical requirements into reliable infrastructure solutions.
* Strong analytical and problem-solving skills.
* Effective collaboration with infrastructure, cybersecurity, network, and application teams.
* Clear communication with both technical and nontechnical stakeholders.
* Attention to detail in scripting, deployment, documentation, and change management.
* Willingness to accept architectural direction while independently completing assigned work.
* Commitment to continuous technical and professional development.",2026-10-08,,,False,jobspy/indeed,13
"Senior Software Engineer - AWS EC2, Blackfoot Endpoints",Amazon Web Services (AWS),"Seattle, WA, USA",https://www.linkedin.com/jobs/view/4476183349,,2026-10-06,,,False,jobspy/linkedin,13
"UI Frameworks Engineer, Swift Platform Experience",Apple,"Cupertino, CA, USA",https://www.indeed.com/viewjob?jk=0a6256a46eb9ba31,"Do you want to help shape the future of app development? Join the UI Frameworks team and help empower developers to build better apps with less code. You'll collaborate with passionate and creative colleagues on ambitious goals in an environment that encourages constant curiosity and growth. The work we do together will shape the developer experience on Apple's platforms and beyond for decades to come!  
  
**Description**  
  
As an engineer on the UI Frameworks team, you will contribute to features and APIs across SwiftUI and UIKit that reach all of Apple's platforms and over a billion users. You will help bring ideas to life across all stages of development: initial research, API design and proposals, testing and development in Swift, documentation, and guidance for adopters. You'll join energetic discussions on each other's work and ideas, alongside members of other teams with a variety of perspectives and domain expertise. You'll learn from the engineers who build these frameworks every day, and your ownership will grow as you do. The UI Frameworks team is responsible for the core SwiftUI and UIKit frameworks and works closely with UI framework teams across iOS, iPadOS, macOS, watchOS, and tvOS. You'll also have the opportunity to collaborate with experts throughout Apple, including compiler engineers, interface designers, and technical writers. Curious, enterprising people who take an expansive view of their role will thrive in this multi-disciplinary environment. Our goal is to dramatically improve the correctness, performance, and polish of apps across all of Apple's platforms, making it easier for beginners to get started and empowering seasoned pros to make their apps shine. Because we collaborate closely with the Swift, Xcode, design, and framework teams up and down the software stack, we believe Apple's UI frameworks can be the best app development experience in the world. If you're interested in helping build this future, we'd love to hear from you!  
  
**Preferred Qualifications**  
  

* High standards for quality and attention to detail

  

* The desire to learn and grow, keeping pace with cutting edge technologies

  

* Experience with agentic development tools

  
**Minimum Qualifications**  
  

* Proficiency with Swift (or the capacity to become proficient quickly)

  

* The ability to work collaboratively and explain complex ideas clearly

  

* Experience with at least one of the following: native or web app development, framework and API development, graphics and animation systems

  

* Bachelor's Degree in Computer Science or equivalent experience

  
**Pay & Benefits**  
  
At Apple, base pay is one part of our total compensation package and is determined within a range. This provides the opportunity to progress as you grow and develop within a role. The base pay range for this role is between $129,300 and $194,700, and your base pay will depend on your skills, qualifications, experience, and location.  
  
Apple employees also have the opportunity to become an Apple shareholder through participation in Apple's discretionary employee stock programs. Apple employees are eligible for discretionary restricted stock unit awards, and can purchase Apple stock at a discount if voluntarily participating in Apple's Employee Stock Purchase Plan. You'll also receive benefits including: Comprehensive medical and dental coverage, retirement benefits, a range of discounted products and free services, and for formal education related to advancing your career at Apple, reimbursement for certain educational expenses - including tuition. Additionally, this role might be eligible for discretionary bonuses or commission payments as well as relocation. Learn more about Apple Benefits  
  
Note: Apple benefit, compensation and employee stock programs are subject to eligibility requirements and other terms of the applicable plan or program.",2026-10-08,129300.0,194700.0,False,jobspy/indeed,11
Software Engineer - System Scheduling Performance,Apple,"San Diego, CA, USA",https://www.indeed.com/viewjob?jk=3c6c06bca721b08c,"Allocating resource usage efficiently is a key differentiator for Apple products. The System Scheduling Performance team, part of CoreOS, builds the background task scheduler that runs on every one of our platforms, sitting at the intersection of power, performance, and feature latency. We schedule workloads intelligently in optimal device conditions, accounting for feature usage history, battery life, thermals, network efficiency, memory, and more. This technology is the foundation of features such as Siri AI, Apple Intelligence, Photo Processing, Automatic Software Updates, Background App Refresh, iCloud Photo Library, and many more! In this highly visible role, you will design a scalable scheduling system to handle the ever increasing demand for background processing, and help teams across Apple adopt these operating system concepts.  
  
The team is looking for innovative candidates to design and implement new capabilities to manage process runtime and resource utilization across our diverse product lines. In this highly visible role, you will be driving the development of a scalable architecture for resource management, as well as influencing and assisting cross-functional teams with the adoption of these new operating system concepts. Through the combination of effective collaboration, data and performance analysis, software prototyping, and systems engineering, you will push the boundary of what's possible at the core of the operating system!  
  
**Description**  
  
We are looking for a highly motivated systems software engineer with excellent analytical, problem solving, and communication skills to contribute high quality software to iOS, iPadOS, macOS, watchOS, visionOS, and tvOS. You will design and implement new operating system constructs for intelligent resource management, develop scheduling policies that balance power, performance, and feature latency, and build new APIs for client adoption. You will analyze performance data from large fleets of devices to understand how background work behaves in the real world, and use those insights to guide both our own design decisions and the adoption practices of client teams. Through on-device software development and experimentation, you will push the boundary of what's possible in a highly contested and collaborative operating system.  
  
"",""responsibilities"":""Designs, implements and evangelizes new operating system constructs that enable intelligent resource management across Apple platforms.  
  
Develops scheduling policies that balance power, thermals, memory, network efficiency, and feature latency.  
  
Builds and evolves APIs that client teams use to schedule background work.  
  
Analyzes and presents key performance data for highly visible OS features.  
  
Prototypes new ideas and features rapidly in collaboration with other engineers.  
  
Partners with client teams to understand their background processing needs and guides adoption of scheduling best practices.  
  
Tests, debugs, and productizes code to Apple's quality bar.  
  
**Preferred Qualifications**  
  
M.S. or Ph.D. in Computer Science, Electrical Engineering, or a related field, with strong Systems understanding and intuition  
  
Working knowledge of operating systems internals, including memory management, resource contention, thread and process lifecycles, and file systems.  
  
Experience identifying and driving Power & Performance optimizations  
  
Familiarity with C/C++ or Objective-C or Swift, and Python for data analysis.  
  
Experience influencing adoption of platform APIs or OS-level policy across client teams.  
  
**Minimum Qualifications**  
  
Strong programming background and technical skills with 2+ years after a Bachelor's degree in Computer Science, Electrical Engineering, or a related field  
  
Clear understanding of operating system components and responsibilities  
  
Familiarity with statistics and data analysis to derive meaningful insights from large datasets  
  
Outstanding communication and presentation skills, with a collaborative working style.  
  
Track record of leading software projects from inception through delivery, working across teams and stakeholders.  
  
**Pay & Benefits**  
  
At Apple, base pay is one part of our total compensation package and is determined within a range. This provides the opportunity to progress as you grow and develop within a role. The base pay range for this role is between $142,300 and $263,300, and your base pay will depend on your skills, qualifications, experience, and location.  
  
Apple employees also have the opportunity to become an Apple shareholder through participation in Apple's discretionary employee stock programs. Apple employees are eligible for discretionary restricted stock unit awards, and can purchase Apple stock at a discount if voluntarily participating in Apple's Employee Stock Purchase Plan. You'll also receive benefits including: Comprehensive medical and dental coverage, retirement benefits, a range of discounted products and free services, and for formal education related to advancing your career at Apple, reimbursement for certain educational expenses - including tuition. Additionally, this role might be eligible for discretionary bonuses or commission payments as well as relocation. Learn more about Apple Benefits  
  
Note: Apple benefit, compensation and employee stock programs are subject to eligibility requirements and other terms of the applicable plan or program.",2026-10-08,142300.0,263300.0,False,jobspy/indeed,11
"Senior Software Engineer - Optimization, Remix",Via Transportation Inc,"New York, NY, USA",https://www.indeed.com/viewjob?jk=22fc5f0914a14a1d,"Via is on a mission to create public transportation systems that provide far greater access to jobs, healthcare, and education. Our platform serves as the technology backbone for modern transit networks, transforming antiquated and siloed public transportation systems into smart, data-driven, and efficient digital networks. With hundreds of agency partners around the world, Via is recognized as the leading transportation technology and service provider globally.

As a **Senior Software Engineer** on the Remix engineering team, you'll build software cities rely on to design and improve public transportation systems with a focus on access, equity, and long-term sustainability. You'll own features end to end from concept to production while shaping what we build and how we build it. Our stack includes Python, Ruby, TypeScript, and React, but we care most about strong engineering fundamentals and a user-centered approach to building products. You'll work on features used by some of the largest transit networks in the world, involving optimization, geospatial computation, machine learning, and AI.

**About the Role:**

* Improve our planning and scheduling products to help planners explore new concepts, make informed decisions with data, and deliver better service to their riders.
* Build, scale, and improve the optimization and backend systems behind those products, and make sure they run fast and reliably in production.
* Collaborate with designers, data scientists, algorithm researchers, product managers, our in-house transit planners and schedulers, and our customers.
* Work with a variety of technologies across our stack for different projects, all to deliver great end-to-end user experience.
* Contribute to discussions about engineering best practices and architecture within your relevant area of expertise.
* Build and maintain our processes and tools, to keep our productivity and code quality high.

**About You:**

* You have at least 6 years of professional software engineering experience.
* You've built and scaled a computationally hard system in production, such as optimization, routing, search, simulation, or geospatial processing.
* Mission-driven: you're passionate about companies with strong values and missions.
* User-centric: you find value in talking to customers and addressing core customer needs.
* You use AI tools effectively in your day-to-day engineering work.
* Collaborative, humble, empathetic, and feedback-driven.
* Experience with operations research, mathematical optimization, or applied machine learning is a plus, but not required.
* Experience with geospatial data, mapping technologies, or data visualization is a plus, but not required.

**Compensation and Benefits:**

* Final salary will be determined by the candidate's experience, knowledge, and skills. Salary reflected does not include equity or variable pay, where applicable.
* Salary Range: $180,000-$220,000
* We are proud to offer a generous and comprehensive benefits package, including free medical plans and 401K matching.

There has never been a more exciting time to be on the cutting edge of public mobility. Ready to join the ride?

Via is an equal opportunity employer.",2026-10-08,180000.0,220000.0,False,jobspy/indeed,11
"Software Engineer, Full-Stack",Roger Healthcare,"San Francisco, CA, USA",https://www.indeed.com/viewjob?jk=0d16f1ada861b6b1,"**About the Role**

Roger is an AI platform that frees home health clinicians from paperwork so they can focus on what matters: delivering life-changing care to our most vulnerable elderly patients in the comfort of their homes. Backed by leading healthcare investors like SignalFire, we've powered millions of visits, deployed to thousands of clinicians, and we're just getting started.

We are growing rapidly, backed by world-class investors, and shipping new capabilities into real clinical workflows every week. We are now looking for **Software Engineers** to scale the core services that power our platform and build entirely new **Generative AI and LLM-driven workflows** that clinicians will depend on every day.

If you want to solve meaningful engineering challenges, work with **production LLMs**, and build software that directly improves patient care, we would love to talk.

**What You'll Do**

* Build and ship backend services using FastAPI with MongoDB or Postgres
* Help build APIs and infrastructure that connect to LLMs and Generative AI models
* Use AI-assisted development tools to move faster while keeping quality high
* Turn early prototypes and MVPs into reliable, secure production systems, with guidance from senior engineers
* Contribute to better observability, testing, and code quality across our backend
* Deploy and run services with Docker and AWS
* Pair with senior engineers through code reviews, design discussions, and real production work

**You Might Be a Good Fit If You Have**

* 3+ years of professional software engineering experience
* Solid backend fundamentals, ideally in Python (APIs, databases, basic system design)
* Curiosity about Generative AI and LLM-powered products, and hands-on experimentation with them (personal projects count)
* Familiarity with tools like Docker or cloud platforms, or a real interest in learning them
* Comfort using AI coding tools and the judgment to review and verify what they produce
* A product mindset and willingness to ask questions, take feedback, and work with cross-functional teammates
* Ownership over your work and care for reliability, clarity, and maintainability

**Why Join Us?**

Platinum health, dental, and vision insurance

Unlimited PTO

Retirement: 401(k) plan

Be at the forefront of LLM innovation in healthcare

Founded by AI Researchers from Cornell and Amazon Alexa

Make a tangible difference in the lives of clinicians and patients

Work on a mission that matters, backed by AI innovation and top-tier investors

**Make a Real Difference: Hear from our Users**

*“If I had to give Roger a rating out of 10, I’d give it an 11! You guys changed my life!!”*

* *G.M. from San Francisco, Registered Nurse*

*“Roger AI saves me hours per day. I can easily focus on my patients now too.”*

* *J.L. from Tucson, Registered Nurse*

*“Being a single mom is tough, but with Roger I can take the time to go to my daughter’s soccer game and also pursue further education.”*

* *T.M. from Dallas, Licensed Vocational Nurse*

If you're interested in joining a fast-growing healthcare AI startup, we'd love to hear from you TODAY!

Compensation Range: $160K - $220K",2026-10-08,160000.0,220000.0,False,jobspy/indeed,10
Senior Software Engineer,Optum,"Eden Prairie, MN, USA",https://www.indeed.com/viewjob?jk=0c755db0c2780a84,"**Our Company**

Optum is a global organization that delivers care, aided by technology to help millions of people live healthier lives. The work you do with our team will directly improve health outcomes by connecting people with the care, pharmacy benefits, and data they need to feel their best. Here, you will find a culture guided by diversity and inclusion, talented peers, comprehensive benefits, and career development opportunities. Come make an impact on the communities we serve as you help us advance health equity on a global scale. Join us to start **Caring. Connecting. Growing together.**

**Position Summary**

The Optum Health Technology team is dedicated to empowering healthcare payers through modern, reliable, and intelligent digital interfaces. As a **Sr Software Engineer,** you will play a key role in building and enhancing external payer-facing user interfaces that streamline complex health data interactions and improve engagement. In addition to delivering high-performance UI components, you will build and integrate AI-powered capabilities and leverage enterprise AI tools to optimize engineering workflows and drive continuous application innovation.

If you reside in **Eden Prairie, MN**, you will enjoy the flexibility of an office-based role as you take on some tough challenges.

**Primary Responsibilities:**

* Design, develop, test, deploy, and maintain robust, scalable, and responsive user interfaces for external payer-facing web applications
* Design, develop, and deploy AI-powered solutions and intelligent UI capabilities to address complex business challenges with an emphasis on responsible use of AI
* Use enterprise-approved AI tools to streamline software engineering workflows, automate routine tasks, and drive continuous improvement
* Evaluate emerging trends and AI technologies to inform solution design, front-end architecture, and strategic innovation
* Collaborate closely with product managers, UX/UI designers, and backend engineering teams to translate complex business requirements into intuitive UI features
* Drive front-end architectural decisions, code quality, web accessibility standards (WCAG compliance), and web security best practices across applications
* Develop reusable component libraries and integrate design systems to maintain UI consistency and accelerate deployment cycles
* Perform code reviews, enforce software engineering best practices, and mentor junior and mid-level software engineers

You'll be rewarded and recognized for your performance in an environment that will challenge you and give you clear directions on what it takes to succeed in your role as well as provide development for other roles you may be interested in.

**Required Qualifications:**

* 10+ years of professional software engineering experience focused on web application development
* 3+ years of experience developing web applications with modern JavaScript/TypeScript frameworks (e.g., React, Angular, or Vue.js)
* 3+ years of experience integrating front-end applications with RESTful APIs or cloud-native microservices
* 2+ years of experience leveraging AI tools, intelligent APIs, or automated solutions to enhance application features or development workflows
* 2+ years of experience with front-end automated testing tools and frameworks (e.g., Jest, React Testing Library, Cypress)
* Demonstrated experience implementing web accessibility standards (WCAG 2.1) and web security guidelines

**Preferred Qualifications:**

* Experience developing AI-enhanced user interfaces, conversational interfaces, or integrating generative AI services into web applications
* Experience in the healthcare industry, specifically working with payer workflows, portal systems, or health plan claims technologies
* Experience with micro-frontends architecture and modern state management tools (e.g., Redux, NgRx)
* Experience working in CI/CD pipelines and enterprise cloud platforms (e.g., AWS, Azure)
* Bachelor's degree in Computer Science, Software Engineering, or equivalent experience
* All Telecommuters will be required to adhere to UnitedHealth Group's Telecommuter Policy.

Pay is based on several factors including but not limited to local labor markets, education, work experience, certifications, etc. In addition to your salary, we offer benefits such as, a comprehensive benefits package, incentive and recognition programs, equity stock purchase and 401k contribution (all benefits are subject to eligibility requirements). No matter where or when you begin a career with us, you'll find a far-reaching choice of benefits and incentives. The salary for this role will range from $91,700 to $163,700 annually based on full-time employment. We comply with all minimum wage laws as applicable.

*At UnitedHealth Group, our mission is to help people live healthier lives and make the health system work better for everyone. We believe everyone-of every race, gender, sexuality, age, location, and income-deserves the opportunity to live their healthiest life. Today, however, there are still far too many barriers to good health which are disproportionately experienced by people of color, historically marginalized groups, and those with lower incomes. We are committed to mitigating our impact on the environment and enabling and delivering equitable care that addresses health disparities and improves health outcomes - an enterprise priority reflected in our mission.*

*UnitedHealth Group is an Equal Employment Opportunity employer under applicable law and qualified applicants will receive consideration for employment without regard to race, national origin, religion, age, color, sex, sexual orientation, gender identity, disability, or protected veteran status, or any other characteristic protected by local, state, or federal laws, rules, or regulations.*

*UnitedHealth Group is a drug - free workplace. Candidates are required to pass a drug test before beginning employment.*

#RPO #YELLOW",2026-10-08,91700.0,163700.0,False,jobspy/indeed,8
"Senior Associate, Application Developer - Full Stack Developer",L3Harris,"Melbourne, FL, USA",https://www.indeed.com/viewjob?jk=01b035b6de8cf7a1,"L3Harris is dedicated to recruiting and developing high-performing talent who are passionate about what they do. Our employees are unified in a shared dedication to our customers’ mission and quest for professional growth. L3Harris provides an inclusive, engaging environment designed to empower employees and promote work-life success. Fundamental to our culture is an unwavering focus on values, dedication to our communities, and commitment to excellence in everything we do.

L3Harris is the Trusted Disruptor in defense tech. With customers’ mission-critical needs always in mind, our employees deliver end-to-end technology solutions connecting the space, air, land, sea and cyber domains in the interest of national security.

**Job Title:** Senior Associate, Application Developer - Full Stack Developer

**Job Code:** 45618

**Job Location**: Melbourne, FL; Arlington, VA; Herndon, VA; Salt Lake City; UT; Greenville, TX; Plano, TX; Rochester, NY; Remote Opportunity

**Job Schedule:** 9/80: Employees work 9 out of every 14 days – totaling 80 hours worked – and have every other Friday off

**Job Description**:

L3Harris is undertaking one of the largest-scale Data/AI implementations in the defense contracting sector. This multi-year, transformative program is building state-of-the-art AI applications on top of unified data. It is integrating ~100 legacy systems—including enterprise resource planning (ERP), product lifecycle management (PLM), supply chain, finance, operations, and specialized domain systems. The capabilities cover dozens of critical corporate use cases spanning program management, finance, operations, supply chain, engineering, and strategic planning.

The L3Harris Transformation team is seeking a Full Stack Developer to contribute to the development, testing, and support of applications, workflows, and data pipelines within the Palantir Foundry platform. This role will work as part of an agile, cross-functional team alongside architects, business system analysts, product owners, and senior developers to implement secure, scalable, and maintainable solutions that support critical enterprise use cases.

**Essential Functions:**

* Support the design, development, testing, and maintenance of full stack applications, workflows, and supporting services within the Palantir Foundry platform.
* Develop user-facing functionality, backend logic, and workflow features to support enterprise use cases across finance, supply chain, operations, engineering, and strategic planning.
* Translate user stories and functional requirements into technical solutions with guidance from senior developers and architects.
* Assist with development and maintenance of batch and near-real-time data pipelines integrating legacy enterprise systems into Foundry.
* Implement data transformations, validations, and quality checks to support reliable and accurate data products.
* Work with data architects and senior engineers to align development with ontology models, governance standards, and integration patterns.
* Write clean, maintainable, and well-documented code following team standards for coding, testing, and review.
* Participate in unit testing, integration testing, debugging, and defect resolution across application and data components.
* Contribute to frontend and backend enhancements, including UI components, APIs, pipeline logic, and workflow automation.
* Participate in agile ceremonies such as sprint planning, backlog refinement, daily standups, demos, and retrospectives.
* Provide task status updates, identify blockers, and support delivery commitments for assigned work.
* Contribute to continuous improvement of team development practices and tooling.
* Work closely with product owners, business analysts, architects, and peer developers to understand requirements and deliver effective technical solutions.
* Collaborate with security, infrastructure, and operations teams to support compliant and reliable deployments.
* Learn and apply enterprise architecture standards, secure development practices, and platform development guidelines.
* Develop proficiency in Palantir Foundry development frameworks, ontology-driven application development, and enterprise data integration patterns.
* Leverage modern development tools, including AI-assisted engineering tools where appropriate, to improve productivity and quality.
* Continuously build technical knowledge in software engineering, data engineering, and platform-based application delivery.

**Qualifications:**

* Bachelor’s Degree and minimum 2 years of prior relevant experience. Graduate Degree or equivalent with 0 to 2 years of prior related experience. In lieu of a degree, minimum of 6 years of prior related experience.

**Preferred Additional Skills:**

* Experience developing software applications using modern programming languages such as Python, Java, TypeScript, JavaScript, or similar.
* Experience with full stack software development, including frontend development, backend services, APIs, and data-driven applications.
* Experience working with relational or non-relational databases, data transformation logic, and systems integration.
* Understanding of software engineering best practices including version control, code reviews, unit testing, debugging, and CI/CD concepts.
* Experience working in agile development environments and collaborating with cross-functional teams.
* Strong problem-solving, communication, and teamwork skills.
* Experience with Palantir Foundry, including pipelines, Code Repositories, Workshop, Operational Applications, or ontology-based development.
* Experience building or supporting enterprise data pipelines, ETL processes, or application integrations across multiple systems.
* Experience with frontend frameworks such as React or Angular.
* Experience with backend/API development and scripting in Python or Java.
* Familiarity with cloud platforms, DevOps concepts, containerization, or infrastructure automation.
* Exposure to AI/ML-enabled workflows, analytics applications, or data products.
* Experience in regulated industries such as defense, aerospace, manufacturing, finance, or healthcare.
* Familiarity with secure software development practices and data governance concepts.

In compliance with pay transparency requirements, the salary range for this role in California, Massachusetts, New Jersey, Washington, and the Greater D.C, Denver, or NYC areas is $80,500-$149,500. The salary range for this role in Colorado state, Hawaii, Illinois, Maryland, Minnesota, New York state, and Vermont is $70,500-$130,500. This is not a guarantee of compensation or salary, as final offer amount may vary based on factors including but not limited to experience and geographic location. L3Harris also offers a variety of benefits, including health and disability insurance, 401(k) match, flexible spending accounts, EAP, education assistance, parental leave, paid time off, and company-paid holidays. The specific programs and options available to an employee may vary depending on date of hire, schedule type, and the applicability of collective bargaining agreements.

#LI-NR1

L3Harris Technologies is proud to be an Equal Opportunity Employer. L3Harris is committed to treating all employees and applicants for employment with respect and dignity and maintaining a workplace that is free from unlawful discrimination. All applicants will be considered for employment without regard to race, color, religion, age, national origin, ancestry, ethnicity, gender (including pregnancy, childbirth, breastfeeding or other related medical conditions), gender identity, gender expression, sexual orientation, marital status, veteran status, disability, genetic information, citizenship status, characteristic or membership in any other group protected by federal, state or local laws. L3Harris maintains a drug-free workplace and performs pre-employment substance abuse testing and background checks, where permitted by law.

Please be aware many of our positions require the ability to obtain a security clearance. Security clearances may only be granted to U.S. citizens. In addition, applicants who accept a conditional offer of employment may be subject to government security investigation(s) and must meet eligibility requirements for access to classified information.

By submitting your resume for this position, you understand and agree that L3Harris Technologies may share your resume, as well as any other related personal information or documentation you provide, with its subsidiaries and affiliated companies for the purpose of considering you for other available positions.

L3Harris Technologies is an E-Verify Employer. Please click here for the E-Verify Poster in English or Spanish. For information regarding your Right To Work, please click here for English or Spanish.",2026-10-08,80500.0,149500.0,False,jobspy/indeed,8
"Software Development Engineer, AWS IAM Identity Center, jamesg Team",Amazon Web Services (AWS),"Seattle, WA, USA",https://www.linkedin.com/jobs/view/4467911984,,2026-10-07,,,False,jobspy/linkedin,8
Machine Learning Engineer – Evals,Mango Global Technologies,"New York, NY, USA",https://www.indeed.com/viewjob?jk=176aaa3b87f8e2ef,"Machine Learning Engineer – Evals

Location: New York, NY

Work arrangement: On-site, 5 days/week

Employment: Full-time

Compensation: $220,000–$300,000 base + competitive equity

Openings: 1

Visa sponsorship: Not available — candidates must already have unrestricted authorization to work in the United States.

About the Role

We are looking for a Machine Learning Engineer – Evals to own the evaluation of a sophisticated AI memory and identity system end to end.

You will define how we determine whether evolving entity representations are actually improving, build the infrastructure required to measure those improvements, and use evaluation results to identify and fix failures.

This is not a role for someone who simply runs established benchmarks. You will be expected to design novel evaluations from first principles, work with imperfect or absent ground truth, analyze model and agent traces, and turn research questions into production-quality evaluation systems.

The ideal candidate combines strong ML engineering skills with genuine research ability and enjoys working in an ambiguous, fast-moving environment.

What You’ll Do

Design evaluation systems

Define what “better” means for representations that evolve over time.

Design novel evaluation methodologies where traditional ground truth is unavailable or insufficient.

Develop scoring frameworks, metrics, rubrics, judge models, and diagnostic methodologies.

Continuously evolve evaluation definitions as models and product capabilities change.

Build evaluation infrastructure

Build production-quality Python pipelines and evaluation harnesses.

Manage datasets, labels, experiment versions, model versions, judges, reruns, and regression testing.

Create infrastructure that allows researchers and engineers to answer new evaluation questions quickly.

Integrate experiment tracking and observability into evaluation workflows.

Analyze results and improve the system

Analyze model outputs, agent trajectories, and execution traces.

Identify meaningful failure modes rather than optimizing for superficial metrics.

Translate evaluation findings into concrete engineering or research improvements.

Run experiments, compare results, document findings, and drive the resulting fixes.

Build simulation agents at scale

Develop and operate simulation environments capable of modeling large numbers of entities.

Increase the throughput and reliability of evaluation runs.

Build systems that enable rapid iteration across models, prompts, representations, and evaluation strategies.

Own the full evaluation loop

You will own the process from:

Research question → evaluation design → data → implementation → execution → analysis → diagnosis → rerun → recommendation

There is no expectation that this work will be handed off between multiple teams.

Required Qualifications

Dealbreakers

3+ years of professional experience designing and owning LLM evaluations.

Demonstrated experience designing, building, and running LLM evaluations end to end.

Production-quality Python experience, including testing, maintainability, debugging, and release practices.

Experience creating evaluation methodologies rather than exclusively running existing benchmarks.

Strong ability to investigate model/agent failures using traces, outputs, datasets, and experimental results.

Ability to work on-site in New York City five days per week.

Must already have unrestricted U.S. work authorization; visa sponsorship is not available.

Required Technical Skills

Python

PyTorch

Hugging Face / Transformers

LLM evaluation and benchmarking

Experiment design and statistical/quantitative analysis

Evaluation datasets and labeling methodologies

Model/LLM-as-a-judge evaluation

ML experimentation and debugging

Preferred Technical Skills

Weights & Biases

Hydra

SQL

Kafka or other streaming/event-driven infrastructure

Evaluation/observability frameworks

Agent simulation and multi-agent systems

Large-scale data pipelines

Nice to Have

Experience with AI memory, identity, personalization, agent evaluation, or agentic optimization.

Research experience in LLMs, NLP, machine learning, evaluation, or related areas.

First-author/co-author research at NeurIPS, ICML, ICLR, ACL, EMNLP, or comparable venues.

Alternatively, a high-quality open-source project, benchmark, framework, or technical publication demonstrating comparable research ability.

Degree in Computer Science, Mathematics, Statistics, Machine Learning, or another quantitative discipline.

Who Will Not Be a Strong Fit

Candidates who have only run established benchmarks without designing their own evaluations.

Engineers whose LLM experience is limited to application development without evaluation ownership.

Candidates without substantial hands-on Python engineering experience.

Candidates without evidence of research thinking, novel experimentation, published work, or comparable open-source work.

Candidates unwilling or unable to work five days per week from the New York City office.

Compensation

$220,000–$300,000 base salary + competitive equity

Final compensation will depend on experience, technical depth, research contributions, and interview performance.

Hiring Process

The successful candidate should expect technical discussions focused on:

Designing an evaluation from scratch.

Diagnosing an LLM/agent failure from traces.

Building a production evaluation pipeline.

Research methodology and experimental design.

Python/ML engineering.

Previous research or open-source work.

Pay: $220,000.00 - $300,000.00 per year

Benefits:

* Employee assistance program

Application Question(s):

* Can you work full-time on-site in New York City 5 days per week, and do you currently have unrestricted U.S. work authorization without requiring visa sponsorship?
* Have you either (a) published ML/LLM research at a recognized conference/journal or (b) released substantial open-source research/ML work of comparable quality?
* Do you have hands-on experience with PyTorch AND Hugging Face/Transformers?
* Do you have production-level Python experience, including writing tests, maintaining production code, debugging, and managing releases?
* How many years of professional experience do you have designing and owning LLM evaluations?
* Have you personally designed, built, and run an LLM evaluation system end to end, including defining the evaluation methodology/metrics rather than only executing an existing benchmark?
* Share your Linkedin url

Work Location: In person",2026-10-08,220000.0,300000.0,False,jobspy/indeed,6
Software Engineer,Cisco,"Milpitas, CA, USA",https://www.indeed.com/viewjob?jk=17e12cb133cd0110,"**The application window is expected to close on:** 10/24/2026
  
  
Meet the Team
  
  
We are currently looking for a Site Reliability Engineer to join the Intersight SRE team as part of Cisco's Data Center Compute portfolio.
  
Cisco Intersight is a cloud and on-premise based system management platform for Cisco UCS (Unified Computing System), and other Data Center products. It provides actionable intelligent level of management that enables IT organizations to analyze, simplify and automate their environments. It is driven by analytics and machine learning to provide actionable intelligence for IT operations management. Intersight Virtual Appliance is the on-premises solution that runs the Intersight capabilities in a Virtual Appliance.
  
As a Site Reliability Engineer on the Intersight team, you will help build and operate highly available, scalable, and secure cloud infrastructure. You will work across cloud infrastructure, Kubernetes, automation, observability, CI/CD, and production reliability while partnering closely with software engineering, security, and product teams.
  
  
Your Impact
  
  
A successful candidate will bring strong technical and operational expertise in cloud-native technologies and thrive in a fast-moving environment. You will solve complex reliability problems, automate operational work, and help improve the availability, scalability, security, and efficiency of Intersight.
  
You should be comfortable solving complex technical problems, learning new technologies, and working independently in a fast-paced environment. You care deeply about engineering quality, customer impact, and continuous improvement.
  
You should be passionate about reliability, automation, quality, and customer experience and be comfortable working in collaborative, self-organizing teams. This is an opportunity to make a meaningful impact on a large-scale cloud platform.
  
  
**Responsibilities Include:**  

* Design, build, automate, and operate reliable cloud infrastructure supporting Intersight at scale.
* Improve service reliability through monitoring, observability, automation, capacity management, and SRE best practices.
* Troubleshoot complex production issues, perform root cause analysis, and drive corrective actions to prevent recurrence.
* Build automation and tooling using Python, Go, Terraform, Ansible, and CI/CD technologies to reduce operational toil.
* Collaborate with software engineering, security, and platform teams to improve scalability, availability, security, and operational efficiency.
* Participate in production operations, releases, and on-call responsibilities.

Minimum Qualifications
  
  

* Bachelor’s +5 years of related experience, or Master’s +3 years of related experience or PhD +0 year of related experience.
* Experience designing and implementingscalable, reliable, and production-ready solutions.
* Experience withcloud platforms, preferably AWS, andInfrastructure as Code (IaC) using Terraform or Ansible.
* Experience withLinux, Docker, Kubernetes/EKS, networking, security, and CI/CD.
* Experience with observability and monitoring platforms, including metrics, logging, tracing, dashboards, and alerting.
* Proficiency inPython, Go, or similar programming languages, with a strong understanding of software development principles.

Preferred Qualifications
  
  

* Experience building and operating highly available cloud platforms and infrastructure at scale.
* Ability to handle multiple competing priorities in a fast-paced environment
* Passion for learning and applying new technologies to deliver customer impact.
* Strong communication skills with the ability to translate complex technical concepts and influence across diverse teams.
* Experience with cloud, infrastructure, or application security and security best practices is a plus.
* Experience providing technical leadership and mentoring engineers is a plus.
* Relevant certifications such as CKA, CKAD, AWS Certified DevOps Engineer, or equivalent cloud/security certifications.

Why Cisco?
  
  
At Cisco, we’re revolutionizing how data and infrastructure connect and protect organizations in the AI era – and beyond. We’ve been innovating fearlessly for 40 years to create solutions that power how humans and technology work together across the physical and digital worlds. These solutions provide customers with unparalleled security, visibility, and insights across the entire digital footprint.
  
Fueled by the depth and breadth of our technology, we experiment and create meaningful solutions. Add to that our worldwide network of doers and experts, and you’ll see that the opportunities to grow and build are limitless. We work as a team, collaborating with empathy to make really big things happen on a global scale. Because our solutions are everywhere, our impact is everywhere.
  
We are Cisco, and our power starts with you.
  
  
Message to applicants applying to work in the U.S. and/or Canada:
  
  
The starting salary range posted for this position is $155,000.00 to $222,600.00 and reflects the projected salary range for new hires in this position in U.S. and/or Canada locations, not including incentive compensation\*, equity, or benefits.
  
Individual pay is determined by the candidate's hiring location, market conditions, job-related skillset, experience, qualifications, education, certifications, and/or training. The full salary range for certain locations is listed below. For locations not listed below, the recruiter can share more details about compensation for the role in your location during the hiring process.
  
  
U.S. employees are offered benefits, subject to Cisco’s plan eligibility rules, which include medical, dental and vision insurance, a 401(k) plan with a Cisco matching contribution, paid parental leave, short and long-term disability coverage, and basic life insurance. Please see the Cisco careers site to discover more benefits and perks. Employees may be eligible to receive grants of Cisco restricted stock units, which vest following continued employment with Cisco for defined periods of time.
  
  
U.S. employees are eligible for paid time away as described below, subject to Cisco’s policies:
  
  

* 10 paid holidays per full calendar year, plus 1 floating holiday for non-exempt employees
* 1 paid day off for employee’s birthday, paid year-end holiday shutdown, and 4 paid days off for personal wellness determined by Cisco
* Non-exempt employees\*\* receive 16 days of paid vacation time per full calendar year, accrued at rate of 4.92 hours per pay period for full-time employees
* Exempt employees participate in Cisco’s flexible vacation time off program, which has no defined limit on how much vacation time eligible employees may use (subject to availability and some business limitations)
* 80 hours of sick time off provided on hire date and each January 1st thereafter, and up to 80 hours of unused sick time carried forward from one calendar year to the next
* Additional paid time away may be requested to deal with critical or emergency issues for family members
* Optional 10 paid days per full calendar year to volunteer

For non-sales roles, employees are also eligible to earn annual bonuses subject to Cisco’s policies.
  
  
Employees on sales plans earn performance-based incentive pay on top of their base salary, which is split between quota and non-quota components, subject to the applicable Cisco plan. For quota-based incentive pay, Cisco typically pays as follows:
  
  

* .75% of incentive target for each 1% of revenue attainment up to 50% of quota;
* 1.5% of incentive target for each 1% of attainment between 50% and 75%;
* 1% of incentive target for each 1% of attainment between 75% and 100%; and
* Once performance exceeds 100% attainment, incentive rates are at or above 1% for each 1% of attainment with no cap on incentive compensation.

For non-quota-based sales performance elements such as strategic sales objectives, Cisco may pay 0% up to 125% of target. Cisco sales plans do not have a minimum threshold of performance for sales incentive compensation to be paid.
  
  
The applicable full salary ranges for this position, by specific state, are listed below:
  
  
**New York City Metro Area:**  
$155,000.00 - $256,000.00
  
  
**Non-Metro New York state& Washington state:**  
$138,100.00 - $227,900.00
  

* For quota-based sales roles on Cisco’s sales plan, the ranges provided in this posting include base pay and sales target incentive compensation combined.

\*\* Employees in Illinois, whether exempt or non-exempt, will participate in a unique time off program to meet local requirements.",2026-10-08,138100.0,256000.0,False,jobspy/indeed,6
Software Engineer III,Principal Financial Group,"Des Moines, IA, USA",https://www.indeed.com/viewjob?jk=ddac018ba3e1fede,"What You'll Do:

As a Software Engineer in our non-qualified deferred compensation business area, you’ll work as a full-stack engineer, designing customer facing websites and writing API's that power them and positively impact our client experience. The Billing and Invoicing product team is a small agile team that works in a cloud environment, utilizing AWS services. If you are someone who loves to be creative to tackle solutions through technology in a pairing and mobbing environment- this is the role for you!

**You’ll have the opportunity to:**

* Own and design all software development layers of a solution. Conduct analysis and development, write accurate and clean code
* Participate in technical design of features and demonstrate design thinking and create solution architectures
* Provide technical advice and weigh in on technical decisions that impact other teams or the company at large
* Develop and maintain CI/CD pipelines that test and deploy software, data, and infrastructure artifacts across managed environments
* Apply changes to follow security policies and standards
* Collaborate with highly skilled and motivated product-focused individuals
* Experiment with new technologies and practices to challenge the status quo and find creative solutions to complex problems

Who You Are:

* Associate's or Bachelor's degree with a preference in a science, technology, engineering, or math related field or equivalent work experience
* 4+ years of professional object-oriented or functional programming experience
* API experience
* Must have the desire to learn new technology and continuously grow
* Basic planning, problem-solving, analytical, decision-making and good communication skills required

**Additional preferred technical experience:**

* DevOps
* AWS
* Single Page Application Framework (Angular, React, etc.)
* SpringBoot
* JavaScript/TypeScript

  
Salary Range Information: Salary ranges below reflect targeted base salaries. Non-sales positions have the opportunity to participate in a bonus program. Sales positions are eligible for sales incentives, and in some instances a bonus plan, whereby total compensation may far exceed base salary depending on individual performance. Actual compensation for all roles will be based upon geographic location, work experience, education, licensure requirements and/or skill level and will be finalized at the time of offer. Salary Range: $85000 - $134000 / year Salary Details:

The following locations are examples of market-specific salary ranges across different geographies.

* Wichita, KS: $85,000 - $100,000 / year
* Des Moines, IA: $90,000 - $105,000 / year
* Charlotte, NC: $95,000 - $110,000 / year
* Chicago/Minneapolis: $104,000 - $122,000 / year
* Los Angeles/New York City: $112,000 - $134,000 / year

  
Time Off Program: Flexible Time Off (FTO) is provided to salaried (exempt) employees and provides the opportunity to take time away from the office with pay for vacation, personal or short-term illness. Employees don’t accrue a bank of time off under FTO and there is no set number of days provided. Pension Eligible: Yes Additional Information:

**Work Environment**

This role offers in-office, hybrid (blending at least three office days in a typical workweek), and remote work arrangements (only if residing more than 30 miles from Des Moines, IA, Raleigh, NC, or Charlotte, NC). You’ll work with your leader to figure out which option may align best based on several factors.

**Work Authorization/Sponsorship**

At this time, we're not considering candidates that need any type of immigration sponsorship now or in the future or those needing work authorization for this role. (This includes, but is not limited to students on F1-OPT, F1-CPT, J-1, etc.)

Nonimmigrant Workers and Green Card for Employment-Based Immigrants

**Investment Code of Ethics**

For Principal Global Investors positions, you’ll need to follow an Investment Code of Ethics related to personal and business conduct as well as personal trading activities for you and members of your household. These same requirements may also apply to other positions across the organization.

**Experience Principal**

At Principal, we value connecting on both a personal and professional level. Together, we’re imagining a more purpose-led future for financial services – and that starts with you. Our success depends on the unique experiences, backgrounds, and talents of our employees. And we support our employees the same way we support our customers: with comprehensive, competitive benefit offerings crafted to protect their physical, financial, and social well-being. Check out our careers site to learn more about our purpose, values and benefits.

**Principal is an Equal Opportunity Employer**

All qualified applicants will receive consideration for employment without regard to race, color, religion, sex, sexual orientation, gender identity, national origin, disability, or veteran status.

Posting Window: We will accept applications for 3 full days following the Original Posting Date, after which the posting may remain open or be removed based upon applications received. If we choose to post the job again, we will accept additional applications for at least 1 full day following the Most Recently Posted Date. Please submit applications in a timely manner as there is no guarantee the posting will be available beyond the applicable deadline. Date First Posted (TTF): 9/28/2026 Latest Post Date: Careers - US: 10/7/2026

LinkedIn Hashtag

: #LI-EW1",2026-10-08,85000.0,134000.0,False,jobspy/indeed,5
WMS Software Developer I,Harbor Wholesale,"Lacey, WA, USA",https://www.indeed.com/viewjob?jk=d7bb46438639c63f,"Overview:

**General Summary**

The WMS Software Developer’s primary responsibilities are to troubleshoot, maintain, enhance and extend software applications that manage warehouse operations within the organization. Developers at each level must be capable of gathering user requirements, analyzing warehouse processes and workflows, designing and developing custom solutions in accordance with development standards and internal SOP’s, documenting enhancements and training warehouse personnel. Developers in this role will also provide technical guidance and support to other technical, analytical, systems or warehouse operations teams as well as collaborate with vendor partners that provide external support.

* Lacey, WA onsite/hybrid options available with regular check-ins with the Director of ERP Systems and/or Senior WMS Software Developer.
* Occasional travel for site visits and remote site work may be required as well as occasional after-hours support to resolve processing disruptions.

**\*\* Remote to US Pacific Northwest time zone candidates only if outside Harbor HQ, Lacey, WA.**

**Compensation: $70K - 85K DOE**

**Benefits Summary:** Full line of benefits including medical, dental, vision, life and disability insurance; 401k retirement program with company match; vacation, sick time, floater, and holidays; and much more.

Responsibilities:

**Level I WMS Developer**

A Level I WMS Developer has foundational skills and understandings of database design, query building, development and administration but has less than 3 years of professional experience with warehouse operations or WMS systems. Responsibilities at this level include maintaining database and WMS configurations, report and query building, and functional enhancements to processes that keep warehouse operations running efficiently. This position will work closely with Level II and Level III developers, analysts, and business users to troubleshoot issues, gather requirements, improve data quality, support reporting needs, document processes and enhancements and assist with integrations across ERP, warehouse, and customer facing systems.

**Essential Job Functions**

* Design, develop, optimize and deploy SQL solutions, stored procedures, functions, views, SQL Jobs, and data models that support warehouse operations.
* Writing and maintaining queries, views, and stored procedures to support reporting and day-to-day operations.
* Support data validation and cleanup efforts to improve the accuracy of customer, product, logistics and transactional data.
* Analyze root causes of data issues affecting customer orders, inventory availability, shipments, and financial transactions, and implement durable fixes.
* Partner with business stakeholders to translate operational requirements into scalable reporting and data solutions.
* Document database objects, report logic, recurring data processes and custom enhancements.

* Learn and follow best practices for SQL development, database security, and performance optimization.
* Automating warehouse processes to reduce redundancy and improve data quality and operational efficiency.
* Lead database performance tuning initiatives for high-volume transactional systems, including order management, purchasing, inventory, and warehouse execution.

Qualifications:

**Knowledge, Skills, and Abilities**

* Foundational knowledge of SQL and relational database concepts (on-prem and cloud).
* Understanding of tables, joins, views, indexes, stored procedures and basic query optimization.
* Familiarity with Microsoft SQL Server, SQL Server Mgmt Studio, Visual Studio Code (VSCode), Page Editor, and Advantage Architect.
* Demonstrated strong analytical/problem solving skills and ability to follow procedures and resolution exceptions.
* Familiarity with database tools such as SQL Management Studio; Integration Architecture, and best practices.
* Excellent written/verbal communication and interpersonal skills with strong sense of customer service.
* Strong organizational skills and ability to perform multiple tasks simultaneously, set priorities, and work in a team with diverse cultural backgrounds.
* Strong familiarity with agile software development practices and tools.

* Demonstrated ability to design and document software solutions.
* Team player who is also able to work independently and handle conflicting priorities while maintaining consistent, quality performance standards.
* Ability to manage multiple tasks within tight deadlines and prioritize effectively, while delivering high-quality work.
* Solution oriented with a high sense of quality, attention to detail, accuracy, efficiency, and meeting tight deadlines.

**Education and Experience**

* Bachelor’s degree in Computer Science, Information Technology, Information Systems, Data Analytics, or a related field is preferred. Equivalent combinations of technical training, internship experience, or demonstrated project work may also be considered.
* For entry-level candidates, certifications may help demonstrate foundational knowledge. Coursework or exposure in SQL, relational databases, reporting, systems analysis, supply chain systems, or business applications is beneficial.",2026-10-08,70000.0,85000.0,False,jobspy/indeed,5
Software Engineer,Evolent,"Remote, USA",https://www.indeed.com/viewjob?jk=d37ed963c1c7449d,"**Your Future Evolves Here**

Evolent partners with health plans and providers to achieve better outcomes for people with most complex and costly health conditions. Working across specialties and primary care, we seek to connect the pieces of fragmented health care system and ensure people get the same level of care and compassion we would want for our loved ones.

Evolent employees enjoy work/life balance, the flexibility to suit their work to their lives, and autonomy they need to get things done. We believe that people do their best work when they're supported to live their best lives, and when they feel welcome to bring their whole selves to work. That's one reason why diversity and inclusion are core to our business.

Join Evolent for the mission. Stay for the culture.

**What You’ll Be Doing:**

1. Design, develop, test, and maintain software applications using modern programming languages

and frameworks.

2. Collaborate with product managers, designers, and other engineers to translate requirements

into technical specifications.

3. Write clean, maintainable, and efficient code, following best practices and coding standards.

4. Participate in code reviews to ensure code quality, functionality, and maintainability.

5. Troubleshoot, debug, and resolve technical issues and bugs in a timely manner.

6. Optimize applications for maximum performance, scalability, and reliability.

7. Contribute to the continuous improvement of development processes, tools, and

methodologies.

8. Stay up-to-date with emerging technologies and industry trends, and apply them to improve our

products and solutions.

1. Bachelor’s degree in Computer Science, Software Engineering, or a related field, or equivalent

practical experience.

2. Proven experience in software development using languages such as C#, Java, Python, JavaScript,

etc.

3. Strong understanding of software design principles, algorithms, and data structures.

4. Experience with building and maintaining legacy ASP.NET WebForms applications.

5. Familiarity with version control systems such as Git and collaborative coding workflows.

6. Experience with cloud platforms (e.g., Azure, AWS, Google Cloud) and containerization tools

(e.g., Docker, Kubernetes).

7. Ability to write unit, integration, and end-to-end tests to ensure code quality and reliability.

8. Excellent problem-solving skills and the ability to work independently and as part of a team.

9. Strong communication skills with the ability to articulate technical concepts to both technical

and non-technical stakeholders

To ensure a secure hiring process we have implemented several identity verification steps, including submission of a government issued photo ID. We conduct identity verification during interviews, and final interviews may require onsite attendance. All candidates must complete a comprehensive background check, in-person I-9 verification, and may be subject to drug screening prior to employment. The use of artificial intelligence tools during interviews is prohibited and monitored. Misrepresentation will result in immediate disqualification from consideration.

**Technical Requirements:**

We require that all employees have the following technical capability at their home: High speed internet over 10 Mbps and, specifically for all call center employees, the ability to plug in directly to the home internet router.

**Evolent is an equal opportunity employer and considers all qualified applicants equally without regard to race, color, religion, sex, sexual orientation, gender identity, national origin, veteran status, or disability status.** **If you need reasonable accommodation to access the information provided on this website, please contact** **recruitingteam@evolent.com** **for further assistance.**

The expected base salary/wage range for this position is $105,000 - 125,000. As part of our total compensation package, Evolent is proud to offer comprehensive benefits (including health insurance benefits) to qualifying employees. All compensation determinations are based on the skills and experience required for the position and commensurate with experience of selected individuals, which may vary above and below the stated amounts.",2026-10-08,105000.0,125000.0,False,jobspy/indeed,5
"Senior Software Engineer, Integrations",Scan.com,"New York, NY, USA",https://www.indeed.com/viewjob?jk=6649cdc314e5cf82,"We're Scan.com. We're building America's national imaging network: the infrastructure that connects patients, providers, and payers to faster, better-value diagnostic imaging. Thousands of patients move through our platform every day, and each is a real person waiting for an answer to a healthcare concern. We exist to get them that answer faster.

We manage the medical imaging pathway end-to-end. Providers order through a single point of entry, and from there, we run the entire medical diagnostic pathway. Managing the full pathway, rather than brokering pieces of it, is what lets us deliver imaging faster, at higher quality, and at a lower cost than the fragmented status quo.

We’re looking for a **Senior Software Engineer, Integrations,** at an exciting time — we’ve successfully launched multiple platforms and products, raised over $100m in VC funding, reached profitability, and have a growth trajectory of over 100% YoY.

  

Millions of people wait too long for a diagnosis. Come help us fix that.

  

**WHAT YOU WILL BE GETTING INVOLVED IN**
----------------------------------------

Scan.com's integration layer is mission-critical infrastructure. We interface with hundreds of imaging centers and health systems operating disparate, often decades-old systems — RIS platforms built on legacy protocols, HL7 v2 feeds with idiosyncratic vendor dialects, and hardware gateways running in constrained clinical environments. On the demand side, we connect to modern EHR APIs, third-party referral networks, and portal integrations that must work reliably at scale.

As a **Senior Software Engineer, Integrations**, you will architect and build the systems that make these connections robust, observable, and extensible. This problem area requires genuine passion for legacy system integration patterns, message transformation pipelines, and the operational discipline to maintain high-reliability infrastructure against the entropy of the real world.

As a scale-up business, you can expect your role to develop over time. Here are some of the types of things you could be getting involved in:

* Build and maintain REST API integrations with third-party referral sources, attorney platforms, and demand aggregators, including OAuth flows, rate limiting, retry logic, and schema versioning. Design and implement HL7 v2 transformation pipelines — parsing, normalizing, enriching, and routing ADT, ORM, ORU, SIU, and MDM message types across heterogeneous RIS and EHR systems with non-standard vendor extensions.
* Build and maintain integration connectors for modern and legacy imaging center RIS systems.
* Architect fault-tolerant message queuing and delivery infrastructure for inbound and outbound HL7 and API traffic.
* Develop interfaces for demand-side EHR integrations, including mapping from internal data models to FHIR-compliant (and other standards) representations.
* Own the observability layer for the integration infrastructure: structured logging, alerting on message processing latency/failures, and dashboards that surface issues before they reach the operations teams.
* Contribute to the design of integration onboarding tooling that reduces time-to-live for new imaging center and referral source connections
* Provide technical mentorship to mid-level engineers and participate in architecture reviews across the broader Engineering org

**WHAT YOU MIGHT BRING TO THE TABLE**
-------------------------------------

You don't need to tick all the boxes to apply for this role. Whether it's your first role or your fifth, we believe everyone can add value, learn, and grow. However, these might be some of the ways you are currently adding value:

* Strong command of message transformation architecture: you can design pipelines that are observable, replayable, and extensible without requiring a full rewrite every time a new vendor is onboarded
* Proficiency in at least one backend language used in high-reliability integration contexts (Python, Ruby, Java, C# are all relevant; language is less important than architectural rigor).
* Familiarity with RESTful API integration patterns, including schema versioning, backward compatibility, and API contract management
* Strong operational instincts: you instrument what you build, you think about failure modes before they happen, and you treat on-call escalations as a signal about systemic gaps
* Experience in healthcare is a plus, but not required. We care far more about your integration engineering depth and legacy system fluency than your industry background

**A VIEW ON OUR CULTURE**
-------------------------

We're building something that matters. Every scan we speed up is a real person waiting on an answer, and that urgency runs through everything we do. We move fast, we own outcomes, and take pride in our output. If you like ambiguity, working with ambitious people, and want your work to visibly move the needle, you'll feel at home here.

  

**HOW WE WILL INTERVIEW YOU**
-----------------------------

We keep our interview process short and sweet, and we're a nimble team that can progress at pace. Here are the stages you can expect, but we might switch up the order depending on team availability:

* Introductory video call with our Senior Talent Partner, approximately 30 minutes.
* Video call and coding exercise with a software engineer on the team, approximately 60 minutes. This will be a live assessment of your technical skill.
* Assessment stage. This will be cross functional in nature, and will assess your systems design skills along with your ability to evolve a feature with your future teammates.
* Final round with our Chief Technology Officer and Chief Product Officer. This round will assess alignment with our company values.
* Offer!

**WHAT WE OFFER**
-----------------

We go beyond the basics with our benefits package. Here’s what you can
  
expect from us:

* Salary range of **$180,000 - $200,000**
* Equity
* Flexible hybrid work options
* Dedicated personal development budget
* Medical, vision, and dental coverage
* 28+ days of paid time off across PTO and wellbeing days, so you can show up at your best
* Paid parental leave
* 401k retirement plan
* All the equipment you need to do your best work
* Inclusive, people-first policies designed by our team, for our team

**DIVERSITY AT** **SCAN.COM**
-----------------------------

Scan.com is committed to eliminating discrimination and encouraging diversity within our team. We strive to provide equality and fairness for all job applicants and employees and never discriminate on the basis of gender, marital status, age, race, ethnicity, religion, or physical differences.

We are opposed to all forms of unlawful treatment and discrimination.

Our ambition is for our team to be representative of society's diversity, and for every employee to feel respected and able to bring their best selves to work.

If you need an accommodation to apply or interview, contact us at people@scan.com.

We look forward to receiving your application!",2026-10-08,180000.0,200000.0,False,jobspy/indeed,5
"Software Engineer III, Full Stack",Google,"Atlanta, GA, USA",https://www.indeed.com/viewjob?jk=1e4bcefd2b8607a4,"In most instances, this position requires in-person interviews as part of the hiring process.

### **Minimum qualifications:**

* Bachelor's degree or equivalent practical experience.
* 2 years of experience programming in C++, Python, or Java.
* 2 years of experience programming in JavaScript or TypeScript.
* 2 years of experience with front-end frameworks, full-stack development, or API development.

  

### **Preferred qualifications:**

* Master's degree or PhD in Computer Science or related technical fields.
* 2 years of experience with data structures and algorithms in either an academic or industry setting.
* 2 years of experience with performance, large-scale systems data analysis, visualization tools, or debugging.
* Experience developing accessible technologies.
* Proficiency in code and system health, diagnosis and resolution, and software test engineering.

**About the job**
-----------------

Google's software engineers develop the next-generation technologies that change how billions of users connect, explore, and interact with information and one another. Our products need to handle information at massive scale, and extend well beyond web search. We're looking for engineers who bring fresh ideas from all areas, including information retrieval, distributed computing, large-scale system design, networking and data storage, security, artificial intelligence, natural language processing, UI design and mobile; the list goes on and is growing every day. As a software engineer, you will work on a specific project critical to Google’s needs with opportunities to switch teams and projects as you and our fast-paced business grow and evolve. We need our engineers to be versatile, display leadership qualities and be enthusiastic to take on new problems across the full-stack as we continue to push technology forward.

With your technical expertise, you will manage project priorities, deadlines, and deliverables. You will design, develop, test, deploy, maintain, and enhance software solutions.

Individual pay is determined by factors including job-related skills, experience, and relevant education or training.
  
  
US: $147000 - $210000 (USD) + 15% bonus target + equity + benefits  
  
Learn more about benefits at Google.

**Responsibilities**
--------------------

* Write product or system development code.
* Participate in, or lead, design reviews with peers and stakeholders to decide amongst available technologies.
* Review code developed by other developers and provide feedback to ensure best practices (e.g., style guidelines, checking code in, accuracy, testability, and efficiency).
* Contribute to existing documentation or educational content and adapt content based on product/program updates and user feedback.
* Triage product or system issues and debug/track/resolve by analyzing the sources of issues and the impact on hardware, network, or service operations and quality.

Google is proud to be an equal opportunity workplace and is an affirmative action employer. We are committed to equal employment opportunity regardless of race, color, ancestry, religion, sex, national origin, sexual orientation, age, citizenship, marital status, disability, gender identity or Veteran status. We also consider qualified applicants regardless of criminal histories, consistent with legal requirements. See also Google's EEO Policy and EEO is the Law. If you have a disability or special need that requires accommodation, please let us know by completing our Accommodations for Applicants form.",2026-10-08,147000.0,210000.0,False,jobspy/indeed,3
Software Engineering,Chavinsan Workforce Solutions,"Redwood City, CA, USA",https://www.indeed.com/viewjob?jk=28d9e6c5c211e382,"Position Requirements **Bachelor’s degree in Computer Science, Software Engineering, Electrical Engineering, Bioengineering, or a related technical field involving significant coursework in software development, algorithms, or quantitative problem-solving, with 7+ years of relevant software engineering experience; or a master’s degree in a related technical field with 5+ years of relevant software engineering experience.**  Experience in healthcare, life sciences, healthcare domains, diagnostic laboratory environments, next-generation sequencing, or other regulated settings. **Experience designing, developing, deploying, and maintaining backend software solutions in production environments.**  Advanced knowledge and 3+ years of experience building and maintaining substantial TypeScript and Node.js services in production. **Experience contributing to the design and implementation of scalable, reliable, and maintainable software systems.**  Experience designing and operating microservices-based systems, including event-driven architecture, with a clear understanding of service boundaries, contract evolution, event and message design, error handling across synchronous and asynchronous service calls, and observability. **Experience designing PostgreSQL database schemas, with a strong understanding of transactions, indexing, and migration strategy.**  Working knowledge of containerized, cloud-based systems using technologies such as Docker, Kubernetes, GraphQL, and AWS or equivalent cloud platforms. **Experience with unit and end-to-end testing frameworks such as Jest, Vitest, Playwright, or similar, with strong test design skills and the ability to translate acceptance criteria or user stories into a balanced coverage strategy across unit, integration, and end-to-end testing.**  Strong knowledge of software engineering practices, including code review, automated testing, source control, continuous integration, deployment, monitoring, observability, and technical documentation. **Demonstrated ability to independently lead complex technical work, troubleshoot production issues, and deliver high-quality solutions across the software development lifecycle.**  Production experience with Kafka or a comparable event-streaming platform is preferred, including topic design, partition strategy, consumer group behavior, idempotency, ordering guarantees, and handling delayed, failed, or unprocessable messages; Confluent experience is a plus. **Experience operating services in AWS or similar environments is preferred, including the ability to navigate services such as EKS, RDS, S3, CloudWatch, and IAM and troubleshoot issues across application and infrastructure boundaries.**  Hands-on experience using modern AI coding tools such as Claude, Cursor, GitHub Copilot, or similar to accelerate development, code review, testing, and documentation is preferred. Personal Qualifications **Demonstrated commitment to engineering excellence, with a strong focus on testability, maintainability, reliability, and long-term system quality. Page 2 Karius**  Senior Software Engineer **Strong written communication skills, with the ability to develop clear design documents, pull request descriptions, test cases, and technical documentation. Strong communication and collaboration skills, with the ability to work effectively with engineering and cross-functional stakeholders.**  Strong problem-solving and analytical skills, with the ability to identify root causes, evaluate tradeoffs, and develop practical, scalable solutions to complex technical challenges. **Ability to troubleshoot issues across multiple systems, services, applications, and integration points while collaborating effectively across teams.**  Ability to operate effectively in ambiguous environments by asking thoughtful questions, identifying assumptions and dependencies, and helping define a clear path forward. **Growth-oriented learning mindset, with the curiosity and adaptability to learn new technologies, deepen domain expertise, seek feedback, and continuously improve.**  Ability to thrive in a fast-paced environment, effectively managing shifting priorities, competing demands, and tight deadlines while maintaining quality and attention to detail. Physical Requirements Subject to extended periods of sitting and/or standing, vision to monitor and moderate noise levels. Work is generally performed in an office, lab or clinical environment.

Pay: $50.00 - $55.00 per hour

Work Location: Hybrid remote in Redwood City, CA 94061",2026-10-08,50.0,55.0,False,jobspy/indeed,3
Software Engineer,Argyle Payments,"Irvine, CA, USA",https://www.indeed.com/viewjob?jk=9e831f0926517d80,"**Overview**

Argyle Payments is a leading provider in the payment processing industry, delivering innovative and secure solutions to businesses of all sizes. With a commitment to excellence and customer satisfaction, we empower merchants to succeed in an ever-evolving marketplace.

**Position Overview**

We are looking for an experienced developer to join our team and build out a variety of cloud, data, and application development initiatives. This role is ideal for someone who is eager to progress their career in a high-growth, innovative environment and see their impact in real time.

**Candidate is expected to be working 5 days in-office for the role in Irvine California.**

**Key Responsibilities**

**Software Engineering**

* Develop, maintain, and enhance applications and services using **C#** and .NET
* Build APIs, backend services, and integration layers
* Write clean, testable, and maintainable code following best practices
* Participate in code reviews, architecture discussions, and technical design sessions

**Cloud Engineering (Azure)**

* Design, deploy, and manage cloud solutions using **Microsoft Azure**
* Work with Azure Functions, App Services, Logic Apps, Storage, Azure SQL, and monitoring tools
* Implement automation, CI/CD pipelines, and infrastructure improvements
* Troubleshoot cloud performance, reliability, and security issues

**Data & Analytics**

* Build and optimize **SQL** queries, stored procedures, and data models
* Develop or support **Power BI/Tableau dashboards** and data visualizations
* Use **Python** for automation, data processing, or integration tasks
* Support data pipelines and cloudbased analytics workflows

**Required Skills & Qualifications**

* **4–5 years of professional experience** in software development, cloud engineering, or a hybrid technical role
* Strong proficiency in **C#** and .NET Core development
* Solid experience with **Microsoft Azure** services and cloud architecture
* Strong SQL skills, including query optimization and data modeling
* Working knowledge of **Python** for scripting or automation
* Experience with Tableau or similar BI tools
* Understanding of API development, microservices, and integration patterns
* Strong problemsolving skills and ability to work independently
* Excellent communication skills and ability to collaborate across teams

**Preferred**

* Experience with DevOps tools (Azure DevOps, CI/CD pipelines)
* Familiarity with infrastructureascode (Terraform, Bicep)
* Experience with eventdriven architectures or messaging systems
* Exposure to data engineering or ETL processes
* Ability to mentor junior engineers or interns

**What We’re Looking For**

* A well-rounded engineer who can contribute to both **software development** and **cloud engineering**
* Someone who enjoys solving complex problems and improving systems
* A proactive, curious professional who stays current with Azure and modern development practices
* A collaborative team member who can deliver reliable, high-quality solutions

If you’re passionate about technology and looking to grow into your next role, we’d love to hear from you.

Argyle Payments supports payment processing for a wide variety of merchants, including retail, ecommerce, and niche merchants who require more attention, care and monitoring. The company streamlines the merchant application process through in-house credit underwriting and timely decisioning, as well as maximizing customer success through compliance support, governance best practices and a metrics-driven approach. Registered ISO/MSP of North American Banking Company, Roseville, MN and SSB Bank, Pittsburgh, PA and partners with several other leading banks and industry institutions to find the right home for each business it works with to get merchant accounts approved. A privately held Nevada corporation, Argyle has offices in Irvine and Simi Valley, California. For more information, please visit argylepayments.com.

Note: This job description is intended to provide a general overview of the position. It is not exhaustive or comprehensive. Other duties may be required or assigned based on business needs. The role is in-person at our Costa Mesa location.

Education:

* Bachelor's (Required)

Experience:

* System development: 5 years (Required)

Work Location: In person

Pay: $60.00 - $75.00 per hour

Expected hours: 30.0 – 45.0 per week

Application Question(s):

* Provide your LinkedIn profile link if possible.

Work Location: In person",2026-10-08,60.0,75.0,False,jobspy/indeed,3
Software Developer,Alloy Precision Manufacturing,"Mentor, OH, USA",https://www.indeed.com/viewjob?jk=e074a6fc9619046a,"Production Pulse is an industrial manufacturing software company founded and operated by Alloy Precision Technologies, Inc. Production Pulse’s platform supports resource data collection, program management, & operator performance insights that enable agile & dynamic decisions on the shop floor. Production Pulse works closely with customers & partners to ensure seamless deployments and real value from our solutions.

Key Responsibilities

* Design, develop, test, and maintain Production Pulse software components.
* Build and maintain backend services, APIs, and database structures
* Develop and enhance user-facing interfaces.
* Integrate Production Pulse with IIOT devices, machine controllers, and third-party systems including but not limited to ERP platforms.
* Enhance performance, scalability, and system reliability.
* Write clean optimized, and well documented code.
* Troubleshoot software defects and performance issues.
* Contribute to architecture design and decision making.
* Contribute to software releases, version control, and CI/CD processes.
* Perform other related duties as assigned.

Required Qualifications

* Bachelor’s degree in computer science, Software Engineering, or related field.
* Strong communication skills and ability to work directly with customers, partners and internal team members.
* Comfortable troubleshooting software and hardware, including Windows Server, Microsoft SQL Server, and machine configurations
* Ability to follow documented processes
* Experience with version control systems. (Git)
* Basic understanding of networking, databases, and system integrations in highly regulated environments
* Familiarity in Type Script, C#, Python, and other programming languages.
* Familiarity in frameworks such as .NET, Prisma, and SQL Server.

Preferred Qualifications

* Experience with technical support, IT, or customer-facing technical roles
* Familiarity with SaaS platforms or industrial/manufacturing environments
* Experience delivering training or user support
* 2+ years of experience is desired",2026-10-08,60000.0,75000.0,False,jobspy/indeed,3
Software Development Engineer,Apple,"Cupertino, CA, USA",https://www.indeed.com/viewjob?jk=554b628e3cfee3fd,"In this role, you will directly be shaping the future of the Software Engineering organization by building tools and experiences that will allow Apple to continue building world-class software for our customers for years to come. We consider every stage of the software development lifecycle from version control, to at-desk tools, to the final production build.  
  
**Description**  
  
As an engineer on the Workflow Experience team, you will be responsible for taking some of the most complex tooling in the industry and making it beautiful and seamless so engineers can have the right tool at every stage of the software development lifecycle. Because our team serves all of SWE, we develop software for all of Apple’s platforms at all levels from daemons on macOS to client/server applications on iOS, and everything in between.  
  
We have a wide range of engineering backgrounds and experience, and an incredibly encouraging and growth-focused workplace culture. We work hard to maintain a healthy work-life balance, with a peaceful work environment.  
  
**Preferred Qualifications**  
  
A passion for driving modern software engineering practices  
  
A track record of driving complex projects  
  
Intense focus on delivering an exceptional customer experience  
  
Experience building developer tools  
  
Expertise in version control systems like Git  
  
**Minimum Qualifications**  
  
Significant native Apple platform experience in Swift or Objective-C  
  
Experience designing and building client/server applications  
  
Experience with Xcode and debugging tools like lldb and Instruments  
  
Enthusiastic about continuous software delivery patterns  
  
Passion for great design and user experiences  
  
**Pay & Benefits**  
  
At Apple, base pay is one part of our total compensation package and is determined within a range. This provides the opportunity to progress as you grow and develop within a role. The base pay range for this role is between $129,300 and $194,700, and your base pay will depend on your skills, qualifications, experience, and location.  
  
Apple employees also have the opportunity to become an Apple shareholder through participation in Apple's discretionary employee stock programs. Apple employees are eligible for discretionary restricted stock unit awards, and can purchase Apple stock at a discount if voluntarily participating in Apple's Employee Stock Purchase Plan. You'll also receive benefits including: Comprehensive medical and dental coverage, retirement benefits, a range of discounted products and free services, and for formal education related to advancing your career at Apple, reimbursement for certain educational expenses - including tuition. Additionally, this role might be eligible for discretionary bonuses or commission payments as well as relocation. Learn more about Apple Benefits  
  
Note: Apple benefit, compensation and employee stock programs are subject to eligibility requirements and other terms of the applicable plan or program.",2026-10-08,129300.0,194700.0,False,jobspy/indeed,3
Software Engineer,Shepherds House Ministries,"Bend, OR, USA",https://www.indeed.com/viewjob?jk=7e8464a5c2a3f7d1,"**Position Title: Software Engineer**

**Location:** **Bend, Oregon - In Person**

**Status:** **Full-Time**

At Shepherd’s House Ministries our mission is to create safe, healing environments where all individuals feel valued, respected, and empowered to pursue personal growth and stability. We strive to feed the hungry, shelter the homeless, and walk alongside those facing life-controlling challenges such as trauma, addiction, and homelessness. Through emergency shelter, case management, and supportive services, we seek not only to address immediate needs but to foster lasting, positive change. Our vision is to help individuals break cycles of hardship and achieve meaningful transformation, ensuring that everyone in Central Oregon has the opportunity to find hope, stability, and healing.

We are seeking a passionate and mission-driven **Software Engineer** to help expand the impact of Shepherd’s House Ministries across all sites and advance this life-changing work.

The Software Engineer is accountable for building, maintaining, and improving ShelterOps to provide reliable, effective technology that supports staff in serving guests and carrying out SHM’s mission. This role develops and delivers high-quality software, responds to operational needs, and protects the accuracy, security, and confidentiality of participant data.

**Strategic Work Expectations:**

* **Mission & Values:** Demonstrate SHM’s mission and values through honesty, compassion, grace, community and stewardship.
* **Growth & Accountability:** Maintain a teachable spirit, receive feedback with humility, take ownership of responsibilities, and pursue opportunities to learn and grow.
* **Collaboration & Culture:** Work collaboratively across teams to strengthen SHM’s ministry, contribute to a healthy workplace culture, and proactively bring forward ideas, concerns, and opportunities for improvement.

**Technical Environment:**

* TypeScript throughout. React on the front end, Node/Express and PostgreSQL on the back end. Hosted on AWS.
* Automated tests and checks on every change, with continuous integration and automated deployment.
* AI coding tools are used daily under a human review-and-merge workflow.

**Essential Duties and Responsibilities:**

* Build and maintain ShelterOps features from conversation with staff through deployment, including database changes, API handlers, user interface, and tests.
* Pair regularly with the Head of Technology on design, implementation, and review.
* Review pull requests and submit all work for review, following documented conventions and automated checks.
* Use AI coding tools to accelerate work, and read, test, and correct their output before anything is merged.
* Spend time at shelter sites observing how staff use the software, and translate what is learned into fixes and improvements.
* Support data-quality and reporting work for state and federal requirements.
* Respond to production issues and participate in maintenance, upgrades, and documentation.
* Maintain accurate, confidential handling of participant data in accordance with organizational policy and applicable law.
* Participate in team meetings and trainings while upholding confidentiality, ethical standards, and organizational values; perform other duties as assigned.

**Qualifications:**

**Education & Experience:**

* Bachelor's degree in Computer Science or a related field, completion of a software development program, or equivalent combination of education and demonstrated experience.
* At least one substantial software project, from school, a bootcamp, personal work, or employment, that the candidate built and can explain in depth.
* Ability to write working code in a typed language and reason about why it works.
* Experience with any of TypeScript, React, Node.js, or PostgreSQL preferred; willingness to learn the rest quickly is required.
* Experience in social services, healthcare, housing, or nonprofit settings preferred.
* Lived or professional experience with homelessness welcomed.
* Strong written and verbal communication skills, including the ability to ask for help when stuck and to explain technical tradeoffs to non-technical coworkers.
* Ability to interact with guests, residents, staff, and volunteers in a compassionate and respectful manner while working on site.
* Ability to pass required background checks in accordance with organizational policy and applicable law.

**Working Conditions:**

* Primarily office-based with regular presence at shelter sites.
* Work in unpredictable shelter environments with vulnerable populations.
* Occasional after-hours availability for production issues.

**Physical Requirements:**

* Ability to sit and work at a computer for extended periods.
* Ability to sit, stand, walk, and move throughout facilities and community locations.
* Ability to transition between administrative tasks (computer/data entry) and direct participant interaction.
* Ability to bend, reach, stoop, and lift up to approximately 25 pounds on an occasional basis.
* Ability to use a computer, phone, and other standard office equipment for documentation, communication, and reporting.
* Ability to travel locally between program sites, as required by the role.
* Ability to visually and audibly assess situations, read documentation, and communicate clearly with participants, staff, and partners.

*In accordance with the Americans with Disabilities Act (ADA), we will provide reasonable accommodations to qualified individuals with disabilities. To request an accommodation, please contact a member of The People Team.*

In compliance with federal law, all persons hired will be required to verify identity and eligibility to work in the United States and to complete the required employment eligibility verification form upon hire.

Shepherd’s House Ministries provides equal employment opportunities to all employees and applicants for employment and prohibits discrimination and harassment of any type without regard to race, color, religion, age, sex, national origin, disability status, genetics, protected veteran status, sexual orientation, gender identity or expression, or any other characteristic protected by federal, state, or local laws.",2026-10-08,72000.0,82800.0,False,jobspy/indeed,3
Software Development Engineer - Operational Analytics,CVS Health,"Hartford, CT, USA",https://www.indeed.com/viewjob?jk=fdb3290ccce5b48b,"We’re building a world of health around every individual — shaping a more connected, convenient and compassionate health experience. At CVS Health®, you’ll be surrounded by passionate colleagues who care deeply, innovate with purpose, hold ourselves accountable and prioritize safety and quality in everything we do. Join us and be part of something bigger – helping to simplify health care one person, one family and one community at a time.

**Position Summary**  
Assists in the design, development, and maintenance of full-stack web applications supporting data-driven business solutions. Applies understanding of key business drivers to contribute to the resolution of moderately complex problems. Leads portions of initiatives of limited scope, with guidance and direction. Builds frontend interfaces and backend services, ensuring seamless integration across systems. Collaborates with cross-functional teams to deliver scalable solutions. Develops responsive applications and RESTful APIs using Python, TypeScript, and modern web frameworks. Supports application observability through logging, alerting, and performance monitoring. Participates in code reviews, testing, and deployment activities.  
  
**Required Qualifications**

* 1+ years of professional software development experience (internships, co-ops, or academic projects acceptable)
* Hands-on experience with:
  + Python or TypeScript for application development
  + SQL and relational database development
* Working knowledge of:
  + Object-oriented programming and REST APIs
  + Version control (Git)
  + Agile development practices
  + Cloud platforms (GCP preferred)
* Experience using AI assistants in software development workflows

**Preferred Qualifications**

* Familiarity with modern frontend frameworks (React, Angular)
* Exposure to CI/CD pipelines and containerized deployments (Docker, Kubernetes)
* Familiarity with AI/ML frameworks or platforms (LangChain, Vertex AI, or similar)
* Familiarity with observability tools
* Strong analytical, problem-solving, and communication skills
* Healthcare industry experience a plus

**Education**Bachelor's degree or equivalent work experience in Computer Science, Software Engineering, Information Systems, Mathematics, or related discipline.

**Anticipated Weekly Hours**

40

**Time Type**

Full time

**Pay Range**

The typical pay range for this role is:

$79,310.00 - $158,620.00

This pay range represents the base hourly rate or base annual full-time salary for all positions in the job grade within which this position falls. The actual base salary offer will depend on a variety of factors including experience, education, geography and other relevant factors. This position is eligible for a CVS Health bonus, commission or short-term incentive program in addition to the base pay range listed above.

Our people fuel our future. Our teams reflect the customers, patients, members and communities we serve and we are committed to fostering a workplace where every colleague feels valued and that they belong.

**Great benefits for great people**

We take pride in offering a comprehensive and competitive mix of pay and benefits that reflects our commitment to our colleagues and their families.

  
This full‑time position is eligible for a comprehensive benefits package designed to support the physical, emotional, and financial well‑being of colleagues and their families. The benefits for this position include medical, dental, and vision coverage, paid time off, retirement savings options, wellness programs, and other resources, based on eligibility.

Additional details about available benefits are provided during the application process and on Benefits Moments.

  
We anticipate the application window for this opening will close on: 10/28/2026

Qualified applicants with arrest or conviction records will be considered for employment in accordance with all federal, state and local laws.",2026-10-08,79310.0,158620.0,False,jobspy/indeed,3
Software Engineer (NASA SET),TMC Technologies,"Fairmont, WV, USA",https://www.indeed.com/viewjob?jk=df129e839d308b19,"Job Description:

TMC Technologies is searching for a qualified, energetic, and passionate candidate to join our NASA Independent Verification and Validation (IV&V) Jon McBride Software Testing and Research (JSTAR) team. The JSTAR team works with many aspects of NASA spacecraft, ground software systems, and smallsat modeling & simulation development. TMC’s JSTAR engineers are responsible for designing, developing and deploying NASA spacecraft simulators for advanced Verification and Validation (V&V) activities.

  

REFERENCES:

http://www.tmctechnologies.com  
http://www.stf1.com  
http://www.nos3.org  
https://www.nasa.gov/centers/ivv/jstar/JSTAR.html

  
  
  
**Job Requirements:**

Bachelor’s degree in Computer Science, Computer Engineering, or related field

1+ years of pertinent engineering, software, or embedded software systems experience

Strong software skills

Experience in design/implementation of complex systems, Linux development, C, C++, and Python

U.S. Citizen with eligibility for a security clearance

DESIRED QUALIFICATIONS

Experience or familiarity with QEMU

Embedded experience and spacecraft hardware knowledge

Experience with Linux development and provisioners

Microcontrollers and FPGAs experience",2026-10-08,,,False,jobspy/indeed,3
Applications Engineer 2,City of Vancouver,"Vancouver, WA, USA",https://www.indeed.com/viewjob?jk=1a8929f175e80d36,"**Salary Range**
----------------

7,706.00 - 11,560.00

**Job Summary**
---------------

With a fabulous waterfront, vibrant downtown, great parks, neighborhoods and public spaces, a commitment to smart growth, excellent service delivery and community engagement, Vancouver, Washington is all grown up, and we need excellent talent to keep us going (and growing) strong!
  
  
We’re currently recruiting for an Applications Engineer 2. The primary responsibilities for the job are to support major citywide systems, including financial, human capital management, utility billing, parking, and other key SaaS applications through the development and maintenance of City software applications, SaaS system configurations, reports, and interfaces. The position requires the ability to create and update source code, scripts, and formulas used within the City’s core platforms.  
  
This is a full-time, regular, exempt position. The schedule for this position is M-F, 8am to 5pm.  
  
Open until filled. First review - October 23, 2026.  
  
At this time, this position is eligible for a hybrid schedule after the completion of onboarding. As with all routine telework positions, employees may be required to come into the office on occasion based on business needs. Telework may be subject to change at a future time. Currently, all employees must reside in Oregon or Washington; the City cannot support ongoing telework from other locations.  
  
At the City of Vancouver, we are committed to paying our employees fairly, equitably, and competitively. City salaries are structured so that the midpoint of the salary range approximates the amount typically paid for the job in this geographic area. Candidates with experience supporting their ability to come in and hit the ground running may receive a starting salary around the midpoint of the listed salary range. Actual salary at offer is influenced by a host of factors, including a candidate’s relevant experience, education, licensure, certifications, and internal equity. The higher end of the listed pay range indicates the salary growth potential of the position.

**Job Details**
---------------

**Essential Functions:**

* Provide technical support, troubleshooting, testing, upgrades, and custom development for enterprise solutions including billing, assets management, permitting, work management, GIS, and other business applications for end users.
* Collaborate directly with end users to define requirements, develop application specifications, and create test plans and implement Saas-based solutions meeting end user needs.
* Participate in architectural design sessions with a high degree of innovation and creativity.
* Develop automation and tools to enhance system scalability and streamline deployment. Conduct research on emerging tools and services to solve business challenges and recommend innovative features for system improvement.
* Utilize Team Foundation Server (TFS) and Source Safe following City standards and best practices for source code management. Create documentation of requirements, system design, and source code.
* Cross train with other developers on supporting applications and interfaces.
* Assist with managing SQL Server databases and environment.
* Perform other duties and responsibilities as assigned.

**Qualifications**
------------------

**Experience and Education**

* Three (3) years as an Application Engineer, Software Developer, Software Engineer or similar role supporting Saas applications utilizing SSRS, SSIS, ASP.NET, VB for applications, XML, TOAD, Cognos, Visual Studio, Postman.
* Bachelor's Degree in computer science, information systems, or a related field
* Equivalent combinations of education and experience may be considered.

**Computer Skills**

* Proficient skills in SQL Server, VB.NET, Visual Studio, Postman, and Microsoft Suite of Office Products including Excel.
* Experience using TOAD or similar language editing tool

**Knowledge**

* SSRS Reports – Create and modify existing reports. Work with users to develop and document requirements for new reports. Create and modify SQL Server stored procedures called in the datasets.
* SSIS – Create and modify existing packages that transfer data between the various city systems.
* VB.NET – Create and modify existing formulas within IPS application. Formulas drive workflows within applications. Provide support for custom apps.
* T-SQL – Create and modify packages, stored procedures, views, functions, triggers in SQL Server environments. Ability to optimize scripts; and troubleshoot code.
* Familiarity with cloud platforms, APIs, and modern software architecture.
* Microsoft Power Platform products: Power Apps, Power BI, and Power Automate among others
* Visual Studio – General familiarity and experience with the IDE and common VS project types.
* TFS or Source Safe – Knowledge of versioning and ability to adhere to internal processes.
* Developer tools or languages: SSRS, SSIS, ASP.NET, VB for applications, XML, TOAD, Cognos, Visual Studio, Postman.
* Principles and practices of project management.
* Pertinent federal, state, and local laws that pertain to: Click here to enter text.
* Modern office procedures, methods, and computer equipment
* Use of personal computers and basic software.

**Abilities**

* Ability to understand business processes and requirements to provide technical solutions meeting user needs. Quickly troubleshoot and problem solve as issues that arise through an end user/helpdesk call.
* Work independently with minimal supervision.
* Ability to learn new languages and technologies.
* Excellent communication skills.
* Attention to detail.
* Work in a manner consistent with the City of Vancouver’s Operating Principles.
* Always provide a high level of customer service.
* Develop and maintain collaborative and respectful working relationships with team members and others.
* Maintain regular and dependable attendance.
* Demonstrate a commitment to valuing differences among people and to being inclusive.
* Show the utmost respect for others, and act as a team player.
* Promote safety as a guiding principle and a regular practice in accomplishing work by focusing on safe practices and complying with safety and health policies and procedures.
* Recognize unsafe conditions which may be hazardous to an employee or to the public.
* Works in safe and responsible manner; not putting self or others at risk. Complies with applicable policies and procedures including but not limited to using personal protective equipment, observing warning signs, learning about potential hazards, and reporting all unsafe conditions.

This position is subject to successful completion of a pre-employment reference check and a basic criminal background check.

The City of Vancouver is committed to advancing equity and creating a welcoming and inclusive workplace. We recognize that progress depends on more than just a verbal commitment; it depends on making meaningful organizational change. We developed and continue to develop strategies to enhance employee-centered programs, eliminate recruitment and advancement barriers, elevate employee understanding of DEI and cultural competency and build an inclusive and welcoming place to call work. We hope you’ll consider joining us on the journey!

**Safety:** The City of Vancouver believes every employee plays a role in maintaining a safe workplace. The City of Vancouver promotes safety as a guiding principle and practice and accomplishes work by creating safe work environments, complying with safety and health policies and procedures and consistently seeking improvements that support operational excellence.

**Diversity and Inclusion:** At the City of Vancouver, we value and foster a workplace comprised of people with a range of different backgrounds, experiences and cultures. We recognize that a diverse and inclusive team is key to innovation, effectiveness and a positive culture. We are proud to be an Equal Opportunity Employer.

**Equal Employment Opportunity Statement:** The City of Vancouver is dedicated to maintaining a work environment that extends equal opportunity to all individuals, regardless of their race, color, sex, age, religion, national origin, marital status, veteran status, disability sexual orientation or gender identity. Employment decisions will be made to further the principle of equal employment opportunity and to comply with state, federal and local laws. We affirm through this policy statement our continuing commitment to the principles of equity and nondiscrimination.

**Veterans’ Preference:** Under Washington law, qualified veterans may be eligible for Veterans’ preference when applying for City of Vancouver positions. Honorably discharged Veterans, their surviving spouses or spouses of honorably discharged Veterans with a permanent and total service-connected disability who would like to be considered for a Veterans’ preference for this job should provide the qualifying documents as instructed during the application process.

**ADA Accommodation:** Accommodations will be considered for applicants or candidates with a qualifying disability that prevents them from participating in this process. Accommodations will be made where the City can reasonably provide them without imposing an undue hardship on the business or compromising the integrity of the recruitment process. An applicant with any disability who believes that they need an accommodation should contact Human Resources: call 360-487-8417 or email hrfront1@cityofvancouver.us

**Job Posting End Date**
------------------------

Open Until Filled",2026-10-08,7706.0,11560.0,False,jobspy/indeed,3
Machine Learning Engineer 1,Comcast,"New York, NY, USA",https://www.indeed.com/viewjob?jk=17b3948f463d0e34,"FreeWheel, a Comcast company, provides comprehensive ad platforms for publishers, advertisers, and media buyers. Powered by premium video content, robust data, and advanced technology, we’re making it easier for buyers and sellers to transact across all screens, data types, and sales channels. As a global company, we have offices in nine countries and can insert advertisements around the world.

**Job Summary**

FreeWheel, a Comcast company, provides comprehensive ad platforms for publishers, advertisers, and media buyers. We are seeking a Machine Learning Engineer 1 to contribute to the design, development, and maintenance of backend and ML applications for FreeWheel Buyer Cloud using Python, cloud platforms, and modern infrastructure tools.

**Job Description**

**Core Responsibilities**

* Design, develop, and maintain Optimization and Machine Learning applications for FreeWheel Buyer Cloud, developing back-end software using Python, managing code with Git, and performing container orchestration with Kubernetes across AWS and cloud-agnostic environments.
* Work with relational databases, write SQL queries, and leverage Snowflake, Databricks, and big data tools to set up, optimize, and troubleshoot infrastructure-level data services.
* Design and deploy infrastructure using IaC principles and Terraform, while building and managing CI/CD pipelines using Jenkins, GitHub, Kargo, and ArgoCD, and monitoring service health via Prometheus and Grafana.
* Support applications under development, customize current applications, assist with software updates and release roll-outs, and analyze, test, and integrate new applications.
* Collaborate with project stakeholders to identify product and technical requirements, conduct integration analysis, work alongside the Quality Assurance team to ensure applications meet technical specifications, guide and mentor junior-level engineers, and thoroughly document all development activity—including software designs, evaluation plans, test results, technical manuals, and formal reports.
* Other duties and responsibilities as assigned.
* Consistent exercise of independent judgment and discretion in matters of significance.
* Regular, consistent and punctual attendance. Must be able to work nights and weekends, variable schedule(s) as necessary.

**Required Skills**

* **Python Programming**: Proficiency in Python for software development, data processing, and machine learning applications.
* **Algorithms & Data Structures**: Strong understanding of algorithms, data structures, and computational problem-solving.
* **Collaboration & Communication**: Ability to work effectively within cross-functional teams, including software engineers, data scientists, product managers, and stakeholders.

**Nice-to-Have Skills**

* SQL and relational database querying.
* Big Data technologies and distributed computing.
* Kubernetes and container orchestration.
* Machine learning algorithms and model development.
* Apache Spark for large-scale data processing.
* Data science, statistics, and analytical techniques.

**Employees at all levels are expected to:**

* Understand our Operating Principles; make them the guidelines for how you do your job.
* Own the customer experience think and act in ways that put our customers first, give them seamless digital options at every touchpoint, and make them promoters of our products and services.
* Know your stuff be enthusiastic learners, users and advocates of our game-changing technology, products and services, especially our digital tools and experiences.
* Win as a team make big things happen by working together and being open to new ideas.
* Be an active part of the Net Promoter System a way of working that brings more employee and customer feedback into the company by joining huddles, making call backs and helping us elevate opportunities to do better for our customers.
* Drive results and growth.
* Support a culture of inclusion in how you work and lead.
* Do what's right for each other, our customers, investors and our communities.

**Disclaimer:** This information has been designed to indicate the general nature and level of work performed by employees in this role. It is not designed to contain or be interpreted as a comprehensive inventory of all duties, responsibilities and qualifications.

Comcast is an equal opportunity workplace. We will consider all qualified applicants for employment without regard to race, color, religion, age, sex, sexual orientation, gender identity, national origin, disability, veteran status, genetic information, or any other basis protected by applicable law.

**Skills:**

Collaboration; Algorithms; Python (Programming Language)

**Salary:**

New York Pay Range: $106,904.41 - $160,356.61

Comcast intends to offer the selected candidate base pay within this range, dependent on job-related, non-discriminatory factors such as experience. The application window is 30 days from the date job is posted, unless the number of applicants requires it to close sooner or later.

Base pay is one part of the Total Rewards that Comcast provides to compensate and recognize employees for their work. Most sales positions are eligible for a Commission under the terms of an applicable plan, while most non-sales positions are eligible for a Bonus. Additionally, Comcast provides best-in-class Benefits to eligible employees. We believe that benefits should connect you to the support you need when it matters most, and should help you care for those who matter most. That’s why we provide an array of options, expert guidance and always-on tools, that are personalized to meet the needs of your reality - to help support you physically, financially and emotionally through the big milestones and in your everyday life. Please visit the compensation and benefits summary on our careers site for more details.

**Education**

Bachelor's Degree

While possessing the stated degree is preferred, Comcast also may consider applicants who hold some combination of coursework and experience, or who have extensive related professional experience.

**Relevant Work Experience**

0-2 Years",2026-10-08,106904.41,160356.61,False,jobspy/indeed,3
Software Engineer/Argo Cloud Specialist - 6496782,"Logic, Inc.","Pittsburgh, PA, USA",https://www.indeed.com/viewjob?jk=23fdef7b490d2db4,"Custom Software Engineering Team Lead/Consultant | Mid-Level | Full time

Job No. 14746245 | Multiple Locations

  

**Accenture Flex** offers you the flexibility of local fixed-duration project-based work powered by Accenture, a leading global professional services company. Accenture is consistently recognized on FORTUNE's 100 Best Companies to Work For and Diversity Inc's Top 50 Companies For Diversity lists.

As an **Accenture Flex** employee, you will apply your skills and experience to help drive business transformation for leading organizations and communities. In addition to delivering innovative solutions for Accenture's clients, you will work with a highly skilled, diverse network of people across Accenture businesses who are using the latest emerging technologies to address today's biggest business challenges.

You will receive competitive rewards and access to benefits programs and world-class learning resources. **Accenture Flex** employees work in their local metro area onsite at the project, significantly reducing and/or eliminating the demands to travel.

**Key Responsibilities:**

* As a Custom Software Engineer, you will be responsible for developing custom software solutions to design code and enhance components across systems or applications.
* Your day to day activities will involve using modern frameworks and agile practices to deliver scalable high performing solutions tailored to specific business needs.
* You are expected to be a subject matter expert collaborate and manage the team to perform effectively take responsibility for team decisions engage with multiple teams and contribute to key decisions.
* Providing solutions to problems within your immediate team and across multiple teams is a critical part of your role.
* Take ownership of specific software components and ensure their quality and performance meet project standards.
* Support and guide less experienced colleagues by sharing expertise and best practices in software development.
* Contribute to architectural discussions and help shape technical approaches to meet evolving business requirements.
* Collaborate closely with cross functional teams to align software solutions with overall project goals and timelines.
* Analyze complex problems and propose innovative solutions that enhance system scalability and maintainability.

  

**Basic Qualifications:**

* Minimum 3 years of experience
* Advanced proficiency in Software Engineering
* Experience in Argo/ Web Based Argo/ Cloud Argo
* High School Diploma or GED

  

**Preferred Qualifications:**

* Advanced proficiency in Software Design Solutions
* Experience in C#
* Associate's degree or higher

  

*Compensation at Accenture varies depending on a wide array of factors, which may include but are not limited to the specific office location, role, skill set, and level of experience. As required by local law, Accenture provides a reasonable range of compensation for roles that may be hired as set forth below. We anticipate this job posting will be posted until 11/06/2026.*

  

*Accenture Flex offers a market competitive suite of benefits including medical, dental, vision, and long-term disability coverage, a 401(k) plan, and paid time off. See more information on our benefits here:*

*Accenture Flex Jobs*

  

*Role Location*

*California – $57.00 - $67.00/hour*

*Colorado – $57.00 - $67.00/hour*

*Connecticut – $57.00 - $67.00/hour*

*District of Columbia – $57.00 - $67.00/hour*

*Illinois - $57.00 - $67.00/hour*

*Maine - $57.00 - $67.00/hour*

*Maryland – $57.00 - $67.00/hour*

*Massachusetts – $57.00 - $67.00/hour*

*Minnesota - $57.00 - $67.00/hour*

*New Jersey/New York – $57.00 - $67.00/hour*

*Ohio – $57.00 - $67.00/hour*

*Virginia - $57.00 - $67.00/hour*

*Washington – $57.00 - $67.00/hour*

  

Pittsburgh, PA

Columbus, OH

  

**Requesting an Accommodation**

Accenture is committed to providing equal employment opportunities for persons with disabilities or religious observances, including reasonable accommodation when needed. If you are hired by Accenture and require accommodation to perform the essential functions of your role, you will be asked to participate in our reasonable accommodation process. Accommodations made to facilitate the recruiting process are not a guarantee of future or continued accommodations once hired.

If you would like to be considered for employment opportunities with Accenture and have accommodation needs such as for a disability or religious observance, please call us toll free at 1 (877) 889-9009 or send us an email or speak with your recruiter.

  

**Equal Employment Opportunity Statement**

We believe that no one should be discriminated against because of their differences. All employment decisions shall be made without regard to age, race, creed, color, religion, sex, national origin, ancestry, disability status, veteran status, sexual orientation, gender identity or expression, genetic information, marital status, citizenship status or any other basis as protected by federal, state, or local law. Our rich diversity makes us more innovative, more competitive, and more creative, which helps us better serve our clients and our communities.

  

Accenture is an EEO and Affirmative Action Employer of Veterans/Individuals with Disabilities.

Accenture is committed to providing veteran employment opportunities to our service men and women.

  

**Other Employment Statements**

Applicants for employment in the US must have work authorization that does not now or in the future require sponsorship of a visa for employment authorization in the United States.

Candidates who are currently employed by a client of Accenture or an affiliated Accenture business may not be eligible for consideration.

Job candidates will not be obligated to disclose sealed or expunged records of conviction or arrest as part of the hiring process. Further, at Accenture a criminal conviction history is not an absolute bar to employment.  
  
The Company will not discharge or in any other manner discriminate against employees or applicants because they have inquired about, discussed, or disclosed their own pay or the pay of another employee or applicant. Additionally, employees who have access to the compensation information of other employees or applicants as a part of their essential job functions cannot disclose the pay of other employees or applicants to individuals who do not otherwise have access to compensation information, unless the disclosure is (a) in response to a formal complaint or charge, (b) in furtherance of an investigation, proceeding, hearing, or action, including an investigation conducted by the employer, or (c) consistent with the Company's legal duty to furnish information.

California requires additional notifications for applicants and employees. If you are a California resident, live in or plan to work from Los Angeles County upon being hired for this position, please for additional important information.

Please read Accenture’s Recruiting and Hiring Statement for more information on how we process your data during the Recruiting and Hiring process.

  

We work with one shared purpose: to deliver on the promise of technology and human ingenuity. Every day, more than 775,000 of us help our stakeholders continuously reinvent. Together, we drive positive change and deliver value to our clients, partners, shareholders, communities, and each other.

We believe that delivering value requires innovation, and innovation thrives in an inclusive and diverse environment. We actively foster a workplace free from bias, where everyone feels a sense of belonging and is respected and empowered to do their best work.

At Accenture, we see well-being holistically, supporting our people’s physical, mental, and financial health. We also provide opportunities to keep skills relevant through certifications, learning, and diverse work experiences. We’re proud to be consistently recognized as one of the World’s Best Workplaces™.

Join Accenture to work at the heart of change. Visit us at www.accenture.com.",2026-10-08,57.0,67.0,False,jobspy/indeed,3
"New College Grad Software Engineer I (Bachelors - Santa Clara, CA)",Applied Materials,"Santa Clara, CA, USA",https://www.indeed.com/viewjob?jk=5a06eeda068f09ab,"**Who We Are**

  

Applied Materials is the global leader in materials science and engineering solutions that are at the foundation of virtually every new semiconductor chip and advanced display in the world. The equipment that we create and service is essential to advancing AI and accelerating the commercialization of next-generation semiconductor chips. Join us and push the boundaries of materials science and engineering in a company at the foundation of the electronics industry. The work we do together advances the world’s technology.

  
  

**What We Offer**

  

Salary:

$104,000.00 - $143,000.00

Location:

Santa Clara,CA

You’ll benefit from a supportive work culture that encourages you to learn, develop, and grow your career as you take on challenges and drive innovative solutions for our customers. We empower our team to push the boundaries of what is possible—while learning every day in a supportive leading global company. Visit our Careers website to learn more.

At Applied Materials, we care about the health and wellbeing of our employees. We’re committed to providing programs and support that encourage personal and professional growth and care for you at work, at home, or wherever you may go. Learn more about our benefits .

  
As a Software Engineer at Applied Materials, you’ll dive deep into ground-breaking technologies—like machine learning and AI—to craft novel software solutions that solve our customers’ high-value problems. Our Software Engineers are responsible for designing, prototyping, developing, and debugging software solutions for semiconductor equipment components and devices to ensure quality and functionality. You'll develop software documentation and test procedures, troubleshoot software problems, and communicate with internal customers to understand project requirements. As part of our team, you'll contribute your expertise in intricate systems, deciphering code, and anticipating software behaviors to ensure Applied remains the leader in the semiconductor and display sectors.  

**Role Responsibilities:**

* Design, prototype and develop software solutions for semiconductor equipment components and devices with limited complexity
* Develop software documentation and test procedures
* Troubleshoot software problems of limited difficulty
* Communicate with internal customers for an understanding of project requirements

**Minimum Qualifications:**

* Bachelor’s degree in a related field, such as computer science, information management, software/system engineering, cyber security or mathematics
* Familiarity with the basic theories and concepts of software engineering
* Proficiency in C/C++, .Net, C#

**Preferred Qualifications:**

* 1-2 years of related experience

**Additional Information**

**Time Type:**

Full time

**Employee Type:**

New College Grad

**Travel:**

Not Specified

**Relocation Eligible:**

Yes

The salary offered to a selected candidate will be based on multiple factors including location, hire grade, job-related knowledge, skills, experience, and with consideration of internal equity of our current team members. In addition to a comprehensive benefits package, candidates may be eligible for other forms of compensation such as participation in a bonus and a stock award program, as applicable.

For all sales roles, the posted salary range is the Target Total Cash (TTC) range for the role, which is the sum of base salary and target bonus amount at 100% goal achievement.

Applied Materials is an Equal Opportunity Employer. Qualified applicants will receive consideration for employment without regard to race, color, national origin, citizenship, ancestry, religion, creed, sex, sexual orientation, gender identity, age, disability, veteran or military status, or any other basis prohibited by law.

In addition, Applied endeavors to make our careers site accessible to all users. If you would like to contact us regarding accessibility of our website or need assistance completing the application process, please contact us via e-mail at Accommodations\_Program@amat.com, or by calling our HR Direct Help Line at 877-612-7547, option 1, and following the prompts to speak to an HR Advisor. This contact is for accommodation requests only and cannot be used to inquire about the status of applications.",2026-10-08,104000.0,143000.0,False,jobspy/indeed,3
"New College Grad Software Development Engineer (Bachelors - Santa Clara, CA)",Applied Materials,"Santa Clara, CA, USA",https://www.indeed.com/viewjob?jk=aea406f2ba01136f,"**Who We Are**

  

Applied Materials is the global leader in materials science and engineering solutions that are at the foundation of virtually every new semiconductor chip and advanced display in the world. The equipment that we create and service is essential to advancing AI and accelerating the commercialization of next-generation semiconductor chips. Join us and push the boundaries of materials science and engineering in a company at the foundation of the electronics industry. The work we do together advances the world’s technology.

  
  

**What We Offer**

  

Salary:

$104,000.00 - $143,000.00

Location:

Santa Clara,CA

You’ll benefit from a supportive work culture that encourages you to learn, develop, and grow your career as you take on challenges and drive innovative solutions for our customers. We empower our team to push the boundaries of what is possible—while learning every day in a supportive leading global company. Visit our Careers website to learn more.

At Applied Materials, we care about the health and wellbeing of our employees. We’re committed to providing programs and support that encourage personal and professional growth and care for you at work, at home, or wherever you may go. Learn more about our benefits .

  
As a Software Engineer at Applied Materials, you’ll dive deep into ground-breaking technologies—like machine learning and AI—to craft novel software solutions that solve our customers’ high-value problems. Our Software Engineers are responsible for designing, prototyping, developing, and debugging software solutions for semiconductor equipment components and devices to ensure quality and functionality. You'll develop software documentation and test procedures, troubleshoot software problems, and communicate with internal customers to understand project requirements. As part of our team, you'll contribute your expertise in intricate systems, deciphering code, and anticipating software behaviors to ensure Applied remains the leader in the semiconductor and display sectors.  

**Role Responsibilities:**

* Design, prototype and develop software solutions for semiconductor equipment components and devices with limited complexity
* Develop software documentation and test procedures
* Troubleshoot software problems of limited difficulty
* Communicate with internal customers for an understanding of project requirements

**Minimum Qualifications:**

* Bachelor’s degree in a related field, such as computer science, information management, software/system engineering, cyber security or mathematics
* Familiarity with the basic theories and concepts of software engineering
* Proficiency in C/C++, .Net, C#

**Preferred Qualifications:**

* 1-2 years of related experience

**Additional Information**

**Time Type:**

Full time

**Employee Type:**

New College Grad

**Travel:**

Not Specified

**Relocation Eligible:**

Yes

The salary offered to a selected candidate will be based on multiple factors including location, hire grade, job-related knowledge, skills, experience, and with consideration of internal equity of our current team members. In addition to a comprehensive benefits package, candidates may be eligible for other forms of compensation such as participation in a bonus and a stock award program, as applicable.

For all sales roles, the posted salary range is the Target Total Cash (TTC) range for the role, which is the sum of base salary and target bonus amount at 100% goal achievement.

Applied Materials is an Equal Opportunity Employer. Qualified applicants will receive consideration for employment without regard to race, color, national origin, citizenship, ancestry, religion, creed, sex, sexual orientation, gender identity, age, disability, veteran or military status, or any other basis prohibited by law.

In addition, Applied endeavors to make our careers site accessible to all users. If you would like to contact us regarding accessibility of our website or need assistance completing the application process, please contact us via e-mail at Accommodations\_Program@amat.com, or by calling our HR Direct Help Line at 877-612-7547, option 1, and following the prompts to speak to an HR Advisor. This contact is for accommodation requests only and cannot be used to inquire about the status of applications.",2026-10-08,104000.0,143000.0,False,jobspy/indeed,3
Staff Software Engineer – Golang,General Motors,"Warren, MI, USA",https://www.linkedin.com/jobs/view/4467791246,,2026-10-07,,,False,jobspy/linkedin,3
Founding Engineer,Premier Global Links,"New York, NY, USA",https://www.indeed.com/viewjob?jk=fef92215a79efc0c,"Premier Global Links LLC is seeking an early-career **Founding Engineer** to join a growing AI technology company focused on healthcare education and simulation. This role is ideal for an autonomous full-stack engineer who enjoys solving customer problems, building product features, and working directly with founders in a fast-paced startup environment.

The ideal candidate will have **0–4 years of full-stack engineering experience**, preferably with founding-team or early-stage startup experience, and the ability to work independently without detailed day-to-day direction.

**Key Responsibilities**

* Own technical customer support across AI avatar simulations, LMS, field experience, and compliance products.
* Diagnose and resolve technical issues reported by professors, students, and university administrators.
* Manage customer communication through email, calls, and other support channels.
* Start with straightforward technical support requests and gradually take ownership of more complex issues.
* Build automations and internal tools to reduce technical support workload and improve operational efficiency.
* Transition into full-stack product development as support processes become more efficient.
* Design, develop, test, and ship product features used by students and faculty.
* Act as a product partner when needed and help translate customer needs into technical solutions.
* Contribute to architecture, engineering practices, and AI-agent-driven workflows.
* Work closely with founders and the engineering team to solve problems and move quickly.

**Required Qualifications**

* **0–4 years of experience** as a Full-Stack Engineer, Forward-Deployed Engineer, or similar role.
* Experience working on a founding team, as a founder, or at an early-stage startup.
* Strong full-stack software development experience.
* Ability to work independently and take ownership of ambiguous technical problems.
* Strong problem-solving and troubleshooting skills.
* Ability to work **5 days per week in person in New York, NY**.
* Strong communication skills and comfort working directly with customers.

**Preferred Qualifications**

* Experience working at a promising early-stage or YC-backed startup.
* Experience in **EdTech** or working with university environments.
* Experience with AI-powered products or AI-agent workflows.
* Background from a strong technical university.
* Experience building internal tools, automations, or customer-facing software.
* Demonstrated ability to learn quickly and take on increasing technical responsibility.

**Work Schedule**

**On-site:** Full-time position based in **Midtown Manhattan, New York, NY**, with an expectation of working in person **5 days per week**.

This role involves close collaboration with founders, customers, and the engineering team in a fast-moving startup environment.

**Compensation**

**$160,000–$200,000 per year.**

Additional flexibility may be available for exceptional candidates.

**Benefits**

* Relocation assistance provided.
* Direct collaboration with company founders.
* Opportunity to take significant ownership at an early-stage AI technology company.
* Opportunity to transition from technical customer support into full-stack product development.

Premier Global Links LLC is an Equal Opportunity Employer. Qualified applicants will be considered without regard to race, color, religion, sex, national origin, age, disability, veteran status, or any other status protected by applicable law.",2026-10-08,160000.0,200000.0,False,jobspy/indeed,2
.Net FullStack Developer,eBusiness Solutions Inc.,"Columbus, OH, USA",https://www.indeed.com/viewjob?jk=240cbe962a23122d,"One of our client in the government domain is seeking a highly experienced **Senior .NET Full Stack Developer** with 7+ years of experience to support multiple enterprise application development projects. The ideal candidate will be well-rounded across modern Microsoft technologies and front-end frameworks, with strong expertise in Azure, React, Node.js, .NET, and SQL Server. This role requires the ability to work independently with minimal supervision while contributing to solution design, development, testing, documentation, and implementation activities across multiple projects.

**Senior .NET Full Stack Developer**  
**Location: Columbus, OH (Hybrid)**

### **Key Responsibilities**

* Design, develop, maintain, and enhance enterprise web and desktop applications.
* Participate in solution architecture, technical planning, requirements analysis, design, coding, testing, and deployment.
* Develop and support ASP.NET applications, APIs, WinForms applications, and database solutions.
* Create technical documentation, flow diagrams, test plans, and application support documentation.
* Perform unit testing, system testing, and support manual QA processes.
* Develop reports, application enhancements, and other project deliverables as assigned by the Application Manager.
* Mentor junior developers and promote software development best practices and code reusability standards.
* Collaborate across multiple projects and teams while ensuring timely delivery of assigned tasks.

### **Required Technologies**

* **Frontend:** React, Redux, JavaScript, Axios, Knockout, HTML, JSON
* **Backend:** C#, ASP.NET, .NET Framework 4.1 to Current, .NET Core 6/8/10, Node.js
* **Cloud & DevOps:** Azure, Azure Pipelines, Git, GitHub
* **Database:** Microsoft SQL Server (SQL 2012 to Latest), Stored Procedures, Functions, Tables, Views, Enterprise Data Modeling
* **Caching & Integration:** Redis, REST APIs
* **Tools:** Visual Studio, MS Visio (or equivalent diagramming tools)

### **Required Skills**

* Strong experience with Azure Pipelines, React, Redux, Redis, Axios, Node.js, C#, ASP.NET, and .NET Core.
* Experience developing enterprise-level web applications and APIs.
* Advanced SQL Server development and database design experience.
* Strong understanding of Git/GitHub version control practices.
* Experience with system testing, technical documentation, and application support.
* Ability to work independently and provide technical leadership and mentorship.
* Excellent analytical, communication, and problem-solving skills.

### **Preferred Qualifications**

* Bachelor//'s degree in Computer Science, Information Technology, or a related field.
* Experience with enterprise data modeling and architecture.
* Familiarity with manual QA testing methodologies.
* Willingness to learn new technologies and provide innovative technical solutions.

This position offers the opportunity to work across multiple application development initiatives, supporting both modernization efforts and ongoing enterprise application enhancements within a dynamic technology environment.",2026-10-08,45.0,50.0,False,jobspy/indeed,0
Web Developer,The Connor Group,"Miamisburg, OH, USA",https://www.indeed.com/viewjob?jk=7ba6061b287cd9e1,"The Connor Group is an industry leader with $5 billion in assets. We have been in business for over 30 years and have won multiple awards, including being named a *USA TODAY Top Workplace 2026.*

We are looking for a full-stack Web Developer with strong front-end expertise and a marketing mindset. This role will own and continuously improve customer-facing digital experiences across our portfolio. The ideal candidate combines strong technical expertise with an understanding of how websites attract prospects, influence customer behavior, and drive conversion.

Does this describe you?

* Are you a strong developer who views the website through the eyes of the customer, not just through a technical lens?
* Do you understand how design, content, UX, navigation, and calls to action influence conversion?
* Are you proactive, self-directed, and energized by solving complex problems?
* Do you take ownership of projects from concept through deployment and consistently deliver on commitments?
* Are you exceptionally organized and detail oriented, with high standards for the quality of your work?
* Do you use critical thinking to find better, simpler, and more effective solutions?
* Are you someone who is never fully satisfied with ""good enough"" and continuously looks for ways to test, optimize, and improve?
  

  

What we offer:

* Competitive base salary
* Best-in-the-business 401(k) with company match up to 9%
* Ability to earn equity ownership through promotion to Partner – valued at over $2 million over 20 years
* Named by USA TODAY and Forbes as one of the Best Workplaces in America
  

  

Qualified candidates will possess the following:

* 5+ years of professional web development experience, ideally supporting customer-facing websites for a conversion-driven business where the website generates revenue, leads, bookings, or transactions.
* Strong front-end expertise in JavaScript/TypeScript, HTML5, CSS3, responsive/mobile development, and modern front-end technologies.
* Extensive WordPress development experience, including custom themes, plugins, APIs, multisite configurations, performance, and troubleshooting.
* Strong proficiency in PHP and back-end web development, with the ability to independently work across the full technology stack.
* Strong understanding of digital marketing, UX, customer behavior, and conversion optimization, with the ability to translate business and marketing objectives into effective digital experiences.
* Strong understanding of SEO and website performance best practices, including site architecture, internal linking, page experience, site speed, and Core Web Vitals.
* Strong project ownership, problem-solving, and communication skills, with experience leading development from concept through deployment and collaborating with Marketing, SEO, Design, and Data teams.
  

  

Required: Bachelor's degree in Computer Science, Software Engineering, or a related field, or equivalent professional experience.",2026-10-08,,,False,jobspy/indeed,0
Software Engineering IC2,Microsoft,"Redmond, WA, USA",https://www.indeed.com/viewjob?jk=caf6d76e2bb981b1,"**Overview**

Come build community, explore your passions, and do your best work.

The Windows Servicing and Delivery (WSD) organization is responsible for delivering protected, productive, and predictable servicing experiences for Windows customers around the world. As security threats evolve and engineering systems grow in scale and complexity, WSD is investing in intelligent automation, large-scale quality analytics, and AI-powered validation platforms that improve the speed, quality, transparency, and reliability of the monthly security fixes delivered across the Windows ecosystem.

The Validation team plays a critical role in validating Windows servicing releases, including the monthly security fixes shipped to customers. The team develops and operates modern validation platforms, automation frameworks, telemetry systems, and AI-powered engineering solutions that help identify regressions, quantify release quality, and reduce deployment risk across consumer, enterprise, cloud, and OEM environments.

Our mission is to help engineering teams make better release decisions faster through trusted validation signals, actionable insights, scalable automation, durable platform services, and responsible use of AI technologies. By transforming validation from a collection of isolated tests into an intelligent engineering platform, we help ensure that monthly Windows security releases meet rigorous standards for reliability, security, and customer quality.

Position Summary

As a **Software Engineer** on the Validation team, you will contribute to software, services, automation systems, and AI-enabled solutions that improve validation effectiveness, engineering productivity, and the quality of monthly Windows security releases.

You will work with experienced engineers, validation specialists, and cross-functional partners to design, implement, test, deploy, and maintain cloud services, automation frameworks, telemetry pipelines, quality analytics platforms, and agent-based engineering experiences used to assess release readiness and security-fix quality.

This role provides an opportunity to build expertise in cloud-native services, engineering productivity systems, AI-assisted development workflows, large-scale reliability analysis, and modern validation technologies while helping deliver monthly Windows security updates at global scale.

Impact Statement

In this role, you will help modernize how the quality of Windows security fixes is validated and measured at scale. Your contributions will improve validation efficiency, strengthen confidence in monthly security releases, accelerate issue detection, and help deliver secure, reliable, and high-quality Windows updates to customers around the world.

Microsoft’s mission is to empower every person and every organization on the planet to achieve more. As employees we come together with a growth mindset, innovate to empower others, and collaborate to realize our shared goals. Each day we build on our values of respect, integrity, and accountability to create a culture of inclusion where everyone can thrive at work and beyond.

 **Responsibilities**

Software Development

* Design, implement, test, deploy, and maintain software components that support Windows validation and readiness for monthly security releases.
* Contribute to cloud-native services and automation platforms that improve validation coverage, scalability, reliability, and engineering efficiency.
* Develop APIs, workflow integrations, dashboards, and services that enable the collection, processing, and analysis of quality signals.

Validation Platform Engineering

* Build and enhance automation frameworks used to validate monthly Windows security fixes across diverse hardware, software, and deployment environments.
* Improve mechanisms that detect regressions, identify quality risks, and surface actionable insights earlier in the monthly security-release process.
* Contribute to systems that increase validation signal quality and reduce manual analysis effort.

AI and Intelligent Engineering

* Use AI-assisted development tools, including GitHub Copilot and agentic engineering workflows, to improve engineering productivity and software quality.
* Contribute to AI-powered solutions that automate repetitive engineering activities, improve investigation workflows, and accelerate root cause analysis.
* Participate in the development of agent-based engineering experiences that improve validation, reliability analysis, and operational efficiency.

Telemetry and Analytics

* Use data and telemetry to understand system behavior, identify trends, measure validation effectiveness, and support data-driven decisions for monthly security-release readiness.
* Develop dashboards, visualizations, and reporting capabilities that provide visibility into security-fix quality, test effectiveness, release readiness, and operational health.
* Work with large-scale engineering datasets to improve quality insights and confidence in monthly Windows security releases.

Service Reliability and Operations

* Participate in supporting validation services and platforms in production environments.
* Assist with investigation and mitigation of service issues, operational incidents, and reliability concerns.
* Contribute durable fixes, automation, documentation, and monitoring improvements that reduce operational burden and improve platform resiliency.

Engineering Excellence

* Participate in design reviews, code reviews, testing activities, and operational reviews.
* Follow engineering best practices for reliability, observability, maintainability, security, and responsible AI development.
* Continuously improve engineering processes, development workflows, and platform capabilities.

Collaboration

* Partner with engineering teams, release teams, servicing organizations, and functional stakeholders to improve validation outcomes and accelerate issue resolution for monthly security releases.
* Communicate technical concepts clearly and contribute effectively within a highly collaborative engineering environment.

  
**Qualifications**

**Required/Minimum Qualifications:**

* Bachelor's Degree in Computer Science, or related technical discipline with proven experience coding in languages including, but not limited to, C, C++, C#, Java, JavaScript, or Python.
  + OR equivalent experience.

**Additional or preferred qualifications**

**Other Requirements:** Ability to meet Microsoft, customer and/or government security screening requirements are required for this role. These requirements include but are not limited to the following specialized security screenings:

* **Microsoft Cloud Background Check:** This position will be required to pass the Microsoft Cloud background check upon hire/transfer and every two years thereafter.

**Preferred Qualifications:**

* Bachelor's Degree in Computer Science, Computer Engineering, Software Engineering, or related technical field, or equivalent practical experience.
* Experience developing software applications, services, APIs, automation systems, or engineering tools.
* Experience with one or more modern programming languages such as C#, Python, Java, C++, or similar languages.
* Experience working with cloud services, distributed systems, or modern software development practices.
* Understanding of software design, debugging, testing, and code quality principles.
* Experience using source control systems, CI/CD pipelines, and modern software engineering workflows.
* Effective problem-solving, analytical, and communication skills.
* Experience developing solutions using Microsoft Azure services.
* Experience with Kubernetes, containerized workloads, or cloud-native architectures.
* Experience with telemetry, analytics, Kusto (KQL), Power BI, or large-scale engineering data analysis.
* Experience building engineering productivity tools, automation systems, validation frameworks, or quality analytics platforms.
* Experience with software testing methodologies, validation systems, release readiness workflows, or quality engineering practices.
* Experience using AI-assisted development tools and modern engineering productivity technologies.
* Familiarity with large language models, retrieval systems, agentic workflows, MCP integrations, or intelligent automation solutions.
* Experience supporting production services and participating in operational excellence initiatives.

#W+DJOBS

#WDDJOBS

#WSDTSX

  
  
  

Software Engineering IC2 - The typical base pay range for this role across the U.S. is USD $85,400 - $168,100 per year. There is a different range applicable to specific work locations, within the San Francisco Bay area and New York City metropolitan area, and the base pay range for this role in those locations is USD $111,100 - $183,700 per year.

Certain roles may be eligible for benefits and other compensation. Find additional benefits and pay information here:  
https://careers.microsoft.com/us/en/us-corporate-pay

This position will be open for a minimum of 5 days, with applications accepted on an ongoing basis until the position is filled.

Microsoft is an equal opportunity employer. All qualified applicants will receive consideration for employment without regard to age, ancestry, citizenship, color, family or medical care leave, gender identity or expression, genetic information, immigration status, marital status, medical condition, national origin, physical or mental disability, political affiliation, protected veteran or military status, race, ethnicity, religion, sex (including pregnancy), sexual orientation, or any other characteristic protected by applicable local laws, regulations and ordinances. If you need assistance with religious accommodations and/or a reasonable accommodation due to a disability during the application process**.**",2026-10-08,85400.0,183700.0,False,jobspy/indeed,0
VIE - Software Engineer (based in Miami),Pelico,"Miami, FL, USA",https://www.indeed.com/viewjob?jk=85b64e32ec1fb240,"**About Pelico**
----------------

Traditional industrial manufacturing systems were built for predictability. Supply chains no longer are. Today, real-time data is buried in legacy tools that weren't designed for constant disruption. By the time an issue surfaces, it has already snowballed, sending everyone into firefighting mode. Pelico exists to close the gap between production plans and the daily reality on the factory floor.

We've built the manufacturing orchestration platform trusted by the world's most complex industrial operations : companies like Airbus, Boeing, Safran, Eaton, and Cartier. Our AI connects fragmented supply chain, production, and quality data into a single live operational picture — then puts AI agents to work anticipating disruptions, simulating recovery options, and keeping every team aligned before small problems become expensive ones.

Founded in 2019 and backed by General Catalyst, 83North, and Serena, we've raised $72M and are growing fast — 300% year-over-year revenue growth, deployed in 15+ countries, and supporting factories worldwide. We're headquartered in Paris, with offices in Miami, London and Amsterdam, and we're just getting started.

This is a rare chance to join a company that's redefining an industry that hasn't been disrupted in decades — from the inside.

**Mission**
===========

As a Software Engineer (V.I.E.) based in Miami, you will be part of the Product & Engineering team, contributing to the development and scaling of Pelico’s **AI-native platform** while collaborating closely with both local operations and the Engineering teams in France.

You will help build and evolve a platform designed from the ground up to leverage AI, working on impactful software solutions that support complex industrial operations and Pelico’s customers.

This role offers a unique opportunity to gain hands-on experience in a fast-growing, AI-native tech environment, while contributing to the company’s international growth.

**Main Responsibilities**
=========================

**1. Software Development & Delivery**
--------------------------------------

* Design, develop, and maintain features across Pelico’s platform (front-end, back-end, or full stack depending on profile).
* Write clean, efficient, and well-documented code.
* Contribute to **AI-powered features and capabilities**, leveraging AI technologies where relevant to enhance Pelico’s platform and customer solutions.
* Collaborate with product managers and designers to deliver impactful solutions to customers.
* Participate in code reviews and continuous improvement initiatives.

**2. Technical Support for Client Projects**
--------------------------------------------

* Support the deployment and integration of Pelico’s platform for U.S.-based clients.
* Troubleshoot and resolve technical issues in collaboration with customer success and data teams.
* Contribute to improving performance, reliability, and scalability of client deployments.

**3. Collaboration & Knowledge Sharing**
----------------------------------------

* Act as a bridge between the Miami team and the engineering team in Paris.
* Contribute to global engineering best practices and internal documentation.
* Support onboarding and mentoring of new team members if needed.

**Profile**
===========

**Education & Background**
--------------------------

* Master’s degree or equivalent in **Computer Science, Software Engineering, Data Science, Machine Learning, or a related field**.
* 1–3 years of relevant experience (internships or first job) in software development, ideally in a SaaS or tech environment.
* Eligible for the **V.I.E. program** (French or EU citizen, aged 18–28, registered on mon-vie-via.businessfrance.fr).

**Technical Skills**
--------------------

* Strong programming skills in **Python, Java, JavaScript, or TypeScript**.
* Experience with modern web frameworks (React, Node.js, Django, or similar).
* Familiarity with **cloud services (AWS, GCP, Azure)** and **APIs**.
* Knowledge of databases (SQL, PostgreSQL, MongoDB).
* Understanding of CI/CD, Git, and agile development principles.
* Interest in **AI/ML technologies and their application to real-world software products**.

**What We Offer**
=================

* A unique opportunity to **gain international experience** while contributing to Pelico’s expansion in the U.S. market.
* Hands-on exposure to an **AI-native SaaS platform** and a fast-paced tech environment, with mentoring from experienced engineers.
* The chance to **work cross-functionally** with product, operations, and customer teams.
* An inclusive and collaborative culture that values learning and innovation.

**Contract Information**
========================

* **Contract type:** V.I.E. (Volontariat International en Entreprise)
* **Duration:** 18 months
* **Location:** Miami, Florida, USA
* **Compensation:** According to Business France V.I.E. program standards
* **Reporting to:** Engineering Lead – Pelico Miami

*Pelico is an equal opportunity employer. We're committed to building a diverse team and an inclusive environment where everyone can do their best work.*",2026-10-08,,,False,jobspy/indeed,0
"Specialist, Application Developer - Full Stack Developer",L3Harris,"Melbourne, FL, USA",https://www.indeed.com/viewjob?jk=fa71c6a5c004ae9e,"L3Harris is dedicated to recruiting and developing high-performing talent who are passionate about what they do. Our employees are unified in a shared dedication to our customers’ mission and quest for professional growth. L3Harris provides an inclusive, engaging environment designed to empower employees and promote work-life success. Fundamental to our culture is an unwavering focus on values, dedication to our communities, and commitment to excellence in everything we do.

L3Harris is the Trusted Disruptor in defense tech. With customers’ mission-critical needs always in mind, our employees deliver end-to-end technology solutions connecting the space, air, land, sea and cyber domains in the interest of national security.

**Job Title:** Specialist, Application Developer - Full Stack Developer

**Job Code:** 45619

**Job Location**: Melbourne, FL; Arlington, VA; Herndon, VA; Salt Lake City; UT; Greenville, TX; Plano, TX; Rochester, NY; Remote Opportunity

**Job Schedule:** 9/80: Employees work 9 out of every 14 days – totaling 80 hours worked – and have every other Friday off

**Job Description**:

L3Harris is undertaking one of the largest-scale Data/AI implementations in the defense contracting sector. This multi-year, transformative program is building state-of-the-art AI applications on top of unified data. It is integrating ~100 legacy systems—including enterprise resource planning (ERP), product lifecycle management (PLM), supply chain, finance, operations, and specialized domain systems. The capabilities cover dozens of critical corporate use cases spanning program management, finance, operations, supply chain, engineering, and strategic planning.

The L3Harris Transformation team is seeking a Full Stack Developer to contribute to the development, testing, and support of applications, workflows, and data pipelines within the Palantir Foundry platform. This role will work as part of an agile, cross-functional team alongside architects, business system analysts, product owners, and senior developers to implement secure, scalable, and maintainable solutions that support critical enterprise use cases.

**Essential Functions:**

* Support the design, development, testing, and maintenance of full stack applications, workflows, and supporting services within the Palantir Foundry platform.
* Develop user-facing functionality, backend logic, and workflow features to support enterprise use cases across finance, supply chain, operations, engineering, and strategic planning.
* Translate user stories and functional requirements into technical solutions with guidance from senior developers and architects.
* Assist with development and maintenance of batch and near-real-time data pipelines integrating legacy enterprise systems into Foundry.
* Implement data transformations, validations, and quality checks to support reliable and accurate data products.
* Work with data architects and senior engineers to align development with ontology models, governance standards, and integration patterns.
* Write clean, maintainable, and well-documented code following team standards for coding, testing, and review.
* Participate in unit testing, integration testing, debugging, and defect resolution across application and data components.
* Contribute to frontend and backend enhancements, including UI components, APIs, pipeline logic, and workflow automation.
* Participate in agile ceremonies such as sprint planning, backlog refinement, daily standups, demos, and retrospectives.
* Provide task status updates, identify blockers, and support delivery commitments for assigned work.
* Contribute to continuous improvement of team development practices and tooling.
* Work closely with product owners, business analysts, architects, and peer developers to understand requirements and deliver effective technical solutions.
* Collaborate with security, infrastructure, and operations teams to support compliant and reliable deployments.
* Learn and apply enterprise architecture standards, secure development practices, and platform development guidelines.
* Develop proficiency in Palantir Foundry development frameworks, ontology-driven application development, and enterprise data integration patterns.
* Leverage modern development tools, including AI-assisted engineering tools where appropriate, to improve productivity and quality.
* Continuously build technical knowledge in software engineering, data engineering, and platform-based application delivery.

**Qualifications:**

* Bachelor’s Degree and minimum 4 years of prior relevant experience. Graduate Degree and a minimum of 2 years of prior related experience. In lieu of a degree, minimum of 8 years of prior related experience.

**Preferred Additional Skills:**

* Experience developing software applications using modern programming languages such as Python, Java, TypeScript, JavaScript, or similar.
* Experience with full stack software development, including frontend development, backend services, APIs, and data-driven applications.
* Experience working with relational or non-relational databases, data transformation logic, and systems integration.
* Understanding of software engineering best practices including version control, code reviews, unit testing, debugging, and CI/CD concepts.
* Experience working in agile development environments and collaborating with cross-functional teams.
* Strong problem-solving, communication, and teamwork skills.
* Experience with Palantir Foundry, including pipelines, Code Repositories, Workshop, Operational Applications, or ontology-based development.
* Experience building or supporting enterprise data pipelines, ETL processes, or application integrations across multiple systems.
* Experience with frontend frameworks such as React or Angular.
* Experience with backend/API development and scripting in Python or Java.
* Familiarity with cloud platforms, DevOps concepts, containerization, or infrastructure automation.
* Exposure to AI/ML-enabled workflows, analytics applications, or data products.
* Experience in regulated industries such as defense, aerospace, manufacturing, finance, or healthcare.
* Familiarity with secure software development practices and data governance concepts.

In compliance with pay transparency requirements, the salary range for this role in California, Massachusetts, New Jersey, Washington, and the Greater D.C, Denver, or NYC areas is $92,500-$171,500. The salary range for this role in Colorado state, Hawaii, Illinois, Maryland, Minnesota, New York state, and Vermont is $80,500-$149,500. This is not a guarantee of compensation or salary, as final offer amount may vary based on factors including but not limited to experience and geographic location. L3Harris also offers a variety of benefits, including health and disability insurance, 401(k) match, flexible spending accounts, EAP, education assistance, parental leave, paid time off, and company-paid holidays. The specific programs and options available to an employee may vary depending on date of hire, schedule type, and the applicability of collective bargaining agreements.

#LI-NR1

L3Harris Technologies is proud to be an Equal Opportunity Employer. L3Harris is committed to treating all employees and applicants for employment with respect and dignity and maintaining a workplace that is free from unlawful discrimination. All applicants will be considered for employment without regard to race, color, religion, age, national origin, ancestry, ethnicity, gender (including pregnancy, childbirth, breastfeeding or other related medical conditions), gender identity, gender expression, sexual orientation, marital status, veteran status, disability, genetic information, citizenship status, characteristic or membership in any other group protected by federal, state or local laws. L3Harris maintains a drug-free workplace and performs pre-employment substance abuse testing and background checks, where permitted by law.

Please be aware many of our positions require the ability to obtain a security clearance. Security clearances may only be granted to U.S. citizens. In addition, applicants who accept a conditional offer of employment may be subject to government security investigation(s) and must meet eligibility requirements for access to classified information.

By submitting your resume for this position, you understand and agree that L3Harris Technologies may share your resume, as well as any other related personal information or documentation you provide, with its subsidiaries and affiliated companies for the purpose of considering you for other available positions.

L3Harris Technologies is an E-Verify Employer. Please click here for the E-Verify Poster in English or Spanish. For information regarding your Right To Work, please click here for English or Spanish.",2026-10-08,92500.0,171500.0,False,jobspy/indeed,0
Software Developer,RTX,"Hartford, CT, USA",https://www.indeed.com/viewjob?jk=aa6511459ac03645,"**Date Posted:**

2026-10-07

**Country:**

United States of America

**Location:**

US-CT-REMOTE

**Position Role Type:**

Remote

**U.S. Citizen, U.S. Person, or Immigration Status Requirements:**

U.S. citizenship is required, as only U.S. citizens are authorized to access information under this program/contract.

**Security Clearance Type:**

None/Not Required

**Security Clearance Status:**

Not Required

At RTX, the world's largest aerospace and defense company, 185,000 great minds are united by purpose and inspired to make a difference solving the world’s most complex problems. With our three market leading businesses, world-class operations and investments in research and development, we offer capabilities and opportunity no one else can. Together, we push the boundaries of known science and find new ways to connect and protect our world. Join us and help shape the future of aerospace and defense.

**The following position is to join our RTX Enterprise Services team:**

  

We are seeking a Software Developer to support the development, enhancement, and deployment of mission-critical applications hosted on the cloud. In this role, you will contribute to the modernization of existing applications, drive new development initiatives, and ensure seamless production deployments. You will work in an Agile environment, collaborating with cross-functional teams to deliver high-quality software solutions.

**What You Will Do**

  

* Develop, enhance, and maintain cloud-hosted applications to meet business and technical requirements.
* Implement and manage REST APIs and backend services using Spring Boot and Java.
* Develop user interfaces utilizing JavaScript frameworks such as JSP, Knockout, and jQuery.
* Perform database design, development, and optimization using Oracle DB.
* Apply Eclipse Link JPA for data persistence and manage version control using Subversion (SVN).
* Utilize JWT and YAML for secure data handling and configuration management.
* Write and maintain scripts using Shell and PowerShell for automation and operational tasks.
* Collaborate with cross-functional teams to ensure alignment with business goals and technical requirements.
* Participate in Agile ceremonies and contribute to continuous improvement initiatives.
* Ability to interact with functional resources and explain complex technical concepts in a business-like manner.
* Occasional travel may be required to support business needs.

**Qualifications You Must Have**
--------------------------------

  

* University Degree or equivalent experience and minimum 5 years prior relevant experience, or An Advanced Degree in a related field and minimum 3 years experience
* 5 years of experience with REST API design and implementation with 4 years of experience with JavaScript frameworks, including JSP, Knockout, and jQuery.
* 3 years of experience working with Oracle DB and Eclipse Link JPA with scripting experience with Shell and PowerShell with Experience in Spring Boot and Java development.
* Proficiency in version control systems such as Subversion (SVN).
* Experience with JWT and YAML for secure data handling and configuration with the ability to interact with functional resources and explain complex technical concepts in a business-like manner.

**Qualifications We Prefer**
----------------------------

* Experience with MAVEN for project management and build automation and knowledge of SOLR/Lucene for search functionality and indexing.
* Familiarity with browser security concepts and best practices.
* Experience with Maria DB for database management and proficiency in JUnit for unit testing.
* Knowledge of Angular for front-end development.
* Experience with Git and GitHub Actions for version control and CI/CD pipelines.

**What We Offer**

Whether you’re just starting out on your career journey or are an experienced professional, we offer a robust total rewards package with compensation; healthcare, wellness, retirement and work/life benefits; career development and recognition programs. Some of the benefits we offer include parental (including paternal) leave, flexible work schedules, achievement awards, educational assistance and child/adult backup care.

**Learn More & Apply Now!**  
**Location:** This position is remote.

**Please consider the following role type definition as you apply for this role:**  
**Remote:** This position is currently designated as remote. Employees who are working in Remote roles will work primarily offsite (from home). The employee may be expected to travel to the Santa Isabel site location as needed.

***As part of our commitment to maintaining a secure hiring process, candidates may be asked to attend select steps of the interview process in-person at one of our office locations, regardless of whether the role is designated as on-site, hybrid or remote.***

The salary range for this role is 86,800 USD - 165,200 USD. The salary range provided is a good faith estimate representative of all experience levels. RTX considers several factors when extending an offer, including but not limited to, the role, function and associated responsibilities, a candidate’s work experience, location, education/training, and key skills.Hired applicants may be eligible for benefits, including but not limited to, medical, dental, vision, life insurance, short-term disability, long-term disability, 401(k) match, flexible spending accounts, flexible work schedules, employee assistance program, Employee Scholar Program, parental leave, paid time off, and holidays. Specific benefits are dependent upon the specific business unit as well as whether or not the position is covered by a collective-bargaining agreement.Hired applicants may be eligible for annual short-term and/or long-term incentive compensation programs depending on the level of the position and whether or not it is covered by a collective-bargaining agreement. Payments under these annual programs are not guaranteed and are dependent upon a variety of factors including, but not limited to, individual performance, business unit performance, and/or the company’s performance.This role is a U.S.-based role. If the successful candidate resides in a U.S. territory, the appropriate pay structure and benefits will apply.RTX anticipates the application window closing approximately 40 days from the date the notice was posted. However, factors such as candidate flow and business necessity may require RTX to shorten or extend the application window.

*RTX is an Equal Opportunity Employer. All qualified applicants will receive consideration for employment without regard to race, color, religion, sex, sexual orientation, gender identity, national origin, age, disability or veteran status, or any other applicable state or federal protected class. RTX provides affirmative action in employment for qualified Individuals with a Disability and Protected Veterans in compliance with Section 503 of the Rehabilitation Act and the Vietnam Era Veterans’ Readjustment Assistance Act.*

**Privacy Policy and Terms:**",2026-10-08,86800.0,165200.0,True,jobspy/indeed,0
Backend Engineer,ERGO NEXT Group INTERNAL,"IL, USA",https://www.indeed.com/viewjob?jk=6159b703a5b93046,"**Location: Kfar Saba, IL (hybrid)**

ERGO NEXT's mission is to help entrepreneurs thrive. We're doing that by building the only technology-led, full-stack provider of small business insurance in the industry, taking on the entire value chain and transforming the customer experience.

Simply put, wherever you find small businesses, you'll find ERGO NEXT.

Since 2016, we've helped hundreds of thousands of small business customers across the United States get fast, customized and affordable coverage. We're backed by industry leaders in insurance and tech, and we still have room to grow — that's where you come in.  
Our Backend Software Engineer can expect to work with the latest backend technologies and programming languages. We're big fans of server-side Kotlin, and we produce clean, testable code fast and push it into production several times a day via our CI / CD pipeline.

  

**What You'll Do:**

* Design, build, and maintain efficient, reusable, and reliable code, ensuring high performance and responsiveness of the system.
* Participate in architectural discussions and code reviews, actively contributing to elevating our engineering standards and best practices.
* Identify bottlenecks, optimize database queries, and continuously improve system performance and scalability.
* Embrace a 'you build it, you run it' approach, ensuring our production environments remain highly stable and observable.

**What We Need:**

* At least 3 years of proven experience in Backend development. Java/Kotlin or similar languages (Python, .NET).
* A B.Sc. in Computer Science or equivalent is a must.
* Excellent knowledge and understanding of OOP concepts and best practices
* Hands-on development of highly distributed, cloud-based environments - an advantage. We work with AWS, but any cloud experience is a plus.
* Experience working with Relational Databases and good SQL skills.
* Adaptable, with a passion for quickly learning new technologies and working effectively in a dynamic environment
* Good interpersonal and communication skills
* Experience leading large-scale features from end-to-end is a significant plus

*Don't meet every single requirement? Studies have shown that some underrepresented people are less likely to apply to jobs unless they meet every single qualification. At ERGO NEXT, we are dedicated to building a diverse, inclusive and respectful workplace, so if you're excited about this role but your past experience doesn't align perfectly with every qualification in the job description, we encourage you to apply anyways. You may be just the right candidate for this or other roles.*

*One of our core values is 'Play as a Team'; this means making sure everyone has an equal chance to participate and make a difference. We win by playing together. ERGO NEXT Insurance is an equal opportunity employer and prioritizes building a diverse and inclusive workplace. We provide equal employment opportunities to all employees and applicants of any type and do not discriminate based on race, color, religion, national origin, gender, age, sexual orientation, physical or mental disability, genetic information or characteristic, gender identity and expression, veteran status, or other non-job-related characteristics or other prohibited grounds specified in applicable federal, state, and local laws. ERGO NEXTs policy is to comply with all applicable laws related to nondiscrimination and equal opportunity and will not tolerate discrimination or harassment based on any of these characteristics. This policy applies to all terms and conditions of employment, including recruiting, hiring, placement, promotion, termination, layoff, recall, transfer, leaves of absence, compensation, and training.*",2026-10-08,,,False,jobspy/indeed,0
Sr. Software QA Engineer,Stanford Health Care,"Sacramento, CA, USA",https://www.indeed.com/viewjob?jk=86e96897cdcec738,"1.0 FTE Full time Day - 08 Hour R2660638 Remote USA 108480036 TDS Software Design Development Technology & Digital Solutions

If you're ready to be part of our legacy of hope and innovation, we encourage you to take the first step and explore our current job openings. Your best is waiting to be discovered.

  
Day - 08 Hour (United States of America)**This is a Stanford Health Care job.**  
  
**A Brief Overview**  
The Senior IT Software Application Specialist will independently, design improved application workflows, feature designs, and testing protocols. The role will evaluate the latest in QA and testing software and solutions to bring new tools to the team. This role supports core functions of IT systems and services for Stanford Medicine. This role is technically proficient in all areas of supported software, paying attention to design, function, and performance; including log reviews, automated alerts, performance metrics, and overall service metrics. The role will create and manage application specific workflows, such as triaging customer requests, provisioning resources, and tracking workflow progress, constantly evaluating processes to deliver application services more efficiently to end-users. The role will lead the use of Agile best practices, acting as product owner for some applications to represent large groups of end-users for related feature requests. The role will be responsible for presenting data service analytics, issue reports, and application performance and support metrics to leadership.
  
  
**Locations**  
Stanford Health Care  
  
**What you will do**

* LEVEL OF SUPERVISION:
* Normally receives no instructions on day- to-day work; general instructions on new assignments.
* Independently chooses and selects which tools to use to complete work.
* Responsibility may also be assigned for providing training, technical assistance or coordination to less skilled.
* CUSTOMER SUPPORT & INTERACTION:
* Provide tier-2 and 3 support of IT system incidents.
* Provide analytical assistance to junior team members to resolve application incidents, maintenance items, and enhancement requests.
* Coordinate application support with other informational technology teams.
* Frequent client interaction.
* May serve as primary contact for programs, services.
* Consults with all levels of management on various projects or subjects.
* Provide training or assistance to junior team members and contractors.
* Work with and mentor junior staff members to document workflows.
* Act as technology subject matter expert and clearly communicate technical concepts in business terms between and across the different groups while influencing outcomes.
* Communicate concepts in elegant, concise, eloquent form to management and to cross-functional departments or teams verbally, in writing, and through pictures or diagrams when appropriate. Take ownership of medium to high complexity issues and act as a liaison between customer and other support staff to facilitate resolution.
* Troubleshoot issues confronting customers and provide technical solutions.
* Represent and speak on behalf of the group to wider community at large, at conferences, and forums with peer institutions.
* Maintain up-to-date project documents for all initiatives that include technical details, user expectations, project goals, work effort, accountability, and deliverables.
* ADDITIONAL DUTIES:
* Research issues and use independent analysis and judgement to produce solution options (including alternative solutions when necessary to address system limitations) to complex and/or controversial matters, including pros, cons, risks, benefits, costs, and unintended consequences.
* Participate in and frequently facilitate/organize team and cross-team meetings and maintain appropriate meeting records.
* Cultivate shared understanding through facilitation, sketching, workshops, etc.
* Make sense of complexity through framing of problem and vision, diagrams, and information architecture.
* Communicate the user experience through personas, stories, journeys, and maps.
* Iterate toward optimal solutions through experiments and prototypes, ranging from hand-made artifacts to interactive digital simulations in code.
* Communicate and document design decisions and collaborate closely with other team members in business and development, partnering to resolve implementation issues and ensure quality.

  
**Education Qualifications**

* BA/BS in information technology or business-related field from accredited college or university.

  
**Experience Qualifications**

* Five (5) or more years of related work experience.
* Strong knowledge of internet/web tools, software development, scripting languages, and database design and use.

  
**Required Knowledge, Skills and Abilities**

* Strong understanding of common web technologies, including HTML, JavaScript, Cascading Style Sheets (CSS)
* Strong understanding of common database technologies, Standard Query Language (SQL), relational design, normalization, no-SQL databases
* Very strong logical processing – ability to systematically deduce point of failure in complex system.
* Ability to use visual thinking, storyboards, sketching, and communication designs to others
* Meticulous sense of detail and ability to seek out simple solutions to complex design challenges
* A strong interest in lean and agile user-centered approaches and methodologies
* Ability to approach a project from multiple angles with a creative-out of the box design approach and deliver on a variety of solutions
* Ability to effectively communicate with all levels of the organization
* Ability to work on multiple overlapping projects
* Ability to work independently with minimal supervision
* Strong shell scripting skills.
* Ability to engage actively in complex discussions, often on challenging and/or controversial subjects
* Ability to negotiate on behalf of others to achieve best outcomes for the department and the organization as a whole
* Ability to handle confrontation with appropriate grace, professionalism, cordiality, and firmness, and manages/resolves disputes appropriately.
* Ability to use appropriate interpersonal skills to give information to and receive information from coworkers and clients in a tactfully and professional manner.
* Ability to use effective approaches for choosing a course of action or developing appropriate solutions and/or reaching conclusions.
* Ability to develop new skills and teach others.
* Ability to collaborate and build consensus with stakeholders.
* Ability to understand and adhere to operational standards, policies, and procedures.
* Ability to identify risks and issues.
* Ability to develop solutions for new and unfamiliar challenges.
* Ability to analyze data, draw conclusions and interpret results.
Understanding of Software Development Life Cycle (SDLC)  

  
  
**These principles apply to ALL employees:**  
  
**SHC Commitment to Providing an Exceptional Patient & Family Experience**  
  
*Stanford Health Care sets a high standard for delivering value and an exceptional experience for our patients and families. Candidates for employment and existing employees must adopt and execute C-I-CARE standards for all of patients, families and towards each other. C-I-CARE is the foundation of Stanford’s patient-experience and represents a framework for patient-centered interactions. Simply put, we do what it takes to enable and empower patients and families to focus on health, healing and recovery.*  
  
*You will do this by executing against our three experience pillars, from the patient and family’s perspective:*

* Know Me: Anticipate my needs and status to deliver effective care
* Show Me the Way: Guide and prompt my actions to arrive at better outcomes and better health
* Coordinate for Me: Own the complexity of my care through coordination

**Equal Opportunity Employer Stanford Health Care (SHC) strongly values diversity and is committed to equal opportunity and non-discrimination in****all of****its policies and practices, including the area of employment. Accordingly, SHC does not discriminate against any person on the basis of race, color, sex, sexual orientation or gender identity and/or expression, religion, age, national or ethnic origin, political beliefs, marital status, medical condition, genetic information, veteran status, or disability, or the perception of any of the above. People of all genders, members of all racial and ethnic groups, people with disabilities, and veterans are encouraged to apply. Qualified applicants with criminal convictions will be considered after an individualized assessment of the conviction and the job requirements.**

Base Pay Scale: Generally starting at $64.63 - $85.65 per hour

The salary of the finalist selected for this role will be set based on a variety of factors, including but not limited to, internal equity, experience, education, specialty and training. This pay scale is not a promise of a particular wage.",2026-10-08,64.63,85.65,False,jobspy/indeed,0
Automation Engineer,Optimum,"Bethpage, NY, USA",https://www.indeed.com/viewjob?jk=f6d4c3963dc4d046,"**Are you looking to Optimize your life? Start your exciting path to a rewarding career today!**

We are Optimum, a leader in the fast-paced world of connectivity, and we're seeking driven and enthusiastic professionals to join our team, empower lives, fuel businesses, and drive innovation. Connectivity is no longer a luxury, but a necessity. A career at Optimum means you'll be enabling progress and enhancing lives by providing reliable, high-speed connectivity solutions that keep the world connected. Our successes, now and in the future, are powered by our amazing product, a commitment to our people and culture, and the connections we make in our communities.

If you are resourceful, collaborative, and passionate about delivering consistent excellence, Optimum is for you!

**Job Summary**
---------------

We're looking for a motivated Software Development Engineer I with an interest in AI and machine learning to join our growing AI engineering team. In this role, you will work across a portfolio of AI initiatives, helping take them from prototype and proof of concept to production systems the business can rely on. The work spans applied LLM and agent systems, intelligent automation of engineering workflows, and modeling and simulation of complex systems, and the mix shifts as new opportunities come in.

This is a role for someone who is comfortable with variety, picks up unfamiliar domains quickly, and wants to build depth in production AI systems. Familiarity with Confluent Kafka, Google Cloud, and BigQuery is important to this role, and you'll be supported in growing that expertise.

You'll collaborate with cross-functional teams, including developers, data scientists, ML engineers, product managers, and infrastructure teams to bring cutting-edge innovations to production at scale.

**Responsibilities**
--------------------

* Contribute to the development and productionalization of AI-driven systems and services across multiple initiatives, under the guidance of senior engineers.
* Implement, test, and maintain well-scoped components of AI applications and the pipelines that feed them.
* Help build and maintain streaming and batch data pipelines using Confluent Kafka and stream processing tooling such as Flink and Kafka Streams.
* Write and maintain queries and datasets in BigQuery that support AI workloads and reporting.
* Build and maintain APIs and microservices that support AI workloads.
* Support agent, tool-calling, and retrieval integrations so AI systems can query authoritative internal systems and return grounded, verifiable answers.
* Assist with modeling and simulation work, including digital twin approaches to complex infrastructure, where it accelerates engineering decision-making.
* Participate in code reviews, write unit and integration tests, and contribute to CI/CD automation.
* Support deployment, monitoring, and troubleshooting of AI services on Google Cloud.
* Follow AI best practices related to ethical AI, responsible data handling, and evaluation of AI output quality.
* Document the systems you work on so they are supportable by the wider team.
* Continuously build your skills in AI/ML and modern data engineering practices.

**Qualifications**
------------------

* Bachelor's degree in computer science or related field required
* 2-3 years of professional software development experience
* Strong communication skills, intellectual curiosity, and a willingness to give and receive feedback
* Proficiency in Python, along with working familiarity with JavaScript, GIT, NodeJS, and SQL
* Exposure to Confluent Kafka or another event streaming platform, with interest in developing depth in Confluent tooling such as Flink, Kafka Streams, Schema Registry, Kafka Connect, or ksqlDB
* Working knowledge of SQL and exposure to a cloud data warehouse; experience with BigQuery preferred
* Exposure to Google Cloud or another major cloud provider, with interest in building and productionalizing services on Google Cloud
* Foundational understanding of AI/ML concepts, including large language models, retrieval-augmented generation, and tool or function calling
* Interest in working across several projects at once and adapting to shifting priorities
* Familiarity with containers (Docker) and CI/CD pipelines
* Exposure to prompt engineering is an added advantage
* Foundational understanding of networking concepts (TCP/IP, routing, ACLs, and firewall policy)
* Exposure to modeling, simulation, or network configuration analysis tooling such as Batfish is a nice to have
* The person should be a strong team player
* The person should be in the New York area and ready for the hybrid work culture (3 days in the office)
* Familiarity with AI Tools and AI First mindset

At Optimum, every action and interaction we take part in, is driven by our three Guiding Principles: Do What’s Right, Drive One Optimum, and Make It Happen. These aren’t just words, they help us build trust, create real community, and embrace new ways of thinking. Our employees are empowered to do the right thing for our customers and co-workers and to recognize and reward these behaviors when we see them. It’s all part of the bigger picture of “Be The Difference” where each employee knows they have the power to enact real change, share new ideas, and understand that learning never stop.

If you have the drive to succeed and are ready to embark on a thrilling career, seize this opportunity today, and join our winning team. Together, we'll shape the future of connectivity.

All job descriptions and required skills, qualifications and responsibilities for a particular position are subject to modification by the Company from time to time, in the Company’s discretion based on business necessity.

We are an Equal Opportunity Employer committed to recruiting, hiring and promoting qualified people of all backgrounds regardless of gender, race, color, creed, national origin, religion, age, marital status, pregnancy, physical or mental disability, sexual orientation, gender identity, military or veteran status, or any other basis protected by federal, state, or local law.

The Company collects personal information about its applicants for employment that may include personal identifiers, professional or employment related information, photos, education information and/or protected classifications under federal and state law. This information is collected for employment purposes, including identification, work authorization, FCRA-compliant background screening, human resource administration and compliance with federal, state and local law.

Applicants for employment with The Company will never be asked to provide money (even if reimbursable) as part of the job application or hiring process. Please review our Fraud FAQ for further details.

Pay is competitive and based on a number of job-related factors, including skills and experience. The starting pay rate/range at time of hire for this position in the posted location is $83,538.00 - $137,241.00 / year. The rate/range provided herein is the anticipated pay at the time of hire and does not reflect future job opportunity.  
  
We appreciate your interest in this opportunity. Applicants must be authorized to work for ANY employer in the U.S. Please note that at this time, we do not provide visa sponsorship for employment.",2026-10-08,83538.0,137241.0,False,jobspy/indeed,0
Software Engineer III,JPMorganChase,"Palo Alto, CA, USA",https://www.indeed.com/viewjob?jk=4f8e21682d358acc,"**JOB DESCRIPTION**  
  
  

Be an integral part of an agile team that's constantly pushing the envelope to enhance, build, and deliver top-notch technology products.
  
  
As a Software Engineer III at JPMorganChase within the Commercial and Investment Bank Payments Technology team, you are an integral part of an agile team that works to enhance, build, and deliver trusted market-leading technology products in a secure, stable, and scalable way. Drive significant business impact through your capabilities and contributions, and apply deep technical expertise and problem-solving methodologies to tackle a diverse array of challenges that span multiple technologies and applications.

**Job Responsibilities**

* Regularly provides technical guidance and direction to support the business and its technical teams, contractors, and vendors
* Develops secure and high-quality production code, and reviews and debugs code written by others
* Drives adoption and governance of approved AI-assisted engineering practices across teams to improve code quality, delivery speed, and operational outcomes (e.g., AI-assisted code review/refactoring, test acceleration, release readiness, incident/root-cause analysis), while establishing measurable validation standards (secure coding, peer review, automated testing) and promoting reuse of proven patterns and automation within the SDLC/TLM toolchain.
* Applies knowledge of tools within the Software Development Life Cycle toolchain, including approved AI-assisted development and automation capabilities, to improve the value realized by automation at scale.
* Drives decisions that influence the product design, application functionality, and technical operations and processes
* Serves as a function-wide subject matter expert in one or more areas of focus
* Actively contributes to the engineering community as an advocate of firmwide frameworks, tools, and practices of the Software Development Life Cycle

**Required qualifications, capabilities, and skills**

* Formal training or certification on software engineering concepts and 3+ years applied experience
* Hands-on practical experience delivering system design, application development, testing, and operational stability
* Advanced in one or more programming language(s) in Java, Python, Go etc
* Demonstrated experience leading effective use of enterprise-authorized AI-assisted software development tools within the work environment (e.g., for coding, code review, test acceleration, troubleshooting) with the ability to set team expectations for validating AI outputs for correctness, performance, and security
* Strong understanding of responsible AI use in engineering workflows, including data sensitivity considerations, secure handling of inputs/outputs, and adherence to resiliency and security expectations; experience coaching senior engineers/leads on compliant usage patterns and controls.
* Ability to tackle design and functionality problems independently with little to no oversight  
  Practical cloud native experience

**Preferred qualifications, capabilities, and skills**

* Understanding of the core concepts of statistical models (regressions, xgboost etc)
* Understanding of core GenAI concepts and how to apply those in reliability settings
* Understanding of agentic systems and how they work in SRE environments to solve reliability problems
* Understanding in common ML tools and frameworks such Python, Spark, Air flow and cloud platforms
* Understanding in Cloud platforms (preferably AWS) and certifications

**FEDERAL DEPOSIT INSURANCE ACT:** This position is subject to Section 19 of the Federal Deposit Insurance Act. As such, an employment offer for this position is contingent on JPMorganChase's review of criminal conviction history, including pretrial diversions or program entries.

**ABOUT US**  
  
  

JPMorganChase, one of the oldest financial institutions, offers innovative financial solutions to millions of consumers, small businesses and many of the world's most prominent corporate, institutional and government clients under the J.P. Morgan and Chase brands. Our history spans over 200 years and today we are a leader in investment banking, consumer and small business banking, commercial banking, financial transaction processing and asset management.

We offer a competitive total rewards package including base salary determined based on the role, experience, skill set and location. Those in eligible roles may receive commission-based pay and/or discretionary incentive compensation, paid in the form of cash and/or forfeitable equity, awarded in recognition of individual achievements and contributions. We also offer a range of benefits and programs to meet employee needs, based on eligibility. These benefits include comprehensive health care coverage, on-site health and wellness centers, a retirement savings plan, backup childcare, tuition reimbursement, mental health support, financial coaching and more. Additional details about total compensation and benefits will be provided during the hiring process.

We recognize that our people are our strength and the diverse talents they bring to our global workforce are directly linked to our success. We are an equal opportunity employer and place a high value on diversity and inclusion at our company. We do not discriminate on the basis of any protected attribute, including race, religion, color, national origin, gender, sexual orientation, gender identity, gender expression, age, marital or veteran status, pregnancy or disability, or any other basis protected under applicable law. We also make reasonable accommodations for applicants' and employees' religious practices and beliefs, as well as mental health or physical disability needs. Visit our FAQs for more information about requesting an accommodation.

JPMorgan Chase & Co. is an Equal Opportunity Employer, including Disability/Veterans

  
  
**ABOUT THE TEAM**
  
  
J.P. Morgan's Commercial & Investment Bank is a global leader across banking, markets, securities services and payments. Corporations, governments and institutions throughout the world entrust us with their business in more than 100 countries. The Commercial & Investment Bank provides strategic advice, raises capital, manages risk and extends liquidity in markets around the world.",2026-10-08,137750.0,185000.0,False,jobspy/indeed,0
Software Engineer,Relativity,"IL, USA",https://www.indeed.com/viewjob?jk=238e3438de6e9e55,"***Posting Type***

Hybrid

***Job Overview***

WHAT YOU'LL DO
  
Design, develop, and operate cloud-based services that enable organizations to manage and process data at scale across multiple platforms. Build full-stack features across .NET/C# backend services, React/JavaScript frontends, and SQL data layers to support core product workflows. Build and maintain integrations with external systems and internal platform services, including third-party cloud data sources, notification providers, and cross-team APIs. Apply cloud-native patterns, including containerization, event-driven architecture, and infrastructure-as-code, to deliver scalable and resilient services on Azure. Manage and troubleshoot CI/CD pipelines (Azure DevOps, GitHub Actions) and drive independent deployments across team-owned services. Use observability tooling, including structured logging, metrics dashboards, and distributed tracing, to investigate production issues and advocate for system improvements. Triage and remediate security vulnerabilities as part of the team's ongoing security posture work. Participate in on-call rotations, contribute to incident response, and complete follow-up work to drive continuous improvement. Collaborate cross-functionally with engineers, product managers, and adjacent teams to deliver committed sprint work on a regular cadence.

***Job Description and Requirements***

**WHAT WE'RE LOOKING FOR**
--------------------------

  

### **Required**

* Bachelor's degree or equivalent practical experience.
* Proficiency in C# and .NET, or a comparable object-oriented language with a willingness to ramp onto the stack.
* Experience building software services, ideally cloud-based.
* Ability to work through well-defined features and debug issues with support from senior team members.
* Familiarity with relational databases and SQL.

### **Preferred**

* Experience with JavaScript/TypeScript and React for full-stack development.
* Working knowledge of CI/CD pipeline tooling (Azure DevOps, GitHub Actions, or similar).
* Familiarity with observability platforms such as New Relic, Splunk, or equivalent APM/logging tools.
* Exposure to authentication patterns (OAuth 2.0, OIDC, or SAML) in enterprise SaaS applications.
* Experience building or maintaining integrations with third-party APIs or enterprise SaaS systems.
* Familiarity with cloud-native concepts such as containerization, event-driven design, or infrastructure-as-code (Azure preferred).

**Relativity is committed to competitive, fair, and equitable compensation practices.**

This position is eligible for total compensation which includes a competitive base salary, an annual performance bonus, and long-term incentives.

The expected salary range for this role is between following values:

$79,000 and $119,000

The final offered salary will be based on several factors, including but not limited to the candidate's depth of experience, skill set, qualifications, and internal pay equity. Hiring at the top end of the range would not be typical, to allow for future meaningful salary growth in this position.

**Required Skills:**

Automation, Documentations, Engineering Design, Problem Solving, Process Improvements, Project Management, Quality Assurance (QA), Research and Development, System Integration, Troubleshooting",2026-10-08,79000.0,119000.0,False,jobspy/indeed,0
Software Engineer I - DevOps / DevSecOps,Sierra Space,"Louisville, CO, USA",https://www.indeed.com/viewjob?jk=3a5f4e0739568034,"**Sierra Space Careers:**
=========================

At Sierra Space, we build the missions and systems that keep our world secure in the domain above Earth.

Sierra Space team members share a spirit of innovation and collaboration and a belief that we can deliver on the boldest missions in space today. Together with our customers, we aim to safeguard our nation, sustain human presence in space, and secure the freedom of operations in low Earth orbit and beyond.

Our success is measured by the trust of those who rely on what we build and deliver, and our technologies keep the United States and its allies mission-ready throughout space.

We are mission-driven, and together, we are an extraordinary team.

**About the Role**
==================

The Software Engineer I role involves designing, developing, and testing software applications for space systems and technologies. This entry-level position is ideal for individuals with a basic understanding of programming languages and software development principles who are eager to grow their skills in a collaborative environment. The role includes writing clean, maintainable code, collaborating with senior engineers, and staying current with industry trends.  
  
In this role, you will design, develop, and test software applications for space systems and technologies while writing clean, maintainable code that adheres to best practices and coding standards. You will collaborate with senior engineers to understand project requirements and complete assigned tasks efficiently. Utilizing version control systems such as Git, you will manage code changes and work collaboratively with team members. You will participate in code reviews to ensure code quality and compliance with development standards, troubleshoot and resolve software-related issues in a timely manner, and document software designs, configurations, processes, and procedures for future reference. Additionally, you will stay current with industry trends and advancements in software development and space technologies to continuously improve your skills and contribute effectively to the team.

**About You**
=============

Our mission is driven by an unyielding commitment to advancing space-based technology in service of our customers and safeguarding national security. We seek individuals who are passionate about innovating beyond boundaries and relentlessly pursuing solutions that protect, preserve and empower – to join us in this critical mission.

We’re looking for team members who align with our values, mission and goals – while also meeting the minimum qualifications below. The preferred qualifications are a bonus, not a requirement.

**Minimum Qualifications:**
---------------------------

* Requires bachelor's degree in a related field (or equivalent work experience in lieu of degree).
* Typically, 0 - 2+ years of experience.
* Basic understanding of one or more programming languages and software development principles.
* Ability to write clean, maintainable code.
* Familiarity with version control systems such as Git.
* Ability to work in a team environment.
* The ability to obtain and maintain a U.S. Security Clearance is required.

**Preferred Qualifications:**
-----------------------------

* Some exposure to or coursework/project experience related to DevOps/DevSecOps practices.
* Basic proficiency in one or more scripting languages (e.g., Python, Bash).
* Familiarity with CI/CD pipeline concepts (e.g., GitHub Actions or GitLab CI).
* Basic familiarity with containerization technologies like Docker.
* Familiarity with Linux environments.
* Foundational understanding of security and software development best practices.
* Coursework or project experience with C/C++ build tools is a plus (CMake, Conan).
* Ability to assist in identifying inefficiencies in development workflows under guidance.
* Good problem-solving skills and attention to detail.
* Strong communication and teamwork skills, with eagerness to learn from senior team members.
* Basic familiarity with cloud platforms (AWS, GCP, Azure).
* Exposure to orchestration tools like Kubernetes is a plus.
* Basic exposure to infrastructure as code (IaC) tools such as Terraform or Ansible.
* Exposure to logging and monitoring tools (ELK stack, Prometheus, Grafana).

**Compensation****:**
---------------------

Pay Range:

$83,999.00 - $115,498.25

Your actual base compensation will be determined on a case-by-case basis and may vary based on job-related knowledge and skills, education, experience, internal equity and market competitiveness.

**IMPORTANT NOTICE:**

This position requires the ability to obtain and maintain a U.S. Security Clearance. U.S. Citizenship status is required as this position needs an active U.S. Security Clearance for employment. Non-U.S. citizens may not be eligible to obtain a security clearance. The Department of Defense Consolidated Adjudications Facility (DoD CAF), a federal government agency, handles the adjudicative aspects of the security clearance eligibility process for industry applicants. Adjudicative factors which affect the outcome of the eligibility determination include, but are not limited to, allegiance to the U.S., foreign influence, foreign preference, criminal conduct, security violations and illegal drug use.

**Elevate Your Career**
=======================

At Sierra Space, we are committed to your personal and professional development. We empower you to make profound and meaningful contributions and foster a vibrant culture of collaboration, where teamwork ignites breakthrough innovations.

We also offer a generous benefit package, including medical, dental, and vision plans, 401(k) with 150% match up to 6%, life insurance, 3 weeks paid time off, and more.

Sierra Space is an industry-leading space and defense technology company providing satellites, spacecraft, and enabling mission systems and components. We deliver mission-proven technologies to our customers that safeguard our nation, protect space-based assets and enable space exploration.

*Application Deadline: This role will remain posted until a qualified pool of candidates is* *identified.*

***Please note: Sierra Space does not accept unsolicited resumes from contract agencies or search firms. Any unsolicited resumes submitted to our website or to Sierra Space team members not through our approved vendor list or Talent Acquisition will be considered property of Sierra Space, and we will not be obligated to pay any referral fees.***

Sierra Space Corporation is an equal opportunity employer and is committed to working with and providing reasonable accommodations to applicants with disabilities. If you need special assistance or a reasonable accommodation related to applying for employment with Sierra Space or at any stage of the recruitment process, please contact us.

  

### **About Us**

**About Sierra Space**
======================

Headquartered in Colorado, Sierra Space is a mission-proven Defense Tech company delivering satellite platforms, critical subsystems, reusable spaceplanes, hypersonic technologies, propulsion systems, and infrastructure for the nation’s most critical missions. With more than three decades of heritage and a record of flight-proven success in space, Sierra Space is trusted by U.S. National Security, Civil customers, and global allies. Our technologies safeguard our nation, sustain human exploration in space, and ensure the freedom of operations beyond Earth.

Sierra Space is defining the new era of Space Defense, strengthening deterrence today and preserving freedom of action for generations to come.",2026-10-08,83999.0,115498.25,False,jobspy/indeed,0
Software Engineer I - Ground Software,Sierra Space,"Centennial, CO, USA",https://www.indeed.com/viewjob?jk=8a11c9149c89a901,"**Sierra Space Careers:**
=========================

At Sierra Space, we build the missions and systems that keep our world secure in the domain above Earth.

Sierra Space team members share a spirit of innovation and collaboration and a belief that we can deliver on the boldest missions in space today. Together with our customers, we aim to safeguard our nation, sustain human presence in space, and secure the freedom of operations in low Earth orbit and beyond.

Our success is measured by the trust of those who rely on what we build and deliver, and our technologies keep the United States and its allies mission-ready throughout space.

We are mission-driven, and together, we are an extraordinary team.

**About the Role**
==================

The Software Engineer I role involves designing, developing, and testing software applications for space systems and technologies. This entry-level position is ideal for individuals with a basic understanding of programming languages and software development principles who are eager to grow their skills in a collaborative environment. The role includes writing clean, maintainable code, collaborating with senior engineers, and staying current with industry trends.  
  
In this role, you will design, develop, and test software applications for space systems and technologies while writing clean, maintainable code that adheres to best practices and coding standards. You will collaborate with senior engineers to understand project requirements and complete assigned tasks efficiently. Utilizing version control systems such as Git, you will manage code changes and work collaboratively with team members. You will participate in code reviews to ensure code quality and compliance with development standards, troubleshoot and resolve software-related issues in a timely manner, and document software designs, configurations, processes, and procedures for future reference. Additionally, you will stay current with industry trends and advancements in software development and space technologies to continuously improve your skills and contribute effectively to the team.

**About You**
=============

Our mission is driven by an unyielding commitment to advancing space-based technology in service of our customers and safeguarding national security. We seek individuals who are passionate about innovating beyond boundaries and relentlessly pursuing solutions that protect, preserve and empower – to join us in this critical mission.

We’re looking for team members who align with our values, mission and goals – while also meeting the minimum qualifications below. The preferred qualifications are a bonus, not a requirement.

**Minimum Qualifications:**
---------------------------

* Requires bachelor's degree in a related field (or equivalent work experience in lieu of degree).
* Typically, 0 - 2 years of experience.
* Basic understanding of one or more programming languages and software development principles.
* Ability to write clean, maintainable code.
* Familiarity with version control systems such as Git.
* Ability to work in a team environment.
* The ability to obtain and maintain a U.S. Security Clearance is required

**Preferred Qualifications:**
-----------------------------

* Frontend development experience, preferably using React, Typescript, NodeJS, FastAPI or similar.
* Familiarity with both Windows and Linus/Unix development environments.
* Understanding of basic networking concepts (TCP/IP, sockets, client-server architectures).
* Exposure to CI/CD pipelines and/or automated testing frameworks.
* Exposure to command and control (C2), telemetry, or mission-operations software concepts.
* Basic understanding of spacecraft, satellite, or ground system operations concepts.
* Understanding of Agile software development methodologies such as Scrum or Kanban.
* Strong problem-solving skills and attention to detail.
* Excellent communication skills and the ability to work effectively in a fast-paced, team environment.

**Compensation****:**
---------------------

Pay Range:

$83,999.00 - $115,498.25

Your actual base compensation will be determined on a case-by-case basis and may vary based on job-related knowledge and skills, education, experience, internal equity and market competitiveness.

**IMPORTANT NOTICE:**

This position requires the ability to obtain and maintain a U.S. Security Clearance. U.S. Citizenship status is required as this position needs an active U.S. Security Clearance for employment. Non-U.S. citizens may not be eligible to obtain a security clearance. The Department of Defense Consolidated Adjudications Facility (DoD CAF), a federal government agency, handles the adjudicative aspects of the security clearance eligibility process for industry applicants. Adjudicative factors which affect the outcome of the eligibility determination include, but are not limited to, allegiance to the U.S., foreign influence, foreign preference, criminal conduct, security violations and illegal drug use.

**Elevate Your Career**
=======================

At Sierra Space, we are committed to your personal and professional development. We empower you to make profound and meaningful contributions and foster a vibrant culture of collaboration, where teamwork ignites breakthrough innovations.

We also offer a generous benefit package, including medical, dental, and vision plans, 401(k) with 150% match up to 6%, life insurance, 3 weeks paid time off, and more.

Sierra Space is an industry-leading space and defense technology company providing satellites, spacecraft, and enabling mission systems and components. We deliver mission-proven technologies to our customers that safeguard our nation, protect space-based assets and enable space exploration.

*Application Deadline: This role will remain posted until a qualified pool of candidates is* *identified.*

***Please note: Sierra Space does not accept unsolicited resumes from contract agencies or search firms. Any unsolicited resumes submitted to our website or to Sierra Space team members not through our approved vendor list or Talent Acquisition will be considered property of Sierra Space, and we will not be obligated to pay any referral fees.***

Sierra Space Corporation is an equal opportunity employer and is committed to working with and providing reasonable accommodations to applicants with disabilities. If you need special assistance or a reasonable accommodation related to applying for employment with Sierra Space or at any stage of the recruitment process, please contact us.

  

### **About Us**

**About Sierra Space**
======================

Headquartered in Colorado, Sierra Space is a mission-proven Defense Tech company delivering satellite platforms, critical subsystems, reusable spaceplanes, hypersonic technologies, propulsion systems, and infrastructure for the nation’s most critical missions. With more than three decades of heritage and a record of flight-proven success in space, Sierra Space is trusted by U.S. National Security, Civil customers, and global allies. Our technologies safeguard our nation, sustain human exploration in space, and ensure the freedom of operations beyond Earth.

Sierra Space is defining the new era of Space Defense, strengthening deterrence today and preserving freedom of action for generations to come.",2026-10-08,83999.0,115498.25,False,jobspy/indeed,0
Software Engineer I - Flight Software,Sierra Space,"Centennial, CO, USA",https://www.indeed.com/viewjob?jk=742ea11b0c6a37f9,"**Sierra Space Careers:**
=========================

At Sierra Space, we build the missions and systems that keep our world secure in the domain above Earth.

Sierra Space team members share a spirit of innovation and collaboration and a belief that we can deliver on the boldest missions in space today. Together with our customers, we aim to safeguard our nation, sustain human presence in space, and secure the freedom of operations in low Earth orbit and beyond.

Our success is measured by the trust of those who rely on what we build and deliver, and our technologies keep the United States and its allies mission-ready throughout space.

We are mission-driven, and together, we are an extraordinary team.

**About the Role**
==================

The Software Engineer I role involves designing, developing, and testing software applications for space systems and technologies. This entry-level position is ideal for individuals with a basic understanding of programming languages and software development principles who are eager to grow their skills in a collaborative environment. The role includes writing clean, maintainable code, collaborating with senior engineers, and staying current with industry trends.  
  
In this role, you will design, develop, and test software applications for space systems and technologies while writing clean, maintainable code that adheres to best practices and coding standards. You will collaborate with senior engineers to understand project requirements and complete assigned tasks efficiently. Utilizing version control systems such as Git, you will manage code changes and work collaboratively with team members. You will participate in code reviews to ensure code quality and compliance with development standards, troubleshoot and resolve software-related issues in a timely manner, and document software designs, configurations, processes, and procedures for future reference. Additionally, you will stay current with industry trends and advancements in software development and space technologies to continuously improve your skills and contribute effectively to the team.

**About You**
=============

Our mission is driven by an unyielding commitment to advancing space-based technology in service of our customers and safeguarding national security. We seek individuals who are passionate about innovating beyond boundaries and relentlessly pursuing solutions that protect, preserve and empower – to join us in this critical mission.

We’re looking for team members who align with our values, mission and goals – while also meeting the minimum qualifications below. The preferred qualifications are a bonus, not a requirement.

**Minimum Qualifications:**
---------------------------

* Requires bachelor's degree in a related field (or equivalent work experience in lieu of degree).
* Typically, 0 - 2 years of experience.
* Basic understanding of one or more programming languages and software development principles.
* Ability to write clean, maintainable code.
* Familiarity with version control systems such as Git.
* Ability to work in a team environment.
* The ability to obtain and maintain a U.S. Security Clearance is required

**Preferred Qualifications:**
-----------------------------

* Additional experience in embedded systems or software development through coursework, internships, or employment.
* Familiarity with programming languages such as Python or C++.
* Understanding of software development methodologies such as Agile or Scrum/Kanban.
* Strong problem-solving skills and attention to detail.
* Excellent communication skills and the ability to work effectively in a team environment.

**Compensation****:**
---------------------

Pay Range:

$83,999.00 - $115,498.25

Your actual base compensation will be determined on a case-by-case basis and may vary based on job-related knowledge and skills, education, experience, internal equity and market competitiveness.

**IMPORTANT NOTICE:**

This position requires the ability to obtain and maintain a U.S. Security Clearance. U.S. Citizenship status is required as this position needs an active U.S. Security Clearance for employment. Non-U.S. citizens may not be eligible to obtain a security clearance. The Department of Defense Consolidated Adjudications Facility (DoD CAF), a federal government agency, handles the adjudicative aspects of the security clearance eligibility process for industry applicants. Adjudicative factors which affect the outcome of the eligibility determination include, but are not limited to, allegiance to the U.S., foreign influence, foreign preference, criminal conduct, security violations and illegal drug use.

**Elevate Your Career**
=======================

At Sierra Space, we are committed to your personal and professional development. We empower you to make profound and meaningful contributions and foster a vibrant culture of collaboration, where teamwork ignites breakthrough innovations.

We also offer a generous benefit package, including medical, dental, and vision plans, 401(k) with 150% match up to 6%, life insurance, 3 weeks paid time off, and more.

Sierra Space is an industry-leading space and defense technology company providing satellites, spacecraft, and enabling mission systems and components. We deliver mission-proven technologies to our customers that safeguard our nation, protect space-based assets and enable space exploration.

*Application Deadline: This role will remain posted until a qualified pool of candidates is* *identified.*

***Please note: Sierra Space does not accept unsolicited resumes from contract agencies or search firms. Any unsolicited resumes submitted to our website or to Sierra Space team members not through our approved vendor list or Talent Acquisition will be considered property of Sierra Space, and we will not be obligated to pay any referral fees.***

Sierra Space Corporation is an equal opportunity employer and is committed to working with and providing reasonable accommodations to applicants with disabilities. If you need special assistance or a reasonable accommodation related to applying for employment with Sierra Space or at any stage of the recruitment process, please contact us.

  

### **About Us**

**About Sierra Space**
======================

Headquartered in Colorado, Sierra Space is a mission-proven Defense Tech company delivering satellite platforms, critical subsystems, reusable spaceplanes, hypersonic technologies, propulsion systems, and infrastructure for the nation’s most critical missions. With more than three decades of heritage and a record of flight-proven success in space, Sierra Space is trusted by U.S. National Security, Civil customers, and global allies. Our technologies safeguard our nation, sustain human exploration in space, and ensure the freedom of operations beyond Earth.

Sierra Space is defining the new era of Space Defense, strengthening deterrence today and preserving freedom of action for generations to come.",2026-10-08,83999.0,115498.25,False,jobspy/indeed,0
Java Developer,Charles Schwab,"Southlake, TX, USA",https://www.indeed.com/viewjob?jk=14f33da6cbcf88be,"Southlake, TX ; Austin, TX

**Requisition ID** 2026-127728 **Category** Engineering & Software Development **Position type** Regular **Pay range** USD $108,000.00 - $116,000.00 / Year **Application deadline** 2026-10-11

  

**Your opportunity**
--------------------

  
  

At Schwab, you’re empowered to make an impact on your career. Here, innovative thinking meets creative problem-solving, helping us challenge the status quo and transform the financial services industry. We believe in the value of in-office collaboration, and the selected candidate for this role will work on-site in the designated location.

We are seeking a Software Engineer who is passionate about technology and the experiences it creates to join our Contact Center Technology development team. This is an exciting opportunity to help build innovative, scalable technology solutions in a fast-paced Agile environment.

**What you have**
-----------------

  
  

**Required Qualifications**

* Bachelor’s degree in Computer Science or a related field
* 3+ years of professional software development experience, including hands-on development with Java and the Spring Framework
* Experience with Spring Boot, RESTful web services, and enterprise application development
* Understanding of object-oriented programming, application debugging, and common software design principles
* Working knowledge of SQL and relational databases
* Experience with automated testing, Git, Bamboo, and CI/CD practices
* Familiarity with Agile development methodologies and CI/CD concepts
* Ability to complete assigned tasks, seek guidance when needed, and work collaboratively within a team
* Exposure to PCF or another cloud application platform
* Familiarity with Jira, Confluence, MongoDB or other NoSQL databases, and messaging platforms such as Kafka or RabbitMQ preferred

**What You'll Do**

* Develop and maintain application features using Java, Spring, and Spring Boot
* Build and enhance REST APIs and integrate with existing services
* Translate business and technical requirements into maintainable solutions with guidance from senior developers and technical leads
* Write automated unit and integration tests, participate in code reviews, and troubleshoot application issues
* Investigate defects, diagnose application issues, and implement fixes
* Create technical documentation, design diagrams, and API specifications
* Collaborate with business analysts, QA engineers, and development partners to clarify requirements and deliver quality software
* Participate in Agile ceremonies and communicate progress, dependencies, and blockers
* Support deployments and production troubleshooting with guidance from the team
Learn and* team standards for secure coding, testing, and maintainable software development

  

**What’s in it for you**
------------------------

At Schwab, you’re empowered to shape your future. We champion your growth through meaningful work, continuous learning, and a culture of trust and collaboration—so you can build the skills to make a lasting impact. Our Hybrid Work and Flexibility approach balances our ongoing commitment to workplace flexibility, serving our clients, and our strong belief in the value of being together in person on a regular basis.

We offer a competitive benefits package that takes care of the whole you – both today and in the future:

* 401(k) with company match and Employee stock purchase plan
* Paid time for vacation, volunteering, and 28-day sabbatical after every 5 years of service for eligible positions
* Paid parental leave and family building benefits
* Tuition reimbursement
* Health, dental, and vision insurance

### **Share:**

* Facebook
* LinkedIn
* X
* Email

**Eligible Schwabbies receive**
-------------------------------

* **Medical, dental and vision benefits**
  ---------------------------------------
* **401(k) and employee stock purchase plans**
  --------------------------------------------
* **Tuition reimbursement to keep developing your career**
  --------------------------------------------------------
* **Paid parental leave and adoption/family building benefits**
  -------------------------------------------------------------
* **Sabbatical leave available after five years of employment**
  -------------------------------------------------------------",2026-10-08,108000.0,116000.0,False,jobspy/indeed,0
Software Engineer II (Java/AWS),JPMorganChase,"New York, NY, USA",https://www.linkedin.com/jobs/view/4476983365,,2026-10-08,,,False,jobspy/linkedin,0
"Senior Software Engineer, Backend (Reliability Platform)",Affirm,"Detroit, MI, USA",https://www.linkedin.com/jobs/view/4448540932,,2026-10-08,,,False,jobspy/linkedin,0
Senior Software Engineer - FlightAware Backend (Onsite),Collins Aerospace,"Houston, TX, USA",https://www.linkedin.com/jobs/view/4459313378,,2026-10-08,,,False,jobspy/linkedin,0
"Senior Software Engineer , Core Infrastructure",Oracle,"Nashville, TN, USA",https://www.linkedin.com/jobs/view/4465592148,,2026-10-07,,,False,jobspy/linkedin,0
Senior Software Engineer | Middleware,ExtraHop,"Seattle, WA, USA",https://www.linkedin.com/jobs/view/4476918015,,2026-10-07,,,False,jobspy/linkedin,0
"Software Engineer II, Backend (Decisions Orchestration)",Affirm,"Salt Lake City, UT, USA",https://www.linkedin.com/jobs/view/4474992839,,2026-10-06,,,False,jobspy/linkedin,0
Java Software Engineer Level 2 or 3 (AHT),Northrop Grumman,"Aurora, CO, USA",https://www.linkedin.com/jobs/view/4476382792,,2026-10-06,,,False,jobspy/linkedin,0
