job_title,company,location,url,description,posted,salary_min,salary_max,is_remote,source,score
Senior GIS Developer,Zayo Group,US,https://www.indeed.com/viewjob?jk=f04adeb8c4dc9f9e,"**Company Description**

Zayo provides mission-critical bandwidth to the world’s most impactful companies, fueling the innovations that are transforming our society. Zayo’s 141,000-mile network in North America and Europe includes extensive metro connectivity to thousands of buildings and data centers. Zayo’s communications infrastructure solutions include dark fiber, private data networks, wavelengths, Ethernet, and dedicated Internet access. Zayo serves wireless and wireline carriers, media, tech, content, finance, healthcare and other large enterprises.

The **Senior GIS Developer** is a member of the GIS Development team responsible for building and supporting GIS solutions that enable Zayo’s business and network operations. **The role works primarily with our custom QGIS Application, ESRI ArcGIS technologies, enterprise databases, and related business systems to deliver desktop and web-based mapping capabilities.**

  

This GIS ecosystem along with other fiber management tools is core to Zayo’s architecture and fundamentally supports the company’s overall business strategy. The ideal candidate combines strong GIS and software-development skills with sound judgment, attention to detail, and the ability to work effectively in a fast-paced Agile environment.

**Responsibilities**

* Design, develop, and support server-based geoprocessing tools and automated data-update processes using Python and SQL.
* **Build QGIS plugins and custom forms using Python/PyQGIS and Qt-based interfaces to support data acquisition, editing, validation, geoprocessing, and system integration.**
* **Manage, Deploy and Support our Zayo QGIS Custom Plugins and work closely with the GIS Principle Software Engineer on the innovation of these tools, system integration and architecture diagrams.**
* Designing and implementing organization-wide GIS Standards for all Server, Cloud, Web, Desktop products and enterprise database structures we support.
* Build and maintain FME Flow or Python-based ETL and scheduled data-processing workflows that automate mapping, data-management, and recurring GIS operations.
* Develop and maintain network-routing solutions using shortest-path algorithms while accounting for complex dependencies, constraints, and business parameters.
* Produce clear technical documentation, coding standards, workflow guidance, and training materials; provide knowledge transfer through demonstrations or remote training sessions.
Contribute to software-development activities throughout the development lifecycle, working collaboratively within an Agile/Scrum team.  

  

**Preferred Qualifications**

* **Bachelor’s degree in Geography/GIS, Computer Science, or a closely related discipline with a strong foundation in geographic concepts and principles.**
* **Minimum of five to seven (5–7) years of relevant GIS and software-development experience.**
* Advanced proficiency in Python for GIS automation, geoprocessing, ArcGIS web applications, REST services, and network-analysis workflows.
* Understanding of SDLC practices, source control, testing, debugging, and maintainable code design; strong analytical skills and attention to data quality.
* Strong knowledge of algorithms, data structures, data modeling, and distributed systems, with practical experience applying these concepts to network and spatial problems.
* Proficiency with Esri’s ArcGIS platform, including desktop, online, server, enterprise database, vector-data, geoprocessing, and spatial-analysis capabilities.
* Strong web-development skills using JavaScript, HTML, and CSS, with experience working with ArcGIS JavaScript APIs, Web AppBuilder, ArcGIS Server services, and other relevant API libraries.
* Experience designing or consuming APIs and integrating GIS with external business or operational systems.
* Strong analytical, problem-solving, and troubleshooting skills, with a high level of accuracy and attention to detail.
* Strong SQL and relational database experience, preferably PostgreSQL/PostGIS, plus solid knowledge of vector data, geoprocessing, spatial analysis, coordinate systems, and topology.
* Experience with telecommunications, outside plant (OSP), fiber network inventory, route planning, or network design.
* Hands-on experience with QGIS and PyQGIS; experience creating plugins, custom processing tools, forms, or workflow extensions.
Experience leading user training, writing technical process documentation, or supporting GIS users across multiple teams.  

  

**Estimated base salary range: $95,100 - $146,300 USD/annually.**

**Work Authorization Requirement:** This position is not eligible for employment-based visa sponsorship. Zayo will not provide, transfer, or assume sponsorship for any employment visa or work authorization for this position now or in the future.

  

#LI-Remote

  

The base pay range shown is a guideline and reasonable estimate for this role. It takes into account the wide variety of factors that are considered in making compensation decisions. Actual compensation offered may vary from the posted range based upon geographic location, work experience, skill level, certifications, and other business and organizational needs. Non- sales roles may be eligible to participate in a discretionary annual incentive plan. Sales roles may be eligible to participate in a sales incentive plan.

  

Additionally, this position may be eligible for certain benefits, such as health insurance, life insurance, disability retirement plans, paid time off.

  

The posting will be active for a minimum of 3 days. The active posting will continue to extend by 3 days until the position is filled.

  

**Benefits, Rewards & Wellness**

* Excellent Health, Dental & Vision Insurance
* Retirement 401(k) Savings Plan
Generous paid time off policy including paid parental leave  

  
  

Zayo is an equal opportunity employer to all protected groups, including protected veterans and individuals with disabilities. If you are an individual with a disability and would like to request a reasonable accommodation as part of the employment selection process, please contact us.

  

This policy applies to all terms and conditions of employment, including recruiting, hiring, placement, promotion, termination, layoff, recall, transfer, leaves of absence, compensation and training.

  

As part of the application, hiring, onboarding, and/or employment process, Zayo or its affiliates, partners, and vendors may collect, store, and use biometric identifiers and biometric information (collectively, “Biometric Data”), such as fingerprints, facial geometry scans or other unique biological characteristics. Zayo uses CLEAR1, a third-party identity verification service, to verify applicant identity during the hiring process. CLEAR1 may collect Biometric Data, including facial geometry scans and/or other biometric identifiers, to authenticate your identity. Biometric Data will be retained pursuant to CLEAR1’s policies, which can be found here: https://www.clearme.com/clear1-credential-policy-crp. Zayo will not sell, lease, trade, or otherwise profit from any applicant's or employee's Biometric Data. By proceeding with your application, you acknowledge this disclosure. Prior to any collection of Biometric Data — including through CLEAR — you may be presented with a separate consent form and asked to provide your written authorization in accordance with applicable federal, state, and local laws, including the Illinois Biometric Information Privacy Act (BIPA), the Texas Capture or Use of Biometric Identifier Act (CUBI), and other applicable biometric privacy statutes.",2026-10-02,95100.0,146300.0,True,jobspy/indeed,23
Senior Guidewire Engineer (PolicyCenter),Mercury Insurance Company,"Remote, US",https://www.indeed.com/viewjob?jk=09a5908bdb474bc4,"Overview:

Join an amazing team that is consistently recognized for our achievements and culture, including our most recent Forbes award of being one of America's Best Midsize Employers for 2026!

**Position Summary:**

As a Senior Software Engineer, you will play a crucial role in designing, developing, and maintaining complex software systems. This position involves leading agile teams or projects, mentoring junior engineers, and ensuring the delivery of high-quality software solutions.

Geo-Salary Information:

***An in-person interview may be required during the hiring process***

State specific pay scales for this role are as follows:

$94,458 to $179,048 (CA, NJ, NY, WA, HI, AK, MD, CT, RI, MA)

$85,871 to $162,771 (NV, OR, AZ, CO, WY, TX, ND, MN, MO, IL, WI, FL, GA, MI, OH, VA, PA, DE, VT, NH, ME)

$77,283 to $146,464 (UT, ID, MT, NM, SD, NE, KS, OK, IA, AR, LA, MS, AL, TN, KY, IN, SC, NC, WV)

In CA: Typical hiring range is $123,077.70 to $170,941.25

The expected base salary for this position will vary depending on a number of factors, including relevant experience, skills and location.

Responsibilities:

**Essential Job Functions:**

* Write high-quality code for complex scenarios with good test coverage.
* Review and translate product requirements into robust designs to ensure high-quality distributed application systems that are modular, configurable, reusable, fast, effective, user-friendly, secure, compliant, scalable, and maintainable.
* Lead design and code reviews of multiple applications to ensure best practices, adherence to Mercury standards, and high quality.
* Lead the sprint team to deliver new or improved features, addressing any impediments to delivering high-quality solutions in the sprint backlog.
* Collaborate with other teams and stakeholders to ensure successful delivery of intended functionality.
* Mentor and provide technical guidance to other engineers on the team, fostering a culture of innovation and excellence within Mercury engineering.

Qualifications:

**Education:**

Minimum:

* Bachelor’s Degree in Computer Science, Information Systems or other related fields OR equivalent combination of education and experience

Preferred:

* Master’s Degree in Computer Science.

**Experience:**

Minimum:

* 5+ years software programming experience with 2+ years experience in Technologies used at Mercury, more than one years experience leading and mentoring engineering teams

Preferred:

* 6 or more years of experience with Guidewire Policy Center (configurations and integrations)
* 4 or more years of experience with Java/J2EE
* 2 or more years of experience utilizing technologies such as Kafka, AWS, S3, Drools, Blaze, etc.
* 2 or more years of experience with Personal lines products
* 1 or more years of experience with CI/CD tools such as Jenkins, GUnit, etc.

**Skills:**

* Proficient in programming in one or more industry-standard languages (e.g., Java, Python, Go, C++, JavaScript).
* Experienced in leveraging various data structures, algorithms, and design patterns. Skilled in relational databases, NoSQL, and caching solutions.
* Experienced in APIs using modern protocols like REST and gRPC. Proficient in message queuing, data streaming, workflow, and integration frameworks (such as Apache Kafka, Apache NiFi, Amazon SQS, MS MQ, Apache Camel, etc.).
* Knowledgeable in microservices architecture.
* Experienced in containerization technologies like Docker and Kubernetes.
* Proficient in leveraging DevSecOps to improve engineering efficiency.
* Experienced in designing and implementing high-quality distributed application systems that are modular, configurable, maximize reuse, and are fast, effective, user-friendly, secure, compliant, scalable, and maintainable. Skilled in leveraging analytics data and experimentation to design and improve systems for speed, scalability, and effectiveness. Strong problem-solving skills.
* Excellent communication abilities. Strong ability to collaborate and influence cross-functional teams and stakeholders to address impediments and deliver desired results. Demonstrated leadership skills through mentoring and providing technical guidance to team members.
* Experienced in driving technical strategy and vision for a team.
* Preferred: Experience in cloud platforms such as AWS, Google Cloud, or Azure.

About the Company:

***Why choose a career at Mercury?***

At Mercury, we have been guided by our purpose to help people reduce risk and overcome unexpected events for more than 60 years. We are one team with a common goal to help others. Everyone needs insurance and we can’t imagine a world without it.

Our team will encourage you to grow, make time to have fun, and work together to make great things happen. We embrace the strengths and values of each team member. We believe in having diverse perspectives where everyone is included, to serve customers from all walks of life.

We care about our people, and we mean it. We reward our talented professionals with a competitive salary, bonus potential, and a variety of benefits to help our team members reach their health, retirement, and professional goals.

Learn more about us here: https://www.mercuryinsurance.com/about/careers

Perks and Benefits:

***We offer many great benefits, including:***

* Competitive compensation
* Flexibility to work from anywhere in the United States for most positions
* Paid time off (vacation time, sick time, 9 paid Company holidays, volunteer hours)
* Incentive bonus programs (potential for holiday bonus, referral bonus, and performance-based bonus)
* Medical, dental, vision, life, and pet insurance
* 401 (k) retirement savings plan with company match
* Engaging work environment
* Promotional opportunities
* Education assistance
* Professional and personal development opportunities
* Company recognition program
* Health and wellbeing resources, including free mental wellbeing therapy/coaching sessions, child and eldercare resources, and more

Mercury Insurance is an equal opportunity employer. All qualified applicants will receive consideration for employment without regard to race, color, religion, sex, sexual orientation, gender identity, national origin, disability, status as a protected veteran, or any other characteristic protected by federal, state, or local law.

Mercury is committed to working with and providing reasonable accommodations for qualified individuals with disabilities who need assistance with the application and/or employment consideration process. If you require an accommodation, you may contact us by sending an e-mail to recruiting@mercuryinsurance.com. Please include your name, contact information, and a description of your requested accommodation in your message.

Pay Range: USD $94,458.00 - USD $179,048.00 /Yr.",2026-10-02,77283.0,179048.0,True,jobspy/indeed,23
Software Security Lead - Principal Software Engineer - S3E,Raytheon,"Tucson, AZ, US",https://www.indeed.com/viewjob?jk=7c665342efa28c6d,"**Date Posted:**

2026-04-20

**Country:**

United States of America

**Location:**

US-AZ-TUCSON-801 ~ 1151 E Hermans Rd ~ BLDG 801 (External Site)

**Position Role Type:**

Onsite

**U.S. Citizen, U.S. Person, or Immigration Status Requirements:**

Active and transferable U.S. government issued security clearance is required prior to start date. U.S. citizenship is required, as only U.S. citizens are eligible for a security clearance

**Security Clearance Type:**

DoD Clearance: Secret

**Security Clearance Status:**

Ability to obtain INTERIM U.S. government issued security clearance is required prior to start date

At RTX, the world largest aerospace and defense company, 185,000 great minds are united by purpose and inspired to make a difference solving the world’s most complex problems. With our three market leading businesses, world-class operations and investments in research and development, we offer capabilities and opportunity no one else can. Together, we push the boundaries of known science and find new ways to connect and protect our world.

Raytheon brings the strength of more than 100 years of experience and renowned engineering expertise to meet the needs of today’s mission and stay ahead of tomorrow’s threat. We deliver solutions that help our nation and allies defend freedoms and deter aggression, creating a safer, more secure world. Join us and help shape the future of aerospace and defense.

**Job Summary**:

The Software Security Sensors and Effectors Department within the Software Product Assurance (SPA) Center is looking for a highly motivated individual to fill a Software Security Lead (SSL) position in Tucson, AZ. The SSL will work with Systems and Software Architects, and program stakeholders to ensure that software security is embedded in the program’s processes and customer deliverables.

The SSL will work with the relevant stakeholders to ensure the capture and development of any security relevant requirements. They must consider the architectural and design impacts to the solution while ensuring those requirements are met.

The SSL must help the program adhere to secure coding practices and the Software Product Assurance Command Media by:

* Act as the Technical Lead and possibly the Agile Product owner for the Software Security Team
* Primary owner of the software security implementation to ensure compliance with System Security requirements
* Adopt and implement secure coding standards for each programming language used
* Drive off-nominal testing by ensuring the software will remain in a secure state during failure conditions and developing negative test cases for bypassing security
* Consider using compiler, interpreter and build tool features that improve executable security and ensure the compiler does not optimize out any security-critical behaviors

As part of the overall software security process, the SSL partnered with the Systems Security Lead, must provide the software assurance implementation for the Program Protection Implementation Plan (PPIP). This includes a software vulnerability risk assessment on reused code and the final delivery, and a Software Bill of Materials (SBOM) on the final delivery.

The ideal candidate, working individually or as part of a team, will be responsible for applying secure coding principles to the design and development of hardened software applications.

Due to the security clearance requirement, this is an onsite position in our Tucson, Arizona location.

**Qualifications You Must Have:**

* Bachelors degree in Science, Technology, Engineering or Mathematics (STEM) and 8 years of related experience
* Experience in object-oriented software design and embedded development using languages such as C and or C++
* Experience with Xilinx UltaScale+ MPSoC, Versal, or similar Embedded Processors
* Experience with embedded OS like VxWorks, Embedded Linux, or similar
* Embedded Software Security and Cryptographic Algorithm experience
* Experience with Secure Boot concepts
* Understanding of secure coding principles, architecture and implementation of secure coding best practices
* **The ability to obtain and maintain a US security clearance. U.S. citizenship is required as only U.S. citizens are eligible for a security clearance**

**Qualifications We Prefer:**

* Experience with validation and verification of software applications
* Experience/Knowledge of any of the following:
* Linux/Unix environment
* Interfacing with FPGAs
* Interfacing with low-level memory drivers
* Inter-processor communication
* ARM Architecture
* Experience designing, implementing, testing, or fielding real-time security-oriented solutions on Department of Defense (DoD) programs (embedded experience highly preferred)
* Experience using security-relevant tools and devices for security auditing, network security, host/server security, communication security, or policy management.
* Experience in Agile and DevSecOps environments
* Experience in an Agile/Scrum/Kanban frameworks and development environments
* Experience using software configuration management and bug tracking tools
* Experience with Python / Perl
* Knowledge of modern computer architecture and hardware technologies including:

  + PCIe, GPIO, I2C, SATA
* Field Programmable Gate Arrays (FPGAs)
* Application-Specific Integrated Circuits (ASICs)

**What We Offer:**

Our values drive our actions, behaviors, and performance with a vision for a safer, more connected world. At RTX we value: Trust, Respect, Accountability, Collaboration, and Innovation.

**Learn More & Apply Now!**

* *Please consider the following role type definitions as you apply for this role.*
* ***Onsite****: Employees who are working in Onsite roles will work primarily onsite. This includes all production and maintenance employees, as they are essential to the development of our products.*

Clearance Information:

This position requires security clearance. **DCSA Consolidated Adjudication Services (DCSA CAS)**, an agency of the Department of Defense, handles and adjudicates the security clearance process. More information about Security Clearances can be found on the US Department of State government website here: https://www.state.gov/m/ds/clearances/c10978.htm

***As part of our commitment to maintaining a secure hiring process, candidates may be asked to attend select steps of the interview process in-person at one of our office locations, regardless of whether the role is designated as on-site, hybrid or remote.***

The salary range for this role is 107,500 USD - 204,500 USD. The salary range provided is a good faith estimate representative of all experience levels. RTX considers several factors when extending an offer, including but not limited to, the role, function and associated responsibilities, a candidate’s work experience, location, education/training, and key skills.Hired applicants may be eligible for benefits, including but not limited to, medical, dental, vision, life insurance, short-term disability, long-term disability, 401(k) match, flexible spending accounts, flexible work schedules, employee assistance program, Employee Scholar Program, parental leave, paid time off, and holidays. Specific benefits are dependent upon the specific business unit as well as whether or not the position is covered by a collective-bargaining agreement.Hired applicants may be eligible for annual short-term and/or long-term incentive compensation programs depending on the level of the position and whether or not it is covered by a collective-bargaining agreement. Payments under these annual programs are not guaranteed and are dependent upon a variety of factors including, but not limited to, individual performance, business unit performance, and/or the company’s performance.This role is a U.S.-based role. If the successful candidate resides in a U.S. territory, the appropriate pay structure and benefits will apply.RTX anticipates the application window closing approximately 40 days from the date the notice was posted. However, factors such as candidate flow and business necessity may require RTX to shorten or extend the application window.

*RTX is an Equal Opportunity Employer. All qualified applicants will receive consideration for employment without regard to race, color, religion, sex, sexual orientation, gender identity, national origin, age, disability or veteran status, or any other applicable state or federal protected class. RTX provides affirmative action in employment for qualified Individuals with a Disability and Protected Veterans in compliance with Section 503 of the Rehabilitation Act and the Vietnam Era Veterans’ Readjustment Assistance Act.*

**Privacy Policy and Terms:**",2026-10-02,107500.0,204500.0,False,jobspy/indeed,18
Automation Engineer (Cisco CNC Upgrade),Zayo Group,US,https://www.indeed.com/viewjob?jk=019849ec8d2eb960,"**Company Description**

Zayo provides mission-critical bandwidth to the world’s most impactful companies, fueling the innovations that are transforming our society. Zayo’s 141,000-mile network in North America and Europe includes extensive metro connectivity to thousands of buildings and data centers. Zayo’s communications infrastructure solutions include dark fiber, private data networks, wavelengths, Ethernet, and dedicated Internet access. Zayo serves wireless and wireline carriers, media, tech, content, finance, healthcare and other large enterprises.

In this **Automation Engineer** role you will design, develop, and maintain network automation solutions using Cisco CNC, Cisco NSO, Nokia NSP, Python, APIs, and related technologies. Automate network configuration, validation, monitoring, compliance, remediation, and maintenance activities across multi-vendor infrastructure. Improve network reliability through telemetry-driven automation, configuration drift detection, operational health checks, CI/CD, observability, automated troubleshooting, and safe change controls. Collaborate with network engineering teams to standardize operational practices and reduce manual intervention across the network.

  

**Responsibilities**

* **Develop and maintain network automation using Cisco CNC, Cisco NSO, Nokia NSP, Python, APIs, and related platforms.**
* Automate network configuration changes, maintenance activities, validation, and operational tasks across multi-vendor infrastructure.
* Build automated pre-checks and post-checks to verify routing, interfaces, adjacencies, reachability, and overall network health.
* Detect and remediate configuration drift, device synchronization issues, and deviations from network engineering standards.
* Integrate automation platforms with inventory, telemetry, monitoring, alarming, ticketing, and source-of-truth systems.
* Develop telemetry-driven and closed-loop automation to identify network issues and support automated remediation where appropriate.
* Troubleshoot network automation failures, controller issues, API integrations, and device-level problems, and perform root-cause analysis.
* Improve network reliability by identifying repetitive manual processes and recurring failure patterns that can be reduced through automation.
* Maintain safe automation practices through testing, CI/CD, version control, rollback mechanisms, change validation, and blast-radius controls.
* Create operational tooling, dashboards, documentation, and runbooks that improve network visibility, troubleshooting, compliance, and engineering efficiency.
Nothing in this job description restricts management’s right to assign or reassign duties and responsibilities to this job at any time.  

  

**Qualifications**

* Fundamental understanding of service provider networking, including TCP/IP, BGP, OSPF, IS-IS, MPLS, SNMP, and network telemetry.
* Professional experience supporting or engineering large-scale service provider networks.
* **Experience with network automation and orchestration platforms such as Cisco CNC, Cisco NSO, Nokia NSP, or similar technologies.**
* Strong Python scripting skills for network automation, tooling, and API integrations.
* Experience with REST APIs, NETCONF/RESTCONF, YANG, or other network programmability technologies.
* Experience with Linux/Unix systems and troubleshooting network automation platforms and integrations.
* Experience with network monitoring, telemetry, configuration validation, and operational troubleshooting.
Familiarity with Git, CI/CD, testing, and software development practices for maintaining production network automation.  

  

**Education & Experience**

* Associate’s degree in computer science, software engineering, or related field (or equivalent experience).
Minimum of three (3) years of experience in software engineering, network engineering, or network automation support roles.  

**Estimated base salary range: $77,100 - $118,600 USD/annually**

**Work Authorization Requirement:** This position is not eligible for employment-based visa sponsorship. Zayo will not provide, transfer, or assume sponsorship for any employment visa or work authorization for this position now or in the future.

  

#LI-Remote

The base pay range shown is a guideline and reasonable estimate for this role. It takes into account the wide variety of factors that are considered in making compensation decisions. Actual compensation offered may vary from the posted range based upon geographic location, work experience, skill level, certifications, and other business and organizational needs. Non- sales roles may be eligible to participate in a discretionary annual incentive plan. Sales roles may be eligible to participate in a sales incentive plan.

  

Additionally, this position may be eligible for certain benefits, such as health insurance, life insurance, disability retirement plans, paid time off.

  

The posting will be active for a minimum of 3 days. The active posting will continue to extend by 3 days until the position is filled.

  

**Benefits, Rewards & Wellness**

* Excellent Health, Dental & Vision Insurance
* Retirement 401(k) Savings Plan
Generous paid time off policy including paid parental leave  

  
  

Zayo is an equal opportunity employer to all protected groups, including protected veterans and individuals with disabilities. If you are an individual with a disability and would like to request a reasonable accommodation as part of the employment selection process, please contact us.

  

This policy applies to all terms and conditions of employment, including recruiting, hiring, placement, promotion, termination, layoff, recall, transfer, leaves of absence, compensation and training.

  

As part of the application, hiring, onboarding, and/or employment process, Zayo or its affiliates, partners, and vendors may collect, store, and use biometric identifiers and biometric information (collectively, “Biometric Data”), such as fingerprints, facial geometry scans or other unique biological characteristics. Zayo uses CLEAR1, a third-party identity verification service, to verify applicant identity during the hiring process. CLEAR1 may collect Biometric Data, including facial geometry scans and/or other biometric identifiers, to authenticate your identity. Biometric Data will be retained pursuant to CLEAR1’s policies, which can be found here: https://www.clearme.com/clear1-credential-policy-crp. Zayo will not sell, lease, trade, or otherwise profit from any applicant's or employee's Biometric Data. By proceeding with your application, you acknowledge this disclosure. Prior to any collection of Biometric Data — including through CLEAR — you may be presented with a separate consent form and asked to provide your written authorization in accordance with applicable federal, state, and local laws, including the Illinois Biometric Information Privacy Act (BIPA), the Texas Capture or Use of Biometric Identifier Act (CUBI), and other applicable biometric privacy statutes.",2026-10-02,77100.0,118600.0,True,jobspy/indeed,18
Automation & Operations Technology Engineer,Danone,"Jacksonville, FL, US",https://www.indeed.com/viewjob?jk=3dca4fba439228a4,"Short Intro and About the Job:

Automation & Operations Technology Engineer will be the single point of contact for Operational Technology Cybersecurity strategy, improvement, maintenance and will also act as a liaison between plant operations and regional and global IT and Cybersecurity team. The Automation & Operations Technology Engineer position will be responsible for Danone plants in Jacksonville, FL and Minster, OH.

Primary responsibility of the Automation & Operations Technology Engineer will be to use cybersecurity tools (Claroty, Hackuity, Qualys, Firewalls, Beyond Trust, Factory Talk Security) for threat mitigation, vulnerability management, alert monitoring, preventing of unauthorized access and remote access management and maximize the availability of industrial automation systems (Hardware, Network, Scada Software, Database, Integration of new components and solutions).

Automation & Operations Technology Engineer will collaborate with operations and engineering teams on corporate and plant initiatives ensuring all cybersecurity policies are followed. This role will also support automation improvement projects, actively participate in patching campaigns during planned shutdowns and assist in recovery efforts during outages caused by cybersecurity incidents.

Candidate must be able to lift a minimum of 30 lbs, have stamina and endurance (e.g., standing, sitting, walking, etc.) to occasionally work long hours, willingness to travel stateside & abroad and availability to be on-call & work flexible hours (e.g., weekends, off shifts, holidays during special projects implementation).

**Job Responsibilities:**

* Enforce Danone Global OT cybersecurity policies and standards
* Daily health check on all OT systems
* Continuous improvement of Cybersecurity KPI (Vulnerability, Cybersecurity alerts, Backup systems management, PLC Security)
* Formal monthly reporting of Cybersecurity KPI’s to plant directors, automation director and regional security officer
* Report high priority incidents related to cybersecurity to automation director and regional cyber security Replace and plant leadership team
* Industrial legacy system migration related obsolete operating system, database and automation software
* Industrial Automation Asset Management and data contextualization using Claroty xDome
* Management of vendor remote access to OT systems
* Management of vendor onsite wireless access to OT systems
* Participate in Cybersecurity audits and maintain audit reports
* Continuous improvement of industrial automation systems
* Maintain and update industrial automation architecture drawings and network monitoring software (HiVision, PRTG)
* Industrial automation hardware life cycle management (obsolescence)
* Organize windows patch install in industrial automation servers and workstations with the Americas server infrastructure team
* Master plan development for industrial networking and industrial applications roadmap
* Share knowledge and learnings through Danone North America networking
* Enforce Danone North America automation standards and specifications as part of plant initiatives and projects
* Facilitate meetings with the regional IT teams regarding continuous improvement of system performance, reliability, and obsolescence
* Monthly travel required to Jacksonville or Minster (estimated travel ~30% - 40%), to be managed by the candidate based on business needs

The salary range for this position is $110,000.00 - $149,000.00 USD. The exact salary offered will depend on several factors, including the candidate’s relevant experience, geographic location, internal equity, and market conditions. Danone USA additionally offers a performance-based bonus and has a strong benefits package including Medical, Dental, Vision, Prescription Drug Coverage, 401k Plan, Wellness Program, Life Insurance, Tuition Reimbursement, Flexible Time Off, and Paid Parental Bonding Leave, among other benefit plan options. To give our employees flexibility, Danone is a hybrid work environment.  
  
This role is considered a “hybrid” position that allows for flexible work, meaning it is a role where collaboration with key stakeholders in Danone Hubs occurs. While you may have the option to work from home on a schedule as agreed to with your supervisor, you are also expected to regularly report to your assigned office location at least 3 days per week.

About You:

**Experience and working knowledge in:**

* + OT Cybersecurity program management
  + Industrial networking and communication protocols (OPC-UA, Ethernet/IP, Modbus TCP, IO Link, AS-i)
  + Rockwell/Siemens/Schneider PLC programming
  + Basic Electrical knowledge and comfort working with 24VDC, 120VAC and 480VAC control systems and their associated components
  + Auto Cad and Microsoft Visio
  + Familiarity with the following SCADA or HMI systems is a plus:
    - Ignition
    - Wonderware
    - Factory Talk View SE/ME
  + Familiarity with programming languages and SQL programming is a plus
  + Microsoft Office suite and Microsoft server environments
* Must be self-directed and able to work independently as well as part of a team
* Must be organized and self-disciplined to accommodate the management of concurrent projects
* Excellent conflict resolution and interpersonal skills
* Experience in IT and OT network segregation using Purdue model
* Fast learner, open to learn new things (attending training & certification related to the role as needed) and adapts to change
* ISA/IES 62443 or any other Cybersecurity Certification is a plus
* Must speak English

**Experience Requirement**

* 5+ years of job experience in automation and operations technology

**Educational Requirement**

Bachelor’s degree in Engineering with a minimum of 5 years of experience in manufacturing related to automation and operations technologies OR minimum of 10 years of experience in food manufacturing related to information systems and automation technologies in lieu of degree.

  
About Us, We offer and What's next:

**Life at Danone**  
  
With approximately 5,000 employees and 13 production locations across the U.S., our vibrant culture and endless growth opportunities are just a couple of the reasons our employees call themselves “Proud Danoners.”  
  
Learn more about Life at Danone  
  
**Our Brands**  
  
When you join us, you’ll work with some of the best-known food and beverage brands in the world, including **Activia®, DanActive®, Danimals®, Dannon®, evian®, Follow Your Heart®, Happy Family® Organics, International Delight®, Light + Fit®, Nutricia ®, Oikos®, Silk®, So Delicious® Dairy Free, STōK® Cold Brew Coffee ®, Too Good & Co™, and YoCrunch®.**  
  
**Our Purpose**  
  
We’re committed to making a positive impact on our world. Rooted in our mission to bring health through food to as many people as possible, we’re proud to be the world’s largest B Corp.  
  
Learn more about our mission.  
  
**Our Benefits**  
  
Our commitment to making the world healthier starts with our employees.

* **Physical Wellbeing:** We pay for the majority of your medical benefits – which include medical, dental and vision – with our competitive 80%/20% cost-sharing model.
* **Mental Wellbeing:** Danoners receive fitness discounts, unlimited flexible time off and hybrid work schedules. We also have a range of programs that support mental health and substance abuse.
* **Financial Support:** We offer a performance-based bonus, a 401(k) plan, tuition reimbursement, employee discount programs and voluntary perks.
* **Family Care:** We offer caretaker benefits, 18 weeks of parental bonding, fertility, surrogacy, adoption benefits and pet insurance.

Learn more about our benefits.  
  
**Equal Opportunity Employer**  
Danone North America is proud to be an Equal Opportunity employer. It is our policy to give equal employment opportunities to all qualified persons without regard to legally protected characteristics, or any other consideration made unlawful by applicable federal, state/provincial and/or local law. For our EEO policy statement and your EEO rights under law click here.  
  
#LI-NORAM

#LI-ONSITE

#LI-ES2  
  
Employee & Applicant Privacy Policy",2026-10-02,110000.0,149000.0,True,jobspy/indeed,18
Senior Software Test Automation Engineer,LMI,"Fort Gregg-Adams, VA, US",https://www.indeed.com/viewjob?jk=8356a2ef04d6bb2c,"Overview:

LMI is seeking a highly experienced **Senior Software Test Automation Engineer** to support U.S. Army Enterprise Resource Planning (ERP) programs at a client location. The selected candidate will lead and advance automated testing capabilities for a major Defense Business System modernization effort, working closely with Army test agencies, ERP program personnel, and the lead system integrator.

This role is responsible for developing test strategies, automation frameworks, test plans, and quality practices that enable reliable, repeatable, and risk-based testing throughout the software delivery lifecycle. The position supports remote telework, with occasional travel to client offices at Fort Lee and Fort Belvoir, Virginia.

Responsibilities:

### **Responsibilities**

* Develop, maintain, and execute program-level test and evaluation plans.
* Coordinate testing activities with Army test organizations, ERP program staff, functional stakeholders, and the lead system integrator.
* Develop test strategies, test plans, test cases, traceability artifacts, and automated test suites from business requirements, design documentation, user stories, and technical specifications.
* Design, develop, maintain, and enhance scalable test automation frameworks for applications delivered in a continuous integration and continuous delivery environment.
* Develop automated test scripts, reusable automation components, test data approaches, and test execution processes.
* Establish and implement test automation standards, best practices, governance processes, and quality controls within an Agile and SAFe delivery environment.
* Translate complex business and ERP requirements into effective, maintainable automated test scenarios.
* Perform functional, regression, integration, interface, API, end-to-end, and risk-based testing as appropriate.
* Integrate automated testing into CI/CD/CT pipelines and promote continuous testing practices.
* Analyze automation framework performance, test results, defect trends, and test coverage; identify inefficiencies and recommend improvements.
* Review test outcomes and recommend risk mitigations, corrective actions, and disposition of recurring discrepancies.
* Oversee testing activities to ensure delivered products conform to established performance, quality, security, policy, and technical standards.
* Actively participate in Agile ceremonies, including sprint planning, backlog refinement, daily standups, sprint reviews, and retrospectives.
* Mentor test team members and train functional testers in automated testing tools, processes, and best practices.
* Communicate test status, quality risks, automation metrics, and technical findings clearly to program leadership, auditors, and nontechnical stakeholders.
* Ensure requirements are validated and program test objectives are met across releases and deployment milestones.

Qualifications:

### **Required Experience and Skills**

* Bachelor’s degree in computer science, engineering, information systems, or a related technical field.
* 10 or more years of professional experience in software quality assurance and test automation, including test framework design, development, implementation, and sustainment.
* Demonstrated experience designing and implementing enterprise-scale automated testing solutions.
* Expert-level knowledge of automated testing methodologies, test design techniques, test data management, regression testing, defect management, and quality assurance practices.
* Experience developing and maintaining automated tests within Agile software development environments.
* Familiarity with the Scaled Agile Framework (SAFe) and Agile delivery practices.
* Experience integrating test automation with CI/CD platforms and source-control tools.
* Strong analytical and problem-solving skills, including the ability to diagnose and communicate complex ERP, integration, and data-related defects.
* Ability to communicate technical concepts, testing risks, and quality findings clearly to senior leaders, auditors, functional stakeholders, and technical teams.
* Demonstrated ability to work effectively in a fast-paced, multi-stakeholder Department of Defense environment.
* Commitment to quality, documentation, repeatability, traceability, continuous improvement, and test automation excellence.
* **Active Secret security clearance.**

### **Desired Experience and Skills**

#### **Tricentis Test Automation Expertise**

* Significant hands-on experience with the **Tricentis enterprise testing platform**, with a primary emphasis on **Tricentis Tosca** for model-based, risk-based, and end-to-end test automation.
* Experience designing, developing, administering, and maintaining **Tosca test automation frameworks** for complex enterprise applications, including SAP and other ERP platforms.
* Demonstrated expertise creating reusable Tosca modules, test cases, test case design artifacts, execution lists, recovery scenarios, test data strategies, and maintainable automation assets.
* Experience using Tosca’s model-based test automation capabilities to automate SAP GUI, SAP Fiori, web, desktop, API, database, and interface testing.
* Experience implementing **Tosca TestCase Design** practices, including equivalence partitioning, boundary-value analysis, combinatorial test design, and risk-based test coverage.
* Experience with **Tricentis qTest** for test management, requirements traceability, test execution tracking, defect integration, metrics, reporting, and audit-ready test evidence.
* Experience integrating Tosca automated test results with qTest to provide centralized test reporting, traceability, and program-level quality metrics.
* Experience using **Tricentis LiveCompare** to support SAP impact analysis, change intelligence, regression test optimization, and risk-based testing for SAP or SAP S/4HANA environments.
* Experience with additional Tricentis tools, as applicable, including:
* **Tricentis NeoLoad** for performance, load, and scalability testing.
* Tricentis API testing, service virtualization, test data, or other platform capabilities.
* Experience integrating Tricentis tools with Jenkins, GitLab, Azure DevOps, Jira, ServiceNow, or comparable DevSecOps, CI/CD, and application lifecycle management platforms.
* Ability to establish Tricentis automation governance, naming conventions, repository standards, reusable component libraries, execution strategies, and reporting standards across multiple delivery teams.
* Experience leading Tricentis tool adoption, platform administration, automation center-of-excellence activities, or migration from manual testing or legacy automation tools to Tosca.

#### **Desired Tricentis Certifications**

* Current **Tricentis Tosca Automation Specialist Level 1** certification or current equivalent.
* Current **Tricentis Tosca Automation Specialist Level 2** certification or current equivalent.
* Current **Tricentis Tosca Test Design Specialist** certification or current equivalent.
* Current **Tricentis Tosca Automation Engineer** certification or current equivalent.
* Current **Tricentis Test Architect** certification or demonstrated equivalent experience designing enterprise test automation architectures.
* Current **Tricentis qTest** certification, such as qTest administration, test management, or an equivalent current Tricentis credential.
* Tricentis certifications or demonstrated expertise in **LiveCompare**, **NeoLoad**, or other relevant Tricentis platform products.
* Candidates with multiple current Tricentis certifications and demonstrated experience applying those capabilities in a large-scale ERP or SAP environment are strongly preferred.

#### **Additional Desired Experience**

* Prior experience supporting GCSS-Army, AESIP Hub, LMP, GFEBS, or other U.S. Army ERP systems.
* Experience supporting SAP S/4HANA migration, SAP modernization, ERP transformation, or large-scale enterprise-system implementations.
* Experience testing SAP integrations, middleware, APIs, interfaces, data exchanges, and cross-system business processes.
* Experience with API testing, service virtualization, automated interface validation, and data validation.
* Experience integrating automated tests with Jenkins, GitLab, Azure DevOps, or similar CI/CD tools.
* Familiarity with Department of Defense testing frameworks and processes, including Developmental Test and Evaluation, Operational Test and Evaluation, Test and Evaluation Master Plans, and Army release management.
* Experience developing or executing automated tests for cybersecurity controls, Security Technical Implementation Guide compliance, Risk Management Framework validation, or security regression testing.
* Experience testing cloud-based systems, hybrid-cloud environments, or software-as-a-service platforms.
* Demonstrated experience implementing Continuous Integration, Continuous Deployment, and Continuous Testing practices.
* Prior experience leading automation teams, serving as a technical lead, mentoring automation engineers, or establishing enterprise test automation standards.

Job Locations: US-VA-Fort Gregg-Adams",2026-10-02,,,False,jobspy/indeed,18
"Senior Backend Software Engineer, Platform Engineering, Services Data Science & Analytics",Apple,"Austin, TX, US",https://www.indeed.com/viewjob?jk=ff07b0c1ffe7a2ba,"Are you ready to make a significant impact on how one of the world's largest analytics organizations moves, serves, and governs its data? If you are passionate about building high-performance, reliable platform services at internet scale, we would love for you to apply! The Apple Services Data Science & Analytics organization drives decisions that improve the customer experience, accelerate growth, and uncover new business opportunities while respecting user privacy and adhering to regulatory policy. We work on some of the largest e-commerce and media streaming businesses in the world and have an incredible team collaborating on the best ways to improve these services for our customers! Our culture is built on rapid iteration, open debate, and independent thinking - we take calculated risks and work as analytical advisors across product, design, engineering, marketing, editorial, legal, and business teams.  
  
**Description**  
  
As a Senior Software Engineer on the Services Data Science & Analytics Platform Engineering team, you will design, build, and operate the backend services that form the foundation of DS&A's data platform.  
  
This is high-stakes infrastructure work: every downstream consumer in DS&A and Services broadly depends on what you build. A great fit for this role is someone who thinks deeply about distributed systems, obsesses over reliability and performance, and takes pride in building platform primitives that other engineers love to build on.  
  
"",""responsibilities"":""You will own core platform services end-to-end - from API design and query routing through caching infrastructure and data lineage - ensuring they perform reliably at the scale and latency demands of one of the world's largest analytics organizations.  
  
You'll collaborate closely with Data Engineering, Data Science, Machine Learning Engineering, Insight Engineering, and Core Engineering teams, making architectural decisions that directly shape the scalability and durability of DS&A's analytical foundation.  
  
Over time, you'll influence platform strategy, mentor engineers across the team, and help drive the technical roadmap for how DS&A manages, governs, and serves its data at scale.  
  
**Preferred Qualifications**  
  
Experience building data catalog, metadata, or lineage systems  
  
Familiarity with Apache Iceberg or other open table formats  
  
Experience with CI/CD pipeline design and enforcement gates in large engineering organizations  
  
Familiarity with AI/ML infrastructure or experience integrating LLM-powered capabilities into platform services  
  
MS in Computer Science, Engineering, or related field  
  
**Minimum Qualifications**  
  
8+ years of experience building and operating high-performance, production-grade backend API services  
  
Expert proficiency in Python or Node.js/TypeScript - including async programming, type safety, and framework-level development (FastAPI, Express, or equivalent)  
  
Demonstrated experience designing and operating distributed systems with strict reliability and latency SLAs  
  
Strong proficiency with API design and service-to-service communication patterns (REST, gRPC, GraphQL, or equivalent)  
  
Hands-on experience with multi-layer caching architectures (in-process, Redis, or similar) and cache invalidation strategies  
  
Extensive experience building systems that integrate with distributed and high-performance data stores - Snowflake, Trino, Spark, PostgreSQL, or equivalent  
  
Proficiency with Kubernetes, deployment, HPA, StatefulSets, namespace management  
  
Strong observability practice, Prometheus, Grafana, OpenTelemetry, or equivalent  
  
BS in Computer Science, Engineering, or related field, or equivalent professional experience  
  
**Pay & Benefits**  
  
At Apple, base pay is one part of our total compensation package and is determined within a range. This provides the opportunity to progress as you grow and develop within a role. The base pay range for this role is between $184,700 and $324,800, and your base pay will depend on your skills, qualifications, experience, and location.  
  
Apple employees also have the opportunity to become an Apple shareholder through participation in Apple's discretionary employee stock programs. Apple employees are eligible for discretionary restricted stock unit awards, and can purchase Apple stock at a discount if voluntarily participating in Apple's Employee Stock Purchase Plan. You'll also receive benefits including: Comprehensive medical and dental coverage, retirement benefits, a range of discounted products and free services, and for formal education related to advancing your career at Apple, reimbursement for certain educational expenses - including tuition. Additionally, this role might be eligible for discretionary bonuses or commission payments as well as relocation. Learn more about Apple Benefits  
  
Note: Apple benefit, compensation and employee stock programs are subject to eligibility requirements and other terms of the applicable plan or program.",2026-04-28,184700.0,324800.0,False,jobspy/indeed,16
"Lead Full Stack Engineer III (Java, Spring Boot, RESTful APIs)",Mutual of Omaha,"Remote, US",https://www.indeed.com/viewjob?jk=34b1aecd9b807897,"**Location:** Remote  
**Work Type:** Full Time Regular  
**Job No:** 505280  
**Categories:** Information Technology  
**Application Closes:** Closes Oct 30, 2026

2026-10-02

At Mutual of Omaha, we're modernizing how we connect with customers, partners, producers and third-party vendor solutions through an API-first integration strategy. We're seeking a seasoned software engineer who thrives in building cloud-native applications, enterprise integrations, and scalable APIs while remaining hands-on and serving as a mentor to other developers.

Life Insurance Solutions is committed to helping customers protect what’s important to them. The proceeds from our life policies are often used to pay off mortgages, send kids to college and enable a secure retirement. In this role, you'll help shape the future of our Life Insurance Underwriting platform by designing and delivering solutions using Java, Spring Boot, AWS, MuleSoft, and modern API technologies. You'll play a critical role in driving integration modernization efforts, influencing technical decisions, and helping establish engineering best practices across the team.

**WHAT WE CAN OFFER YOU:**

* Estimated Salary (Levels have variable responsibilities and qualifications)
  + - Engineer II: $115,000 - $135,000, plus annual bonus opportunity
    - Engineer III: $135,000 - $155,000, plus annual bonus opportunity
* 401(k) plan with a 2% company contribution and 6% company match.
* Work-life balance with vacation, personal time and paid holidays. See our benefits and perks page for details.
* Applicants for this position must not now, nor at any point in the future, require sponsorship for employment

  

**WHAT YOU’LL DO:**

* Play a key role in modernizing Mutual of Omaha's Life Insurance platform through the development and support of enterprise APIs and integration solutions.
* Design, develop, deploy, and support Java and Spring Boot applications within AWS cloud environments.
* Develop and maintain RESTful APIs and reusable integration services that enable secure connectivity with third-party vendor solutions,customers, and business partners.
* Design and implement MuleSoft integrations using Anypoint Platform, DataWeave, and API-led connectivity principles.
* Partner with business and technology teams to translate requirements into scalable, reliable, and maintainable solutions.
* Serve as a senior technical contributor by mentoring developers, conducting code reviews, and promoting software engineering best practices.
* Influence application design, API standards, integration architecture, and technical direction across the team.
* Collaborate with architects and engineering leaders to evaluate emerging technologies and advance modernization initiatives.
* Promote operational excellence through automation, CI/CD practices, continuous improvement, and quality-focused development.
* Lead by example in delivering secure, resilient, and high-performing software solutions

  

**WHAT YOU’LL BRING:**

* 5+ years of experience designing, developing, and implementing enterprise software solutions.
* Experience leading medium to large projects from a technical perspective - leading other engineers within the project to provide technical guidance and direction
* Strong hands-on experience with Java, Spring Boot, RESTful APIs, and microservices architectures.
* Experience developing and supporting applications in AWS cloud environments.
* Experience designing, building, and supporting enterprise integrations using MuleSoft Anypoint Platform.
* Strong understanding of API design, API lifecycle management, security standards, and integration patterns.
* Experience utilizing AI tools and implementing AI-enabled solutions to enhance software development, improve team productivity, accelerate delivery, and support day-to-day technical decision-making.
* Experience working with CI/CD pipelines and modern software delivery practices.
* Strong problem-solving skills and the ability to learn and adapt to new technologies and business domains.
* Experience mentoring developers, conducting code reviews, and contributing to a collaborative engineering culture.
* Ability to influence technical direction and participate in architectural and design discussions.
* Strong communication and collaboration skills, with the ability to work effectively across technical and business teams.
* You promote a culture of diversity and inclusion, value different ideas and opinions, and listen courageously, remaining curious in all that you do.
* Ability to work remotely with reliable high-speed internet access while residing in the United States or Puerto Rico.

**PREFERRED:**

* Experience with relational and non-relational databases such as SQL Server, PostgreSQL, MongoDB, or DynamoDB.
* Experience with JavaScript and/or TypeScript development.
* Experience designing and supporting event-driven architectures and messaging solutions.
* Experience working within a SAFe Agile environment.
* Previous experience serving as a technical lead, senior developer, or mentor within an engineering organization.
* Experience supporting large-scale modernization, integration, or digital transformation initiatives.

  

**This role is classified as remote; however, periodic in-person attendance will be required at times for activities such as quarterly or project planning, training, or other business-critical meetings.**

**We value diverse experience, skills, and passion for innovation. If your experience aligns with the listed requirements**

If you have questions about your application or the hiring process, email our Talent Acquisition area at careers@mutualofomaha.com. Please allow at least one week from time of applying if you are checking on the status.

**Stay Safe from Job Scams**  
Mutual of Omaha only accepts applications from mutualofomaha.com/careers. Legitimate communications will come from '@mutualofomaha.com.' We never request sensitive information or extend job offers without conducting interviews. For more details, check our Hiring FAQs. Stay alert for scams and apply securely!

Fair Chance Notices

Need help? Email Us

**Great place to work**
-----------------------

Together we achieve greatness. Not only is this a core value, but it’s also representative of the kind of place we are — built by the strength and integrity of our employees. It’s why we’re named a “Great Place to Work”.

**An inclusive culture**
------------------------

Surround yourself with an authentic and inclusive culture. Your strengths and differences will be valued and celebrated by a diverse community of co‑workers.",2026-10-03,115000.0,155000.0,True,jobspy/indeed,15
Systems Engineer Associate - Algorithms (ONSITE),Collins Aerospace,"Cedar Rapids, IA, US",https://www.indeed.com/viewjob?jk=85ee4349a97c1738,"**Date Posted:**

2026-08-04

**Country:**

United States of America

**Location:**

US-IA-CEDAR RAPIDS-130 ~ 5350 C Ave NE ~ BLDG 130

**Position Role Type:**

Onsite

**U.S. Citizen, U.S. Person, or Immigration Status Requirements:**

The ability to obtain and maintain a U.S. government issued security clearance is required. U.S. citizenship is required, as only U.S. citizens are eligible for a security clearance

**Security Clearance Type:**

DoD Clearance: Secret

**Security Clearance Status:**

Active and existing security clearance required after day 1

Collins Aerospace, an RTX company, is a leader in technologically advanced, intelligent solutions that help redefine the aerospace and defense industry. With a comprehensive portfolio and deep technical expertise, we help customers meet the demands of the global market. Join us and help shape the future of aerospace and defense.

We are looking for a **Systems Engineer Associate** to join the Joint Precision Approach & Landing System (JPALS) Algorithms team. This individual will be required to run and test modeling and simulation of algorithmic models using Simulink and MATLAB. The work is highly technical, and the individual must be comfortable with documenting equations, derivation, and generation of plots in MATLAB. The individual must be comfortable with data and statistical analysis. In addition to Model-based Development work, the role will also include lab-based contributions on the target products.

The successful candidate must be able to work on individual tasks under limited supervision, or with a team to achieve operational targets and must have the ability to communicate and collaborate with parties within and outside of own job function. Eventually the candidate may be responsible for helping to provide guidance, coaching and training to other employees within their job area.

**What You Will Do**  

* Test Algorithms and models for the JPALS program
* Develop the necessary tools to accomplish sufficient testing
* Work on multiple tasks in a software development environment
* Conduct analysis for system trouble shooting and analysis
* Improve code quality by performing code reviews and good software practice
* Perform test and integration tasks in a lab environment on the real-world product
* **Willingness to travel 10% and do field-work**

**Qualifications You Must Have**  

* Proficiency in MATLAB; code optimization and numerical stability
* Exposure to the systems engineering discipline
* Experience in reading and developing algorithm descriptions, mathematical expressions and derivations, matrix manipulations, outlier analysis, and system level analysis
* Typically requires a degree in Science, Technology, Engineering or Mathematics (STEM) and less than 2 years prior relevant experience

**Qualifications We Prefer**  

* Experience performing complex statistical analysis and/or mathematical modeling
* Experience performing model driven design using Simulink
* Experience in performing data analysis and problem solving (e.g. anomaly investigation)

**What We Offer**  

* Medical, dental, and vision insurance
* Three weeks of vacation for newly hired employees
* Generous 401(k) plan that includes employer matching funds and separate employer retirement contribution, including a Lifetime Income Strategy option
* Tuition reimbursement program
* Student Loan Repayment Program
* Life insurance and disability coverage
* Optional coverages you can buy pet insurance, home and auto insurance, additional life and accident insurance, critical illness insurance, group legal, ID theft protection
* Birth, adoption, parental leave benefits
* Ovia Health, fertility, and family planning
* Adoption Assistance
* Autism Benefit
* Employee Assistance Plan, including up to 10 free counseling sessions
* Healthy You Incentives, wellness rewards program
* Doctor on Demand, virtual doctor visits
* Bright Horizons, child and elder care services
* Teladoc Medical Experts, second opinion program
* **This position is eligible for relocation assistance**
* And more!

**Learn More & Apply Now!**

Do you want to be a part of something bigger? A team whose impact stretches across the world, and even beyond? At Collins Aerospace, our Mission Systems team helps civilian, military and government customers complete their most complex missions — whatever and wherever they may be. Our customers depend on us for intelligent and secure communications, missionized systems for specialized aircraft and spacecraft and collaborative space solutions. By joining our team, you’ll have your own critical part to play in ensuring our customer succeeds today while anticipating their needs for tomorrow. Are you up for the challenge? Join our mission today.

* Please ensure the role type (defined below) is appropriate for your needs before applying to this role.

**ONSITE****: Employees who are working in Onsite roles will work primarily onsite. This includes all production and maintenance employees, as they are essential to the development of our products.**

At Collins, the paths we pave together lead to limitless possibility. And the bonds we form – with our customers and with each other - propel us all higher, again and again.  
  
Apply now and be part of the team that’s redefining aerospace, every day.

**Employee Referral Eligible**

#MISENG

***As part of our commitment to maintaining a secure hiring process, candidates may be asked to attend select steps of the interview process in-person at one of our office locations, regardless of whether the role is designated as on-site, hybrid or remote.***

The salary range for this role is 57,200 USD - 108,800 USD. The salary range provided is a good faith estimate representative of all experience levels. RTX considers several factors when extending an offer, including but not limited to, the role, function and associated responsibilities, a candidate’s work experience, location, education/training, and key skills.Hired applicants may be eligible for benefits, including but not limited to, medical, dental, vision, life insurance, short-term disability, long-term disability, 401(k) match, flexible spending accounts, flexible work schedules, employee assistance program, Employee Scholar Program, parental leave, paid time off, and holidays. Specific benefits are dependent upon the specific business unit as well as whether or not the position is covered by a collective-bargaining agreement.Hired applicants may be eligible for annual short-term and/or long-term incentive compensation programs depending on the level of the position and whether or not it is covered by a collective-bargaining agreement. Payments under these annual programs are not guaranteed and are dependent upon a variety of factors including, but not limited to, individual performance, business unit performance, and/or the company’s performance.This role is a U.S.-based role. If the successful candidate resides in a U.S. territory, the appropriate pay structure and benefits will apply.RTX anticipates the application window closing approximately 40 days from the date the notice was posted. However, factors such as candidate flow and business necessity may require RTX to shorten or extend the application window.

*RTX is an Equal Opportunity Employer. All qualified applicants will receive consideration for employment without regard to race, color, religion, sex, sexual orientation, gender identity, national origin, age, disability or veteran status, or any other applicable state or federal protected class. RTX provides affirmative action in employment for qualified Individuals with a Disability and Protected Veterans in compliance with Section 503 of the Rehabilitation Act and the Vietnam Era Veterans’ Readjustment Assistance Act.*

**Privacy Policy and Terms:**",2026-10-02,57200.0,108800.0,False,jobspy/indeed,13
Principal Software Security Engineer - S3E,Raytheon,"Tucson, AZ, US",https://www.indeed.com/viewjob?jk=c7c1a9b19317947e,"**Date Posted:**

2026-04-07

**Country:**

United States of America

**Location:**

US-AZ-TUCSON-801 ~ 1151 E Hermans Rd ~ BLDG 801 (External Site)

**Position Role Type:**

Onsite

**U.S. Citizen, U.S. Person, or Immigration Status Requirements:**

Active and transferable U.S. government issued security clearance is required prior to start date. U.S. citizenship is required, as only U.S. citizens are eligible for a security clearance

**Security Clearance Type:**

DoD Clearance: Secret

**Security Clearance Status:**

Ability to obtain INTERIM U.S. government issued security clearance is required prior to start date

At RTX, the world largest aerospace and defense company, 185,000 great minds are united by purpose and inspired to make a difference solving the world’s most complex problems. With our three market leading businesses, world-class operations and investments in research and development, we offer capabilities and opportunity no one else can. Together, we push the boundaries of known science and find new ways to connect and protect our world.

Raytheon brings the strength of more than 100 years of experience and renowned engineering expertise to meet the needs of today’s mission and stay ahead of tomorrow’s threat. We deliver solutions that help our nation and allies defend freedoms and deter aggression, creating a safer, more secure world. Join us and help shape the future of aerospace and defense.

Software Security Sensors and Effectors (S3E) Department is looking to hire a Principal Software Security Engineer in Tucson, AZ.

* Raytheon Tucson, AZ Location
* Our Culture | RTX Careers

What You Will Do:

Our mission is to provide world class Security Software to be used in deployed missile systems.

* This position requires understanding of real-time software design and the performance implications associated with specific System Security implementations.
* Involve with application and embedded software design, development, integration, and testing of real-time missile software.
* Apply System Security principles to the design and implementation of Missile software applications.
* Develop software applications using C and C++ languages on a variety of computing platforms
* Understand real-time software design and the performance implications associated with specific System Security implementations.
* Able to understand how position's efforts affect the “big picture” of the missile system and be able to develop or review detail solutions at the source code level.
* Work closely with the Systems Security Engineering team to define and implement requirements.
* Work in a common development environment to support and facilitate program ability to leverage specific capabilities.
* Interface with customer community to review technical design and support verification of system maturity.

Qualifications You Must Have:

* Typically requires a Bachelor’s in Science, Technology, Engineering, or Mathematics (STEM) AND a minimum of 8 years of relevant software experience
* Experience with C / C++
* Experience with Xilinx UltaScale+ MPSoC, Versal, or similar Embedded Processors
* Experience with embedded OS like VxWorks, Embedded Linux, or similar
* Embedded Software Security experience
* The ability to obtain and maintain an Interim Secret Level U.S. security clearance is required prior to start date with the ability to obtain program access after start . **U.S. citizenship** is required, as only U.S. citizens are eligible for a security clearance.

Qualifications We Prefer:

* Experience with validation and verification of software applications
* Experience/Knowledge of any of the following:
* *Linux/Unix environment*
* *Interfacing with FPGAs*
* *Interfacing with low-level memory drivers*
* *Inter-processor communication*
* *ARM Architecture*
* *Secure boot concepts*
* *Crypto*graphic Algorithms
* Experience designing, implementing, testing, or fielding real-time security-oriented solutions on Department of Defense (DoD) programs (embedded experience highly preferred)
* Experience using security-relevant tools and devices for security auditing, network security, host/server security, communication security, or policy management.
* Experience in Agile and DevSecOps environments
* Experience in an Agile/Scrum/Kanban frameworks and development environments
* Experience using software configuration management and bug tracking tools
* Experience with Python / Perl
* Knowledge of modern computer architectures and hardware technologies including:
* *PCIe, GPIO, I2C, SATA*
* *Field Programmable Gate Arrays (FPGAs)*
* *Application-Specific Integrated Circuits (ASICs)*

What We Offer:

* Whether you’re just starting out on your career journey or are an experienced professional, we offer a robust total rewards package with compensation; healthcare, wellness, retirement and work/life benefits; career development and recognition programs.
* Some of the benefits we offer include parental (including paternal) leave, flexible work schedules, achievement awards, educational assistance and child/adult backup care.
* “Tucson is Awesome”: https://www.youtube.com/watch?v=i65wOwKcNIQ
* “Winter in Tucson”: https://www.youtube.com/watch?v=yZdKKkF0QkE

**Learn More & Apply Now!**

* Onsite: Employees who are working in Onsite roles will work primarily onsite. This includes all production and maintenance employees, as they are essential to the development of our products.
* This position requires a security clearance. DCSA Consolidated Adjudication Services (DCSA CAS), an agency of the Department of Defense, handles and adjudicates the security clearance process. More information about Security Clearances can be found on the US Department of State government website here: https://www.state.gov/m/ds/clearances/c10978.htm

**Location Information:** This position is onsite at our campus in beautiful Tucson, AZ. Tucson has a friendly, caring, and laid-back atmosphere, combined with the innovation and energy of a metropolitan region, and recognized as one of America’s 10 Best Small Cities. Surrounded by beautiful mountains, colorful Sonoran Desert landscape and majestic saguaro cacti, Tucson is blessed with some of nature’s best work. Tucson is known for its bright blue skies, and with more than 310 sunny days per year, Tucson’s fantastic weather lets residents enjoy the outdoors year-round.

***As part of our commitment to maintaining a secure hiring process, candidates may be asked to attend select steps of the interview process in-person at one of our office locations, regardless of whether the role is designated as on-site, hybrid or remote.***

The salary range for this role is 107,500 USD - 204,500 USD. The salary range provided is a good faith estimate representative of all experience levels. RTX considers several factors when extending an offer, including but not limited to, the role, function and associated responsibilities, a candidate’s work experience, location, education/training, and key skills.Hired applicants may be eligible for benefits, including but not limited to, medical, dental, vision, life insurance, short-term disability, long-term disability, 401(k) match, flexible spending accounts, flexible work schedules, employee assistance program, Employee Scholar Program, parental leave, paid time off, and holidays. Specific benefits are dependent upon the specific business unit as well as whether or not the position is covered by a collective-bargaining agreement.Hired applicants may be eligible for annual short-term and/or long-term incentive compensation programs depending on the level of the position and whether or not it is covered by a collective-bargaining agreement. Payments under these annual programs are not guaranteed and are dependent upon a variety of factors including, but not limited to, individual performance, business unit performance, and/or the company’s performance.This role is a U.S.-based role. If the successful candidate resides in a U.S. territory, the appropriate pay structure and benefits will apply.RTX anticipates the application window closing approximately 40 days from the date the notice was posted. However, factors such as candidate flow and business necessity may require RTX to shorten or extend the application window.

*RTX is an Equal Opportunity Employer. All qualified applicants will receive consideration for employment without regard to race, color, religion, sex, sexual orientation, gender identity, national origin, age, disability or veteran status, or any other applicable state or federal protected class. RTX provides affirmative action in employment for qualified Individuals with a Disability and Protected Veterans in compliance with Section 503 of the Rehabilitation Act and the Vietnam Era Veterans’ Readjustment Assistance Act.*

**Privacy Policy and Terms:**",2026-10-02,107500.0,204500.0,False,jobspy/indeed,13
Senior Software Developer,MicroTech,"Remote, US",https://www.indeed.com/viewjob?jk=bfdec0ff32998d3a,"Overview:

MicroTech seeks a Senior Software Developer to develop and maintain systems supporting DoD waiver workflows within the global MEDEX/MEDXS mission. This position translates operational requirements into maintainable software and workflow capabilities.

Responsibilities:

* Develop and sustain software supporting DoD waiver submission, review, routing, and disposition.
* Translate user and mission requirements into software designs and implementation tasks.
* Implement workflow logic, validation rules, interfaces, and data handling.
* Conduct code reviews, testing, defect resolution, and release documentation.
* Coordinate with engineers, database personnel, administrators, and Government stakeholders on integration and deployment.
* Experience developing systems that manage DoD waiver workflows.
* Ability to translate business rules and approval processes into reliable software behavior.
* Proven experience managing personnel deployments, navigating the Synchronized Pre-deployment and Operational Tracker (SPOT), and coordinating host-nation theater clearance and DOCPER requirements across multiple OCONUS areas of responsibility.

Qualifications:

* Active Secret clearance and a valid U.S. passport with at least 18 months of validity remaining on the first day of contract performance
* Assigned DCWF role: 621, Software Developer, Intermediate
* Bachelor's degree in computer science or equivalent
* CSSLP or GSEC certification and minimum 5 years’ experience
* Applicable DoDM 8140.03 foundational qualifications must be satisfied before independently performing duties requiring privileged access or covered cybersecurity functions

**Mission Commitment**
----------------------

This position supports global mission continuity and requires readiness on the first day of performance.

**Comp Band: $102 - $151K**

General Information: MicroTech is an award-winning Service-Disabled Veteran-Owned Small Business (SDVOSB) and experienced provider of information technology and communications. MicroTech offers a wide range of professional services focused on providing cutting-edge solutions with the customer at the forefront of every decision we make. Solving complex business challenges is our passion — we provide effective, practical solutions that can increase productivity, and decrease costs. MicroTech has developed a well-earned reputation for best-in-class services and solutions using repeatedly proven ISO 9001 Quality Management System, ISO 20000 IT service management, ISO 27001 Information Security Management System, and ITIL® management qualified business processes. We offer great pay, amazing benefits, and our company culture is strong. MicroTech is devoted to people development and providing high achievers opportunities to grow professionally. As an employee, you are surrounded by intelligent, driven colleagues and have the benefit of a culture that is focused on bringing out the best in everyone. Our benefits include: • Insurance (medical, dental vision) • Paid Time Off (PTO): 15 days during the first year; 20 days annually after one year of service • 401k Plan with Employer Matching Contribution • 11 Company-Paid Holidays • Tuition Assistance • Voluntary Benefit Programs • Corporate Discounts MicroTech is an Equal Opportunity/ Affirmative Action employer. All qualified applicants will receive consideration for employment without regards to race, color, religion, sex, sexual orientation, gender identity, national origin, disability, veteran status, or any other protected classes.",2026-10-02,102000.0,151000.0,True,jobspy/indeed,13
"Senior Software Development Engineer, AWS IAM Data Plane, AWS Identity & Access Management - Data Plane",Amazon Web Services (AWS),"Denver, CO",https://www.linkedin.com/jobs/view/4455911528,,2026-10-01,,,False,jobspy/linkedin,13
"Software Development Engineer in Test (SDET), Creativity Apps",Apple,"San Diego, CA, US",https://www.indeed.com/viewjob?jk=5e34d36f9a3216df,"Imagine what you could do here! The people here at Apple don’t just build products, we craft the kind of wonder that’s revolutionized entire industries. It’s the diversity of those people and their ideas that supports the innovation that runs through everything we do, from amazing technology to industry-leading environmental efforts. Join Apple, and help us leave the world better than we found it. The Video Apps team is looking for a Software Developer in Test with a background in video/photo editing to contribute to the development of innovative tools for creative professionals, video makers, and visual storytellers. It requires a highly proactive individual with strong creative, technical and analytic skills and passion for new technologies related to computer vision/on device machine learning.  
  
**Description**  
  
In this role, you will be responsible for planning, designing, writing, maintaining and executing end-end test cases manually and through automation using Swift and Python. You will drive all aspects of quality and process improvements to help the team ensure that our features are rock-solid and ready to be released to our customers. Report bugs with outstanding isolation and regression techniques will be the key to your success. This role requires balancing a wide variety of deliverables that will rely on your talent for managing priorities and communicating progress and risks effectively and systematically. Your ongoing curiosity and dedication to self-education in video/photo technologies as well as new testing techniques is what will set you apart. You will be working closely with other team members to help coordinate multi-functional test eﬀorts.  
  
**Preferred Qualifications**  
  
Experience in digital photography and video, with proficiency in editing tools for both media  
  
Meticulous, analytical, methodical and creative problem solver committed to driving quality forward  
  
Thrives in a collaborative organization, that's fast-paced and dynamic, and can clearly communicate technical problems to software teams and management  
  
Proficient at balancing multiple efforts simultaneously and meeting strict deadlines  
  
Outstanding interpersonal and communication skills (oral and written)  
  
**Minimum Qualifications**  
  
5+ years of experience in QA/QE  
  
Minimum of 1+ years experience as a Software Engineer in Test  
  
Programming in Python and/or Swift to prototype features, create test apps, and test with internal tools  
  
Proficiency in testing mobile/desktop apps, and backend/APIs  
  
Understanding of the software development lifecycle, SQA testing methodologies, terminology and processes such as planning, requirements analysis, testing and deployment  
  
Proven bug detection, isolation, and regression skills  
  
Able to extract user scenarios from software feature descriptions and requirements, translating them into effective test plans and cases  
  
Strong familiarity with iOS and macOS  
  
Applied LLMs or GenAI tooling to test generation, failure analysis, or coverage gap identification in a real engineering workflow  
  
Built prompt engineering techniques into QA or developer tooling that measurably improved output quality or throughputBS in Computer Science, or related field, or 5+ years of equivalent experience  
  
**Pay & Benefits**  
  
At Apple, base pay is one part of our total compensation package and is determined within a range. This provides the opportunity to progress as you grow and develop within a role. The base pay range for this role is between $142,300 and $263,300, and your base pay will depend on your skills, qualifications, experience, and location.  
  
Apple employees also have the opportunity to become an Apple shareholder through participation in Apple's discretionary employee stock programs. Apple employees are eligible for discretionary restricted stock unit awards, and can purchase Apple stock at a discount if voluntarily participating in Apple's Employee Stock Purchase Plan. You'll also receive benefits including: Comprehensive medical and dental coverage, retirement benefits, a range of discounted products and free services, and for formal education related to advancing your career at Apple, reimbursement for certain educational expenses - including tuition. Additionally, this role might be eligible for discretionary bonuses or commission payments as well as relocation. Learn more about Apple Benefits  
  
Note: Apple benefit, compensation and employee stock programs are subject to eligibility requirements and other terms of the applicable plan or program.",2026-09-29,142300.0,263300.0,False,jobspy/indeed,11
Graphics (GPU) Performance Analysis Engineer,Apple,"Austin, TX, US",https://www.indeed.com/viewjob?jk=aa7d86b974788729,"Do you love creating elegant solutions to highly complex challenges? In our Silicon Technologies group, we help design and manufacture our next-generation, high-performance, power-efficient processor, system-on-chip (SoC). You’ll ensure Apple products and services can seamlessly and efficiently handle the tasks that make them beloved by millions! Joining this group means you’ll be responsible for crafting and building the technology that fuels Apple’s devices. Together, you and your team will enable our customers to do all the things they love with their devices. In this role as part of the GPU Performance Analysis team, you will be working with architecture, design, and software partners on performance analysis, tuning, and debug of Apple’s future GPU architectures!  
  
**Description**  
  
As a GPU Performance Analysis Engineer, your responsibilities will include the following:  
  

* Developing performance test plans to validate GPU performance.

  

* Analyzing performance issues to identify hardware and software problems.

  

* Proposing novel hardware solutions to improve GPU performance.

  

* Developing tools to aid in the efficient measurement, communication and improvement of GPU performance.

  

* Validating the functionality and quantify the performance benefit of the features and algorithms implemented in hardware and software.

  
**Preferred Qualifications**  
  
Experience in GPU architecture is a plus, but not required.  
  
We are looking for fast learners with good problem solving and analytical skills.  
  
Ability to work well in a team and be productive under aggressive schedules.  
  
Excellent communications skills, self-motivated and well organized.  
  
**Minimum Qualifications**  
  
Experience or coursework in computer architecture.  
  
Experience with Verilog, C and C++.  
  
Experience with scripting language Python.  
  
Minimum BS degree.  
  
**Pay & Benefits**  
  
At Apple, base pay is one part of our total compensation package and is determined within a range. This provides the opportunity to progress as you grow and develop within a role. The base pay range for this role is between $129,300 and $194,700, and your base pay will depend on your skills, qualifications, experience, and location.  
  
Apple employees also have the opportunity to become an Apple shareholder through participation in Apple's discretionary employee stock programs. Apple employees are eligible for discretionary restricted stock unit awards, and can purchase Apple stock at a discount if voluntarily participating in Apple's Employee Stock Purchase Plan. You'll also receive benefits including: Comprehensive medical and dental coverage, retirement benefits, a range of discounted products and free services, and for formal education related to advancing your career at Apple, reimbursement for certain educational expenses - including tuition. Additionally, this role might be eligible for discretionary bonuses or commission payments as well as relocation. Learn more about Apple Benefits  
  
Note: Apple benefit, compensation and employee stock programs are subject to eligibility requirements and other terms of the applicable plan or program.",2026-09-29,129300.0,194700.0,False,jobspy/indeed,11
"Software Engineer, Apple Services Engineering",Apple,"Seattle, WA, US",https://www.indeed.com/viewjob?jk=a58f4db831bfdece,"People at Apple don’t just build products - they craft the kind of experience that has revolutionized entire industries. The diverse collection of our people and their ideas inspire innovation in everything we do. Imagine what you could do here! Join Apple, and help us leave the world better than we found it. The Apple Service Engineering(ASE) team builds and provides systems and infrastructure that power Apple’s services (such as iCloud, iTunes, Siri, and Maps). We are the foundation on which Apple’s software developers build the products that our customers love. Our services have to scale globally, stay highly available, and ""just work.” If you love designing, engineering, and running systems and infrastructure that will help millions of customers, then this is the place for you! Apple Service Engineering (ASE)’s Compute team is seeking an experienced software engineer to build and enhance the way teams across Apple deploy their workloads on Kubernetes clusters. You will work with world-class engineers on core components of Kubernetes with an emphasis on controllers and infrastructure to optimize efficiency while engaging with the upstream community to drive Apple’s requirements. Ultimately, you will help build the platform that delivers our applications at scale to our end users.  
  
**Description**  
  
As part of the ASE Compute organization, you will: \* Partner with teams across Apple to develop features and functionality that enable Kubernetes clusters to meet their needs around container orchestration. \* Improve the scalability, availability, and performance of our services centered around Kubernetes \* Evolve the design and architecture to support continued growth while ensuring customer satisfaction and smooth operations \* Partner with SRE to triage, investigate, and remediate production issues  
  
**Preferred Qualifications**  
  
Ability to drive a project from a simple idea to production  
  
Ability to articulate complex technical concepts to both technical and non-technical stakeholders  
  
Experience building and operating large-scale distributed systems  
  
**Minimum Qualifications**  
  
Bachelor’s Degree in an engineering-related field, or equivalent related experience.  
  
Strong experience with building and scaling core components of Kubernetes or similar orchestration systems  
  
Experience with Kueue, Yunikorn or related technologies to increase efficiency of Kubernetes clusters preferred  
  
Highly proficient in Golang  
  
Excellent verbal and written communication skills to effectively collaborate with multidisciplinary teams  
  
**Pay & Benefits**  
  
At Apple, base pay is one part of our total compensation package and is determined within a range. This provides the opportunity to progress as you grow and develop within a role. The base pay range for this role is between $142,300 and $263,300, and your base pay will depend on your skills, qualifications, experience, and location.  
  
Apple employees also have the opportunity to become an Apple shareholder through participation in Apple's discretionary employee stock programs. Apple employees are eligible for discretionary restricted stock unit awards, and can purchase Apple stock at a discount if voluntarily participating in Apple's Employee Stock Purchase Plan. You'll also receive benefits including: Comprehensive medical and dental coverage, retirement benefits, a range of discounted products and free services, and for formal education related to advancing your career at Apple, reimbursement for certain educational expenses - including tuition. Additionally, this role might be eligible for discretionary bonuses or commission payments as well as relocation. Learn more about Apple Benefits  
  
Note: Apple benefit, compensation and employee stock programs are subject to eligibility requirements and other terms of the applicable plan or program.",2026-09-29,142300.0,263300.0,False,jobspy/indeed,11
"Sr Machine Learning Engineer, Proactive",Apple,"Cupertino, CA, US",https://www.indeed.com/viewjob?jk=0f09cdce79e524c8,"At Apple, machine learning powers experiences that anticipate what people need before they ask. We're looking for a Senior Machine Learning Engineer to help build the next generation of intelligent search and AI experiences technology that understands user intent, context, and personal information while preserving privacy. In this role, you'll design, train, fine-tune, optimize, and deploy large language models, semantic retrieval systems, and ranking models that power relevant, personalized, and context-aware experiences across Apple's ecosystem.  
  
**Description**  
  
You'll design, train, fine-tune, and optimize transformer-based language models and foundation models for efficient on-device deployment, and build semantic retrieval, embedding, reranking, and retrieval-augmented generation systems that improve search quality and AI-powered experiences. You'll develop models for query understanding, intent prediction, personalization, retrieval, and ranking, while researching new approaches to LLM fine-tuning, knowledge distillation, model compression, quantization, and low-latency inference. You'll explore techniques for adapting large foundation models into smaller, highly capable models that can operate efficiently under on-device memory, compute, power, and latency constraints. You'll partner with engineers, researchers, product managers, and designers to bring new AI capabilities from research into production, driving technical strategy and leading projects from early exploration through large-scale deployment. This is an opportunity to explore new applications of foundation models, multimodal AI, agentic retrieval, and personalized intelligence, shaping the next generation of proactive and intelligent user experiences."",""responsibilities"":""Build semantic retrieval, embedding, reranking, and retrieval-augmented generation systems, along with models for query understanding, intent prediction, personalization, retrieval, and ranking.  
  
Analyze search relevance and user behavior to design evaluation methodologies, offline benchmarks, and online metrics that measure retrieval quality, ranking, personalization, and language model performance.  
  
Build scalable experimentation and evaluation pipelines for LLMs and search models, including model quality, robustness, latency, efficiency, and end-to-end product metrics.  
  
Design, train, fine-tune, distill, and optimize transformer-based language models and foundation models for efficient on-device deployment.  
  
Develop LLM fine-tuning and post-training approaches, including supervised fine-tuning, instruction tuning, preference optimization, parameter-efficient fine-tuning, and task-specific adaptation.  
  
Research and prototype approaches for on-device generative AI, including knowledge distillation, model compression, quantization, pruning, and low-latency inference.  
  
Develop techniques to transfer capabilities from large foundation models into compact on-device models while balancing model quality, latency, memory footprint, power consumption, and compute constraints.  
  
Partner with engineers, researchers, product managers, and designers to bring AI capabilities from research into production, driving technical strategy across projects and exploring new applications of foundation models, multimodal AI, agentic retrieval, and personalized intelligence.  
  
**Preferred Qualifications**  
  
Master's or Ph.D. in Computer Science, Machine Learning, Artificial Intelligence, or a related field.  
  
Experience optimizing machine learning models for resource-constrained environments, including knowledge distillation, model compression, quantization, and pruning.  
  
Experience with on-device machine learning or edge AI, or mobile inference frameworks, including optimizing models for latency, memory, compute, and power constraints.  
  
Experience distilling capabilities from large foundation models into small language models or task-specific models for efficient inference.  
  
Experience building retrieval-augmented generation, vector search, embedding retrieval, neural reranking, or semantic search systems.  
  
Experience with query understanding, query rewriting, intent classification, personalized retrieval, learning-to-rank, or recommendation models.  
  
Experience working with transformer architectures and foundation model families such as BERT, T5, Llama, Gemma, Mistral, or related architectures.  
  
Experience evaluating language models, designing AI quality metrics, and building automated and human-in-the-loop evaluation pipelines.  
  
Experience building large-scale production search, recommendation, personalization, or generative AI systems.  
  
Familiarity with multimodal foundation models, tool use, agentic AI, or agentic retrieval systems.  
  
Strong understanding of the tradeoffs among model quality, latency, memory, power consumption, privacy, and reliability for production on-device AI systems.  
  
Ability to prototype new ideas, conduct rigorous experiments, solve ambiguous technical problems, and translate research advances into production-quality machine learning solutions.  
  
**Minimum Qualifications**  
  
Master degree in Computer Science, Machine Learning, Artificial Intelligence, or a related field.  
  
5+ years of industry or research experience developing machine learning systems.  
  
Background in machine learning, deep learning, natural language processing, information retrieval, search, recommender systems, or generative AI.  
  
Experience training, fine-tuning, or deploying transformer-based models and large language models.  
  
Experience with modern deep learning architectures and techniques, including transformers, embeddings, representation learning, and neural ranking.  
  
Programming skills in Python and/or C/C++, with experience building production-quality software using modern machine learning frameworks such as PyTorch, JAX, or TensorFlow.  
  
Ability to work onsite in Cupertino, California, in accordance with Apple's applicable work policies.  
  
**Pay & Benefits**  
  
At Apple, base pay is one part of our total compensation package and is determined within a range. This provides the opportunity to progress as you grow and develop within a role. The base pay range for this role is between $150,400 and $225,300, and your base pay will depend on your skills, qualifications, experience, and location.  
  
Apple employees also have the opportunity to become an Apple shareholder through participation in Apple's discretionary employee stock programs. Apple employees are eligible for discretionary restricted stock unit awards, and can purchase Apple stock at a discount if voluntarily participating in Apple's Employee Stock Purchase Plan. You'll also receive benefits including: Comprehensive medical and dental coverage, retirement benefits, a range of discounted products and free services, and for formal education related to advancing your career at Apple, reimbursement for certain educational expenses - including tuition. Additionally, this role might be eligible for discretionary bonuses or commission payments as well as relocation. Learn more about Apple Benefits  
  
Note: Apple benefit, compensation and employee stock programs are subject to eligibility requirements and other terms of the applicable plan or program.",2026-09-29,150400.0,225300.0,False,jobspy/indeed,11
"Technical Operations Engineer, Apple News",Apple,"Culver City, CA, US",https://www.indeed.com/viewjob?jk=7864fdbe9b7ea8f9,"Apple News is at the forefront of media and technology, providing millions of users with news and information from leading news organizations around the globe. The Apple News Operations team is looking for a strong engineer to build and maintain the internal tools and automation systems that power our operational workflows. As part of this role, you will also serve as a technical resource for publishers, helping them integrate with and get the most out of the platform.  
  
**Description**  
  
The Apple News Operations team is seeking a Technical Operations Engineer to build and maintain the full-stack applications and data tools that internal teams depend on. You will apply AI-assisted development practices to ship faster and document better. You will also provide technical guidance to publishers, helping them navigate platform capabilities and troubleshoot integration issues. This role is a strong fit for someone who is comfortable moving between technical problem-solving and partner-facing communication."",""responsibilities"":""Build and own full-stack internal applications that directly accelerate Apple News operational workflows and reduce manual effort at scale.  
  
Design data tools that surface actionable insights, enabling internal teams to make faster, evidence-backed decisions.  
  
Drive end-to-end automation of repeatable operational processes, partnering with cross-functional teams to ship solutions.  
  
Integrate AI-assisted development practices into the team's build cycle, measurably compressing delivery and debugging timelines.  
  
Triage and resolve publisher-reported technical issues.  
  
**Preferred Qualifications**  
  
Experience presenting technical architecture or recommendations to varied audiences, including non-engineers.  
  
Strong debugging and triage skills, with security-conscious engineering instincts demonstrated through code review practices and data handling decisions.  
  
Experience working directly with external partners in a technical capacity.  
  
Familiarity with media, publishing, or digital content platforms, with working knowledge of how content pipelines and publisher ecosystems operate.  
  
**Minimum Qualifications**  
  
Experience in software engineering or technical operations, with shipped internal tooling or automation systems as evidence.  
  
Solid Python proficiency applied to scripting, automation, or backend services.  
  
Hands-on experience designing and optimizing both SQL and NoSQL databases.  
  
Experience with React and related frontend technologies.  
  
Ability to analyze data and build solutions that drive actionable insights.  
  
Familiarity and deep interest in applying AI to enhance tooling and productivity.  
  
**Pay & Benefits**  
  
At Apple, base pay is one part of our total compensation package and is determined within a range. This provides the opportunity to progress as you grow and develop within a role. The base pay range for this role is between $150,400 and $225,300, and your base pay will depend on your skills, qualifications, experience, and location.  
  
Apple employees also have the opportunity to become an Apple shareholder through participation in Apple's discretionary employee stock programs. Apple employees are eligible for discretionary restricted stock unit awards, and can purchase Apple stock at a discount if voluntarily participating in Apple's Employee Stock Purchase Plan. You'll also receive benefits including: Comprehensive medical and dental coverage, retirement benefits, a range of discounted products and free services, and for formal education related to advancing your career at Apple, reimbursement for certain educational expenses - including tuition. Additionally, this role might be eligible for discretionary bonuses or commission payments as well as relocation. Learn more about Apple Benefits  
  
Note: Apple benefit, compensation and employee stock programs are subject to eligibility requirements and other terms of the applicable plan or program.",2026-09-29,150400.0,225300.0,False,jobspy/indeed,11
"Software Engineer, Siri Runtime Systems and Interaction",Apple,"Cupertino, CA, US",https://www.indeed.com/viewjob?jk=9d013fa5fbbd3d9f,"Apple is where individual imaginations gather together, committing to the values that lead to great work. Every new product we build, service we create, or Apple Store experience we deliver is the result of us making each other’s ideas stronger. That happens because every one of us shares a belief that we can make something wonderful and share it with the world, changing lives for the better. It’s the diversity of our people and their thinking that inspires the innovation that runs through everything we do. When we bring everybody in, we can do the best work of our lives.  
  
The Siri Software Group is looking for a highly motivated Systems Software Engineer to help build delightful Siri experiences supercharged with Apple Intelligence. You will be working with the team that has created the best-in-class intelligent voice assistant that helps millions of people get things done. You enjoy problem solving and are passionate about building high-quality software that enables a wowing customer experience.  
  
**Description**  
  
As an Systems Software Engineer in the Siri Software team at Apple, you will partner with cross-functional teams to solve high-impact problems on Apple product(s). The primary responsibilities associated with this role include:  
  
You will be a force-multiplier, by enabling team-members to be more productive.  
  
"",""responsibilities"":""Design of systems, software development, optimization of existing systems, debugging, integrating ML models in software pipelines, and collaborating closely with product teams before and after feature launch.  
  
Writing clean, maintainable and production code with appropriate documentation and tests.  
  
Debugging quality related issues in the software stack.  
  
Contributing to architecture decisions, design reviews and peer code reviews.  
  
**Preferred Qualifications**  
  
Demonstrated experience in using any of Swift/C++/ObjectiveC for building and designing production quality software.  
  
Experience with developing and optimizing algorithms that run efficiently on resource constrained platforms.  
  
**Minimum Qualifications**  
  
Strong programming skills in either of Swift, C++, or ObjectiveC.  
  
Strong problem solving skills and comfortable dealing with ambiguity  
  
Excellent communication and presentation skills.  
  
BS in Computer Science/related disciplines.  
  
**Pay & Benefits**  
  
At Apple, base pay is one part of our total compensation package and is determined within a range. This provides the opportunity to progress as you grow and develop within a role. The base pay range for this role is between $129,300 and $194,700, and your base pay will depend on your skills, qualifications, experience, and location.  
  
Apple employees also have the opportunity to become an Apple shareholder through participation in Apple's discretionary employee stock programs. Apple employees are eligible for discretionary restricted stock unit awards, and can purchase Apple stock at a discount if voluntarily participating in Apple's Employee Stock Purchase Plan. You'll also receive benefits including: Comprehensive medical and dental coverage, retirement benefits, a range of discounted products and free services, and for formal education related to advancing your career at Apple, reimbursement for certain educational expenses - including tuition. Additionally, this role might be eligible for discretionary bonuses or commission payments as well as relocation. Learn more about Apple Benefits  
  
Note: Apple benefit, compensation and employee stock programs are subject to eligibility requirements and other terms of the applicable plan or program.",2026-09-29,129300.0,194700.0,False,jobspy/indeed,11
"AIML - Sr Machine Learning Engineer, DMLI",Apple,"Cupertino, CA, US",https://www.indeed.com/viewjob?jk=f2e6c633ffe12396,"We are looking for talented machine learning engineers who are excited to tackle some of the most meaningful and technically challenging problems in building and deploying foundation model-based products for our customers.  
  
As a Machine Learning Engineer focused on foundation model evaluation, you will play a critical role in assessing the capabilities of the models that power Apple Intelligence features.  
  
You will work closely with machine learning researchers to translate evaluation insights into actionable improvements that advance future model performance.  
  
**Description**  
  
As a foundation model evaluation Machine Learning Engineer, you will be entrusted with ensuring that foundation model performance can be measured quickly and reliably, in order to support crucial model shipping decisions.  
  
You will design, implement, and maintain crucial evaluation infrastructure.  
  
You will collaborate extensively with ML researchers on both model hillclimbing and developing novel methodologies for measuring model performance.  
  
Your responsibilities will span a number of high-impact parts of the Apple product and foundation model lifecycle.  
  
"",""responsibilities"":""Ensure the stability, reliability, and performance of Apple's foundation model evaluation system.  
  
Design and implement novel evaluation methodologies.  
  
Help design and implement tooling to simplify metrics generation, ingestion, and reporting.  
  
Leverage agentic LLM systems to facilitate and improve model evaluations.  
  
**Preferred Qualifications**  
  
Hands on experience with evaluating large language models at scale or designing large language model benchmarks.  
  
Strong communication skills, able to clearly and concisely convey important information.  
  
Self-motivated and curious. Strive to continually learn on the job.  
  
High level of creative and critical thinking skills with an innate drive to improve how things work. Have a high tolerance for ambiguity and the ability to identify the most important problems to solve.  
  
**Minimum Qualifications**  
  
5+ years of hands on ML engineering experiences, with at least 1+ years working directly on large language models or generative AI.  
  
Bachelor’s, Master’s, or PhD in Computer Science, Machine Learning, or a related technical field - or equivalent practical experience.  
  
Strong software engineering fundamentals: debugging, testing, code reviews, and production reliability / scalability.  
  
Hands-on experience with LLM training and / or evaluation workflows, including any of the following: pre-training, post-training, online evaluation, offline evaluation, automated evaluation, human evaluation.  
  
**Pay & Benefits**  
  
At Apple, base pay is one part of our total compensation package and is determined within a range. This provides the opportunity to progress as you grow and develop within a role. The base pay range for this role is between $150,400 and $277,600, and your base pay will depend on your skills, qualifications, experience, and location.  
  
Apple employees also have the opportunity to become an Apple shareholder through participation in Apple's discretionary employee stock programs. Apple employees are eligible for discretionary restricted stock unit awards, and can purchase Apple stock at a discount if voluntarily participating in Apple's Employee Stock Purchase Plan. You'll also receive benefits including: Comprehensive medical and dental coverage, retirement benefits, a range of discounted products and free services, and for formal education related to advancing your career at Apple, reimbursement for certain educational expenses - including tuition. Additionally, this role might be eligible for discretionary bonuses or commission payments as well as relocation. Learn more about Apple Benefits  
  
Note: Apple benefit, compensation and employee stock programs are subject to eligibility requirements and other terms of the applicable plan or program.",2026-09-29,150400.0,277600.0,False,jobspy/indeed,11
Engineer I/II (Cloud Development and Data Warehouse),Mutual of Omaha,"Remote, US",https://www.indeed.com/viewjob?jk=5b995752fcceb4b0,"**Location:** Remote  
**Work Type:** Full Time Regular  
**Job No:** 505274  
**Categories:** Information Technology  
**Application Closes:** Closes Oct 30, 2026

2026-10-02

Join Workplace Solutions as an Engineer I or Engineer II and help modernize the software and data solutions that support our Claims organization. You will contribute to reliable, secure technology that supports claims processing and related business capabilities, with a primary focus on software engineering and a strong role in data integration and processing.

Our team works across modern and legacy environments, building containerized Java services, APIs, event driven integrations, and data processes. This role is a strong fit for an engineer with strong database and SQL skills who enjoys solving complex production problems and wants to help move critical capabilities toward microservices, containers, events, and cloud-based solutions.

**WHAT WE CAN OFFER YOU:**

* Estimated Salary (Levels have variable responsibilities and qualifications)  
  + - Engineer I: $110,00 - $120,000, plus annual bonus opportunity
    - Engineer II: $130,000 - $149,000, plus annual bonus opportunity
* 401(k) plan with a 2% company contribution and 6% company match.
* Work-life balance with vacation, personal time and paid holidays. See our benefits and perks page for details.
* Applicants for this position must not now, nor at any point in the future, require sponsorship for employment

  

**WHAT YOU’LL DO:**

In this role, you will build and support software solutions for Claims processing and our data warehouse. You will work across application, integration, database, and data processing layers while contributing to the modernization of legacy systems. You will also participate in production operations, incident response, and continuous improvement.

* Develop and maintain containerized Java and Spring Boot applications.
* Build and support APIs that connect Claims applications, enterprise platforms, and external systems.
* Build and support event driven integrations using Kafka and other messaging patterns.
* Create and maintain SQL, ETL, and data processing solutions that support analytical and data warehouse use cases.
* Apply modern engineering practices including automated testing, source control, code review, CI/CD, deployment automation, and other DevOps practices.
* Own production outcomes. Monitor and support production applications and data processes, troubleshoot incidents, identify root causes, and implement corrective actions.
* Modernize legacy capabilities by reducing technical debt and moving key functionality toward modern architectures.
* Collaborate and innovate. Work with engineers, analysts, product owners, architects, and business partners to translate needs into reliable technical solutions.
* Create and maintain technical documentation including technical designs, API specifications, data mappings, and operational documentation.

  

**WHAT YOU’LL BRING:**

* Strong database and SQL skills, including relational data structures, query development, data integrity, and performance considerations.
* Experience developing Java applications using Spring Boot and microservices architecture.
* Experience building, deploying, or supporting containerized applications.
* Experience maintaining or modernizing legacy systems while preserving production reliability.
* Understanding of APIs, integration patterns, event driven architecture, and message processing.
* Experience with automated testing and disciplined software development lifecycle practices.
* Strong analytical and problem-solving skills, including the ability to troubleshoot across application, integration, database, and infrastructure layers.
* Clear communication and a collaborative approach to working with technical and non-technical partners.
* Demonstrates a strong sense of ownership and accountability for their work.
* Curiosity and adaptability when working with unfamiliar systems, technologies, data, and business processes.
* You promote a culture of diversity and inclusion, value different ideas and opinions, and listen courageously, remaining curious in all that you do.
* Ability to work remotely with reliable high-speed internet access while residing in the United States or Puerto Rico.

**PREFERRED:**

* Experience with AWS services and cloud-based solutions.
* Experience with Kafka, MuleSoft, enterprise ETL, analytical data, or data warehouse solutions.
* Understanding of data quality, reconciliation, lineage, monitoring, and downstream dependencies.
* Experience supporting claims, insurance, financial services, or other highly regulated business processes.
* Experience with production observability, logging, alerting, incident response, and root cause analysis.

  

**This role is classified as remote; however, periodic in-person attendance will be required at times for activities such as quarterly or project planning, training, or other business-critical meetings.**

**We value diverse experience, skills, and passion for innovation. If your experience aligns with the listed requirements**

If you have questions about your application or the hiring process, email our Talent Acquisition area at careers@mutualofomaha.com. Please allow at least one week from time of applying if you are checking on the status.

**Stay Safe from Job Scams**  
Mutual of Omaha only accepts applications from mutualofomaha.com/careers. Legitimate communications will come from '@mutualofomaha.com.' We never request sensitive information or extend job offers without conducting interviews. For more details, check our Hiring FAQs. Stay alert for scams and apply securely!

Fair Chance Notices

Need help? Email Us

**Great place to work**
-----------------------

Together we achieve greatness. Not only is this a core value, but it’s also representative of the kind of place we are — built by the strength and integrity of our employees. It’s why we’re named a “Great Place to Work”.

**An inclusive culture**
------------------------

Surround yourself with an authentic and inclusive culture. Your strengths and differences will be valued and celebrated by a diverse community of co‑workers.",2026-10-03,,,True,jobspy/indeed,10
Senior Program Protection Engineer (Software Engineer),Raytheon,"Tewksbury, MA, US",https://www.indeed.com/viewjob?jk=90788d4417681150,"**Date Posted:**

2026-05-12

**Country:**

United States of America

**Location:**

US-MA-TEWKSBURY-TB3 ~ 50 Apple Hill Dr ~ CONCORD BLDG, Tewksbury Tb3 300 Concord

**Position Role Type:**

Onsite

**U.S. Citizen, U.S. Person, or Immigration Status Requirements:**

The ability to obtain and maintain a U.S. government issued security clearance is required. U.S. citizenship is required, as only U.S. citizens are eligible for a security clearance

**Security Clearance Type:**

DoD Clearance: Secret

**Security Clearance Status:**

Active and existing security clearance required after day 1

At RTX, the world largest aerospace and defense company, 185,000 great minds are united by purpose and inspired to make a difference solving the world’s most complex problems. With our three market leading businesses, world-class operations and investments in research and development, we offer capabilities and opportunity no one else can. Together, we push the boundaries of known science and find new ways to connect and protect our world.

Raytheon brings the strength of more than 100 years of experience and renowned engineering expertise to meet the needs of today’s mission and stay ahead of tomorrow’s threat. We deliver solutions that help our nation and allies defend freedoms and deter aggression, creating a safer, more secure world. Join us and help shape the future of aerospace and defense.

he Software Product Assurance Center’s Software Security Sensors and Effectors Department is seeking a highly skilled individual to join our software team where you will employ Agile development techniques on embedded targets to continuously develop and deploy critical capabilities to the warfighter. We strive for technical excellence by drawing upon a workforce whose knowledge base and experience covers the complete spectrum of modern computing languages and platforms.

As a senior embedded software engineer, the candidate will be involved with software and firmware design, development, integration, and testing of real-time embedded solutions with application software, with a focus on overall system integrity.

Working side by side with Systems engineering to support generation of design concept and system architectural documentation. Support the decomposition of the architectural documentation in support of the generation and decomposition of requirements needed to support software development activities. The ideal candidate will also participate in Technical Integration Meetings with subcontractors to ensure selected hardware meets hardware and software requirements.

The candidate , working individually or as part of a team will be responsible for applying embedded principles to the design and development of hardened software applications. Software applications are developed using C and C++ on a variety of computing platforms running Linux and other real time operating systems. The candidate will ensure consistency across teams and remove impediments as they arise.

**Qualifications You Must Have:**

* Typically requires a Bachelor’s in Science, Technology, Engineering, or Mathematics and a minimum of 5 years of experience
* Experience in an Agile and DevSecOps environment developing and maintaining software on an embedded processors/microcontroller. Experience working in a Linux environment with ability to modify and maintain Linux Kernel root file system
* Experience developing multithreaded applications.
* Experience building up and maintaining a code base built with CMake and Google Test.
* **The ability to obtain and maintain a US security clearance. U.S. citizenship is required as only U.S. citizens are eligible for a security clearance**

**Qualifications We Value:**

* Proficiency with RTOS Systems, Linux device drivers, and/or embedded Linux
* Experience developing and troubleshooting on embedded targets
* Experience designing, implementing, testing, or deploying real-time embedded software solutions.
* Willingness to learn new techniques and apply critical thinking and problem-solving skills to diagnose customer issues.
* Knowledge of modern computer architectures and hardware technologies including: x86, ARM Architectures
* Field Programmable Gate Arrays (FPGAs)
* Working knowledge of the Linux Kernel development and device drivers for the Linux Kernel.
* Experience with bare-metal software development.
* Experience using version control systems such as Git or Subversion.
* Demonstrated ability to work closely across other engineering disciplines (Systems Engineering, Hardware Engineering, etc.) to debug system and board level issues using software tools

**What We Offer**

* Our values drive our actions, behaviors, and performance with a vision for a safer, more connected world. At RTX we value: Safety, Trust, Respect, Accountability, Collaboration, and Innovation.

**Learn More & Apply Now!**

* Please consider the following role type definition as you apply for this role. Onsite: Employees who are working in Onsite roles will work primarily onsite. This includes all production and maintenance employees, as they are essential to the development of our products.
* This position requires a security clearance. **DCSA Consolidated Adjudication Services (DCSA CAS),** an agency of the Department of Defense, handles and adjudicates the security clearance process. More information about Security Clearances can be found on the US Department of State government website here: https://www.state.gov/m/ds/clearances/c10978.htm

***As part of our commitment to maintaining a secure hiring process, candidates may be asked to attend select steps of the interview process in-person at one of our office locations, regardless of whether the role is designated as on-site, hybrid or remote.***

The salary range for this role is 86,800 USD - 165,200 USD. The salary range provided is a good faith estimate representative of all experience levels. RTX considers several factors when extending an offer, including but not limited to, the role, function and associated responsibilities, a candidate’s work experience, location, education/training, and key skills.Hired applicants may be eligible for benefits, including but not limited to, medical, dental, vision, life insurance, short-term disability, long-term disability, 401(k) match, flexible spending accounts, flexible work schedules, employee assistance program, Employee Scholar Program, parental leave, paid time off, and holidays. Specific benefits are dependent upon the specific business unit as well as whether or not the position is covered by a collective-bargaining agreement.Hired applicants may be eligible for annual short-term and/or long-term incentive compensation programs depending on the level of the position and whether or not it is covered by a collective-bargaining agreement. Payments under these annual programs are not guaranteed and are dependent upon a variety of factors including, but not limited to, individual performance, business unit performance, and/or the company’s performance.This role is a U.S.-based role. If the successful candidate resides in a U.S. territory, the appropriate pay structure and benefits will apply.RTX anticipates the application window closing approximately 40 days from the date the notice was posted. However, factors such as candidate flow and business necessity may require RTX to shorten or extend the application window.

*RTX is an Equal Opportunity Employer. All qualified applicants will receive consideration for employment without regard to race, color, religion, sex, sexual orientation, gender identity, national origin, age, disability or veteran status, or any other applicable state or federal protected class. RTX provides affirmative action in employment for qualified Individuals with a Disability and Protected Veterans in compliance with Section 503 of the Rehabilitation Act and the Vietnam Era Veterans’ Readjustment Assistance Act.*

**Privacy Policy and Terms:**",2026-10-02,86800.0,165200.0,False,jobspy/indeed,8
Senior Mainframe Developer,Intercontinental Exchange,"Jacksonville, FL, US",https://www.indeed.com/viewjob?jk=fd1ff5059dfca868,"Overview:

**Job Purpose**

The MSP development community is the heart of MSP Mortgage Technology. Our focus is to enhance, maintain, and support both internal and client-facing MSP functionality through efficiencies, and associated processes that drive improvements which grow, protect and preserve the integrity of MSP for our clients.

The Senior Software Engineer is a core contributor to the MSP development team, responsible for the design, development, and ongoing support of mainframe-based mortgage servicing solutions. This role leads technically on projects of appropriate scope, delivers quality COBOL/CICS solutions aligned with business requirements and architectural standards, and actively contributes to the growth and capability of the broader engineering team.

**Responsibilities**

* Interpret, write new, and/or modify existing COBOL Batch and CICS programs timely and efficiently according to business requirements and documented standards
* Familiarity with in-house source-code tools, development tools, development, testing, and implementation processes and procedures.
* Able to collaborate with peers, teams, and departments successfully and respectfully.
* Able to research, analyze, strategize, formulate, problem-solve, and implement coding solutions within expected timelines.
* Serves as technical lead, architect, or principal developer on projects of appropriate scope and complexity.
* Provides and guides production support for in-production applications, including participation in the secondary on-call rotation.
* Mentors and guides less experienced developers, contributing to team growth and knowledge transfer.
* Participates in a secondary on-call schedule to support production operations outside of business hours.
* Perform other related duties as assigned.

**Knowledge and Experience**

* Bachelor’s degree in computer science, Information Systems, or the equivalent combination of education, training, or work experience.
* 8+ years z/OS mainframe application development technologies such as Batch/CICS COBOL, JCL, IDz, ISPW, REXX, TSO; Java/Java plug-ins, Assembler, C\* are a plus.
* Excellent analytical, decision-making, and problem-solving skills - ability to foresee problems, identify/implement solutions that are reliable, scalable, and efficient where applicable.
* Excellent leadership skills (defined as the ability to influence or induce others in a direction, course, action, or opinion to produce positive results for the organization or a client).
* Ability to communicate well with technical and non-technical audiences.
* Knowledge with AI-assisted development tools, particularly with Claude Code knowledge/ experience is considered a strong plus
* Results oriented, business focused, and successful at interfacing across multiple organizational units.
* Self-motivated, proactive, and able to work independently with little guidance or formal training.
* Ability to identify opportunities to create, improve or enhance tools and processes to improve productivity and help minimize Production risk.
* Performs well under pressure/time constraints.
* Adaptable, Approachable, able to give/take direction.
* Continual learner.
* Mortgage/MSP knowledge and understanding of FM a plus.
* Familiarity with FM/MSP production job flows and processes.

**Technologies**

* COBOL for Z/OS, CICS, IDz, (C\*, Assembler, JCL, REXX a plus).
* VSAM/DB2 file structures, ISPW source code/release management
* TSO/ISPF mainframe interfaces
* Utilities (IDCAMS, FILEAID, XPEDITER, QUIKJOB, LIBRARIAN, RDZ - Rational Suite)
* MS Office (WORD, EXCEL, PowerPoint, Visio)

-: Intercontinental Exchange, Inc. is an Equal Opportunity Employer. All qualified applicants will receive consideration for employment without regard to legally protected characteristics.",2026-10-02,,,False,jobspy/indeed,8
Senior Software Engineer - Python,Venmo,"Austin, TX",https://www.linkedin.com/jobs/view/4465379983,,2026-10-01,,,False,jobspy/linkedin,8
"Software Development Engineer, AWS IAM Distributed Database System",Amazon Web Services (AWS),"Seattle, WA",https://www.linkedin.com/jobs/view/4455931376,,2026-10-01,,,False,jobspy/linkedin,8
Principal Artificial Intelligence/ Cloud Engineer,Rivet,"Cherry Point, NC, US",https://www.indeed.com/viewjob?jk=a55b498137bd6dfa,"Overview:

**Job Title: Principal Artificial Intelligence/ Cloud Engineer**

**Location: Cherry Point, North Carolina**

Rivet Operations Company is looking for a Principal Artificial Intelligence (AI)/ Cloud Engineer to serve as the principal engineer for all software, AI/machine learning (ML), and cloud efforts at Marine Corps Air Station Cherry Point, North Carolina. This role owns the technical architecture for AI/ML and cloud systems and drives the modernization of legacy applications into secure, cloud-based solutions that improve aircraft readiness.

The Principal AI/Cloud Engineer is responsible for defining, documenting, and leading the overall technical architecture for all Aircraft Logistics Department (ALD) software, AI/ML, and cloud systems, and for establishing and enforcing coding standards, development methodologies, and quality assurance processes. This role leads the Risk Management Framework (RMF) and Authorization to Operate (ATO) processes for all developed systems and serves as the primary technical point of contact for government stakeholders.

**Key Responsibilities**

* Define, document, and lead the overall technical architecture for all ALD software, AI/ML, and cloud systems, and establish and enforce coding standards, development methodologies, and QA processes.
* Design, develop, train, and continuously improve machine learning models for predictive maintenance, and perform advanced data engineering and feature extraction on large-scale datasets.
* Architect, deploy, and maintain secure applications and infrastructure on government-owned infrastructure.
* Design and implement CI/CD pipelines, containerization, and infrastructure-as-code.
* Integrate language models into existing software
* Enforce data privacy and conduct vulnerability patching when required, in support of the RMF.
* Ensure AI tools and techniques are authorized under DoD operational security (OPSEC) policy and standards.

Requirements:

**Required Qualifications**

* U.S. citizenship and ability to maintain a Secret security clearance.
* Experience to meet one of these qualifications is desired:
* A minimum of 7 years’ general experience with an associate’s degree.
* A minimum of 8 years’ general experience with a bachelor’s degree.
* A minimum of 6 years’ general experience with a master’s degree.

In lieu of a degree, candidates may qualify with an additional number of years of relevant experience.

* Demonstrated experience designing, building, testing, and deploying machine learning models and AI applications.
* Proficiency with programming and query languages (Python, SQL) and ML/AI frameworks (TensorFlow, PyTorch, or similar).
* Experience designing, building, deploying, and maintaining AI systems and cloud environments on platforms such as AWS, GCP, or Microsoft Azure.
* Experience automating cloud, infrastructure, data, and AI processes; supporting security compliance for AI, cloud, and virtualized environments.
* Experience mentoring junior technical staff.
* Proficiency in Microsoft Office Suite.
* Excellent verbal and written communication skills.

**Benefits:**

Rivet offers a comprehensive benefits package including a liberal vacation plan, a matching retirement program, and competitive salaries commensurate with skills and experience. For more information about our organization, please visit our web site at www.rivetopsllc.com.

**Physical Requirements:**

Work may involve sitting or standing for extended periods of time. Position may require typing and reading from a computer screen. Must have sufficient mobility, including but not limited to bending, reaching, and kneeling to complete daily duties in a timely and efficient manner. There is a possibility that due to parking availability and location of work, walking moderate to long distance may be required. Possible lifting up to 40 lbs.

Please note: Rivet Operations Company LLC reserves the right to change or modify job duties and assignments at any time. The above job description is not all encompassing. Positions functions and qualifications may vary depending on business needs.

Rivet Operations Company LLC is an equal opportunity employer and does not discriminate against applicants based on race, color, creed, religion, medical condition, legally protected genetic information, national origin, sex (including pregnancy, childbirth or related medical condition), sexual orientation, gender identity and expression, age, disability, or Vietnam era, or other eligible veteran status or legally protected characteristics.

Posted Salary Range: USD $126,000.00 - USD $136,000.00 /Yr.",2026-10-02,126000.0,136000.0,False,jobspy/indeed,6
Principal Software Developer,Rivet,"Cherry Point, NC, US",https://www.indeed.com/viewjob?jk=0fbca65aa9f2cf32,"Overview:

**Job Title: Principal Software Developer**

**Location: Cherry Point, North Carolina**

Rivet Operations Company is looking for a Principal Software Developer to design, build, and sustain the applications and data services at Marine Corps Air Station Cherry Point, North Carolina. This role provides software development, systems design, technical implementation, testing, data pipeline support, database support, API support, quality assurance, and technical leadership.

The Principal Software Developer is responsible for developing, maintaining, and providing helpdesk support for Aviation Logistics Department (ALD) software, developing supply warehouse automation software, and designing and maintaining ALD web pages and applications using government-owned or licensed SaaS and PaaS. This role also participates in the Risk Management Framework (RMF) process for all developed software.

**Key Responsibilities**

* Develop, maintain, and provide helpdesk support for ALD software.
* Develop and maintain supply warehouse automation software, and design and maintain ALD web pages and applications.
* Create and maintain comprehensive help files for all developed software and apply knowledge of multiple coding languages.
* Produce static code reviews and participate in the RMF process for all developed software.
* Analyze and identify root causes of technical issues, triage them, and provide timely workarounds and solutions.
* Provide training to ALD staff on office productivity software and daily end-user support for all developed applications.
* Enforce secure system foundations in support of the RMF, by translating compliance frameworks into technical requirements.
* Evaluate emerging technologies and how they apply to DoD operational security (OPSEC) policy.

Requirements:

**Required Qualifications**  

* U.S. citizenship and ability to maintain a Secret security clearance.
* Experience to meet one of these qualifications is desired:
* A minimum of 14 years’ general experience with an associate’s degree.
* A minimum of 12 years’ general experience with a bachelor’s degree.
* A minimum of 10 years’ general experience with a master’s degree.

In lieu of a degree, candidates may qualify with an additional number of years of relevant experience.  

* Demonstrated experience developing, designing, implementing, testing, and evaluating software and systems, applying computer science, engineering, and mathematical analysis principles, including data pipeline, database schema, and API development.
* Experience providing technical support, influencing solution direction, and resolving complex technical issues through root-cause analysis.
* Proficiency in Microsoft Office Suite.
* Excellent verbal and written communication skills.

**Benefits:**  
Rivet offers a comprehensive benefits package including a liberal vacation plan, a matching retirement program, and competitive salaries commensurate with skills and experience. For more information about our organization, please visit our web site at www.rivetopsllc.com.

**Physical Requirements:**  
Work may involve sitting or standing for extended periods of time. Position may require typing and reading from a computer screen. Must have sufficient mobility, including but not limited to bending, reaching, and kneeling to complete daily duties in a timely and efficient manner. There is a possibility that due to parking availability and location of work, walking moderate to long distance may be required. Possible lifting up to 40 lbs.

Please note: Rivet Operations Company LLC reserves the right to change or modify job duties and assignments at any time. The above job description is not all encompassing. Positions functions and qualifications may vary depending on business needs.

Rivet Operations Company LLC is an equal opportunity employer and does not discriminate against applicants based on race, color, creed, religion, medical condition, legally protected genetic information, national origin, sex (including pregnancy, childbirth or related medical condition), sexual orientation, gender identity and expression, age, disability, or Vietnam era, or other eligible veteran status or legally protected characteristics.

Posted Salary Range: USD $134,000.00 - USD $144,000.00 /Yr.",2026-10-02,134000.0,144000.0,False,jobspy/indeed,6
R&D Software Engineering Manager,Keysight Technologies,"Santa Rosa, CA, US",https://www.indeed.com/viewjob?jk=2edee4cd46af07b6,"Overview:

Keysight is at the forefront of technology innovation, delivering breakthroughs and trusted insights in electronic design, simulation, prototyping, test, manufacturing, and optimization. Our ~16,800 employees create world-class solutions in communications, 5G, automotive, energy, quantum, aerospace, defense, and semiconductor markets for customers in over 100 countries. Learn more about what we do.

Our award-winning culture embraces a bold vision of where technology can take us and a passion for tackling challenging problems with industry-first solutions. We believe that when people feel a sense of belonging, they can be more creative, innovative, and thrive at all points in their careers.

Responsibilities:

**Qualifications**
------------------

* Lead, mentor, and energize a young, Agile engineering team across software and firmware — fostering a culture that thrives on innovation, complex problem-solving, and writing secure, low-defect code.
* Drive product strategy and technical direction across bespoke web, mobile, desktop, and firmware development, bridging software and hardware disciplines.
* Champion customer centricity and commercial focus through a well-groomed product backlog spanning IoT, mobile, web, and desktop applications.
* Own the strategy and execution of the instrument’s telemetry and diagnostics platform — from on-device capture of configuration, health, and utilization data through aggregation and cloud/on-prem analytics — ensuring it stays lightweight and never interferes with customer-facing test workflows.
* Partner with global service, standards, and analytics teams across time zones, and participate in customer beta programs, to validate the platform in the field, refine requirements, and keep data formats consistent as the product line evolves.
* Document storage format, retrieval behavior, and configuration interfaces so internal consumers and standards owners can rely on consistent, deduplicated, schema-aligned records.

Qualifications:

* Bachelor’s or Master’s degree in Computer Science, Computer Engineering, or a related field — Electrical Engineering background a strong plus for understanding hardware/software interaction — or equivalent practical experience.
* Proven experience bringing solutions to market from idea, concept, POC, to fully commercialized products.
* Proficiency in C/C++ (or equivalent) for embedded/instrument firmware, combined with hands-on experience in React, Angular, or similar modern JS frameworks for building desktop, web, or mobile applications.
* Experience with cloud technologies and microservices architecture.
* Experience with containerization and orchestration (e.g., Kubernetes) for deploying and scaling backend or analytics services.
* Demonstrated experience applying AI/ML techniques to product design, development, or tooling problems (e.g., anomaly detection on telemetry data, predictive health/utilization insights).
* Experience developing embedded or instrument firmware/software on Linux and/or Windows-based platforms, including file-system and persistent-storage design under size and reliability constraints.
* Passion for mentoring engineers in an Agile environment, developing early-career talent, and building a team culture around solving complex problems together.

**Preferred Skills**
--------------------

* Prior exposure to Keysight-specific (or equivalent) hardware interactions, test-and-measurement instruments, asset or calibration data flows, health/utilization monitoring, or instrument software architecture.
* Working knowledge of SCPI and of keeping background telemetry activity from interfering with customer test programs.
* Experience with configurable periodic tasks, power-up initialization sequences, and designing for data retention across offline intervals.
* Familiarity with structured telemetry or logging formats (JSON or line-delimited records), log rotation, and schema-aligned data matching an external query interface.
* UX/UI design sensibility for building desktop or web interfaces that present telemetry, asset, and health/utilization data clearly.
* Experience with networked instrument environments (LAN, with awareness of GPIB/legacy connectivity constraints) and with agents or services that collect data from devices.
* Ability to collaborate across firmware, systems software, cloud/on-prem analytics, and services organizations; clear written communication for standards-related interface definitions.
* Prior exposure to Keysight-specific (or equivalent) hardware interactions, test-and-measurement instruments, asset or calibration data flows, health/utilization monitoring, or instrument software architecture.

**Careers Privacy Statement**

Keysight Technologies Inc. is an equal opportunity employer. Qualified applicants will receive consideration for employment without regard to race, color, religion, sex, sexual orientation, gender identity, national origin, protected veteran status, disability or any other protected categories under all applicable laws.

The level of role will be based on applicable experience, education and skills; Most offers will be between the minimum and the midpoint of the Salary Range listed below.

California pay range: MIN $167,970.00 - MAX $279,950.00

**Note:** For other locations, pay ranges will vary by region

This role is eligible for <> Keysight Results Bonus Program OR Pay For Results Bonus Program OR Sales Incentive Program

US Employees may be eligible for the following benefits:

* Medical, dental and vision
* Health Savings Account
* Health Care and Dependent Care Flexible Spending Accounts
* Life, Accident, Disability insurance
* Business Travel Accident and Business Travel Health
* 401(k) Plan
* Flexible Time Off, Paid Holidays
* Paid Family Leave
* Discounts, Perks
* Tuition Reimbursement
* Adoption Assistance
* ESPP (Employee Stock Purchase Plan)
* Restricted Stock Units

**#LI-MED1**",2026-10-02,167970.0,279950.0,False,jobspy/indeed,6
"Senior Software Engineer, Platform Apps & Technologies, Developer Workflows",Apple,"Cupertino, CA, US",https://www.indeed.com/viewjob?jk=c147810ba7922783,"Apple's Software Developer Workflows team delivers fast, reliable CI systems that make Apple's software easier to develop and ship. We believe that streamlined development unlocks creativity, innovation, and potential for developers.  
  
We're looking for a senior engineer to help drive the foundational services that power Apple's continuous integration, the systems that let Apple's software engineers build, test, and validate code changes at scale. This is a role for someone who is a go-to expert in backend systems, takes the lead on major features, spots where the platform needs to improve, and takes real ownership of how reliably we operate.  
  
We value diverse perspectives and unique skills. More than specific experience, we seek an engineer passionate about building great software, continuous learning, and solving complex technical problems.  
  
**Description**  
  
In this role, you'll lead across the backend services that form the backbone of Apple's CI infrastructure, partnering closely with the UI team where backend and frontend meet. You'll architect systems that scale reliably, set the direction for how services integrate with diverse workflows, and drive improvements to the developer experience for teams across the company. As a technical leader, you won't just contribute to the platform, you'll identify where it needs to go next, rally the team around that direction, and own the outcomes. Your work will directly shape how efficiently Apple's engineers can validate and ship code.  
  
Success requires flexibility, proactivity, and thriving in a supportive environment full of challenging problems. You'll bring excellent judgment for timely, high-stakes technical decisions, the ability to lead design discussions and build alignment across teams, and the technical depth to make informed tradeoffs on systems that must stay reliable at scale. You'll also raise the bar operationally, championing strong on-call practices, incident response, and the long-term health of the services we run, and mentor engineers as you set the standard for quality."",""responsibilities"":""Own the design and architecture of APIs for Apple's CI services, supporting diverse project and pipeline configurations at scale  
  
Design systems that reliably annotate PRs with build and test results  
  
Architect and maintain the services that initiate CI builds from multiple sources, guaranteeing reliable, high-throughput invocation across a wide range of use cases  
  
Work closely with the UI team to integrate features seamlessly across backend and frontend, ensuring clean contracts and a cohesive developer experience  
  
Build and evolve services that extract and surface relevant failure information from logs, driving improvements in failure analysis and developer productivity  
  
Drive the evolution of services that integrate with developer workflows, shaping how they scale and where they should improve  
  
Use metrics and data to analyze, design, and validate solutions for performance and reliability  
  
Lead on-call and incident response for critical services, troubleshooting complex issues, resolving them durably, and continuously improving system reliability and operational practices  
  
**Preferred Qualifications**  
  
Deep expertise in API design, RESTful services, microservices architecture, event-driven architectures, message queues, or asynchronous processing systems  
  
Experience with API gateways, authentication, or authorization frameworks  
  
Familiarity with observability, logging, and distributed tracing for diagnosing production issues  
  
Experience with CI/CD systems, build pipelines, or developer platform infrastructure  
  
Background with version control systems integration and SCM-related workflows  
  
Familiarity with macOS or iOS development environments and build processes  
  
Experience mentoring engineers and contributing to team-level technical standards  
  
Ability to identify and tackle problems quickly and optimally  
  
Strong leadership, communication, and project management skills  
  
Familiarity with AI-assisted development tools and using them to improve engineering productivity  
  
Programming languages like Swift or Python are nice to have  
  
**Minimum Qualifications**  
  
6+ years of industry software engineering experience, focused on backend services or platform infrastructure  
  
Proficiency in a language suited to backend systems work such as Scala, Java or Kotlin  
  
Experience working with database systems, including SQL and/or NoSQL, for storing, querying, and managing large-scale data  
  
Strong understanding of software design principles, distributed systems, and service architecture  
  
Proven track record of leading technical work from design through production, including driving alignment on cross-functional efforts  
  
Experience designing or owning systems that handle scale, reliability, and integration across multiple services, including cloud infrastructure, databases, and APIs  
  
Skilled in using observability and analytics tools such as Splunk, Grafana, or similar tools to analyze system performance, diagnose issues, and validate reliability improvements  
  
Experience with production operations - on-call, incident response, and improving the health of services  
  
Proven ability to work independently on complex problems and collaborate effectively across teams  
  
B.S. / M.S. in Computer Science or equivalent professional experience  
  
**Pay & Benefits**  
  
At Apple, base pay is one part of our total compensation package and is determined within a range. This provides the opportunity to progress as you grow and develop within a role. The base pay range for this role is between $184,700 and $277,600, and your base pay will depend on your skills, qualifications, experience, and location.  
  
Apple employees also have the opportunity to become an Apple shareholder through participation in Apple's discretionary employee stock programs. Apple employees are eligible for discretionary restricted stock unit awards, and can purchase Apple stock at a discount if voluntarily participating in Apple's Employee Stock Purchase Plan. You'll also receive benefits including: Comprehensive medical and dental coverage, retirement benefits, a range of discounted products and free services, and for formal education related to advancing your career at Apple, reimbursement for certain educational expenses - including tuition. Additionally, this role might be eligible for discretionary bonuses or commission payments as well as relocation. Learn more about Apple Benefits  
  
Note: Apple benefit, compensation and employee stock programs are subject to eligibility requirements and other terms of the applicable plan or program.",2026-09-29,184700.0,277600.0,False,jobspy/indeed,6
Software Engineer II (Onsite),Collins Aerospace,"Huntsville, AL, US",https://www.indeed.com/viewjob?jk=567dee498f475370,"**Date Posted:**

2026-10-02

**Country:**

United States of America

**Location:**

US-AL-HUNTSVILLE-382 ~ 420 Jan Davis Dr ~ DAVIS 382

**Position Role Type:**

Onsite

**U.S. Citizen, U.S. Person, or Immigration Status Requirements:**

The ability to obtain and maintain a U.S. government issued security clearance is required. U.S. citizenship is required, as only U.S. citizens are eligible for a security clearance

**Security Clearance Type:**

DoD Clearance: Secret

**Security Clearance Status:**

Active and existing security clearance required after day 1

At RTX, the world's largest aerospace and defense company, 185,000 great minds are united by purpose and inspired to make a difference solving the world’s most complex problems. With our three market leading businesses, world-class operations and investments in research and development, we offer capabilities and opportunity no one else can. Together, we push the boundaries of known science and find new ways to connect and protect our world.

Collins Aerospace is a leader in technologically advanced, intelligent solutions that help redefine the aerospace and defense industry. With a comprehensive portfolio and deep technical expertise, we help customers meet the demands of the global market. Join us and help shape the future of aerospace and defense.

The Tactical, Communications, and Maintenance Applications (TCMA) team based in Huntsville, Alabama has new opportunities for individuals who want to grow their technical expertise on complex programs and be a part of an innovative and fast-paced avionics business area. Teams are composed of cross-functional engineers working in an AGILE environment focused on the design and development of software-only products. Our team focuses on creating avionics solutions for both fixed-wing and rotary-wing aircraft, including the integration of various radios and surveillance equipment for domestic and international military customers.

We are looking for an experienced Engineer, disciplined in Software Engineering to join our TCMA team in Huntsville, Alabama. The successful candidate will be responsible for designing and implementing Agile software engineering processes and activities.

**What You Will Do:**

* Design, implement, and evaluate software in C++ and Python within the Agile framework.
* Conduct multidisciplinary research and collaborate with other engineers in the planning, design, and development of military technology.
* Work closely with cross-functional research teams to evaluate the effectiveness of early software prototypes.
* Independently perform multiple tasks given support from a mentor.
* Implement requirements, detailed design, implementing software, integration, and verification in accordance with software development processes.
* Accomplish tasks based on program schedule, collaborate with teammates to make the best decisions.
* Enjoy learning new technologies, be self-motivated and contribute to a positive work environment.

**Qualifications You Must Have:**

* Typically requires a degree in Science, Technology, Engineering or Mathematics (STEM) and minimum 2 years of prior relevant experience **or**an Advanced Degree in a related field.
* In-depth experience in software architecture, design and development using languages such as C, C++, Java, Ada and/or Python.
* Experience in an Agile.
* Must have or be capable of obtaining a US Department of Defense (DoD) security clearance after day 1. Candidate selected will be subject to a government security investigation/reinstatement and must meet eligibility requirements.

**Qualifications We Prefer:**

* Ability to successfully contribute in collaborative, cross-domain development environments.
* Demonstrated problem-solving and decision-making skills.
* Demonstrated capability in a fast-paced, dynamic, creative work environment.
* Self-motivated, enthusiastic, and work well with others.

**What We Offer:**

Benefits:

Some of our competitive benefits package includes:

* Medical, dental, and vision insurance
* Three weeks of vacation for newly hired employees
* Generous 401(k) plan that includes employer matching funds and separate employer retirement contribution, including a Lifetime Income Strategy option
* Tuition reimbursement program
* Student Loan Repayment Program
* Life insurance and disability coverage
* Optional coverages you can buy pet insurance, home and auto insurance, additional life and accident insurance, critical illness insurance, group legal, ID theft protection
* Birth, adoption, parental leave benefits
* Ovia Health, fertility, and family planning
* Adoption Assistance
* Autism Benefit
* Employee Assistance Plan, including up to 10 free counseling sessions
* Healthy You Incentives, wellness rewards program
* Doctor on Demand, virtual doctor visits
* Bright Horizons, child and elder care services
* Teladoc Medical Experts, second opinion program
* And more!

This role may be eligible for relocation.

**Learn More & Apply Now!**

Collins Aerospace makes modern flight possible. Of course, that wouldn’t be possible without the capabilities and technologies of our organization, as well as our engineers – a highly skilled, accomplished network that spans more than 180 sites, 24 countries and 6 Strategic Business Units (SBUs).

Our industry-leading experts are setting the standards for the aerospace industry and paving the way for the future. But as new challenges present themselves, we need fresh, creative and motivated minds to overcome these hurdles, help us break barriers and achieve new levels of innovation. Do you have what it takes to join a global organization that doesn’t shy away from big opportunities? If so, we invite you to join our ranks and create the next generation of aerospace technologies.

Together, we will nurture an engineering culture that values intellectual curiosity, risk takers and integrity. A place where we will challenge ourselves, our teams, and the status quo and where we will work to find a way – the right way – to achieve what others can only dream of.

**Onsite**: Employees who are working in Onsite roles will work primarily onsite. This includes all production and maintenance employees, as they are essential to the development of our products.

At Collins, the paths we pave together lead to limitless possibility. And the bonds we form – with our customers and with each other - propel us all higher, again and again.

Apply now and be part of the team that’s redefining aerospace, every day.

***As part of our commitment to maintaining a secure hiring process, candidates may be asked to attend select steps of the interview process in-person at one of our office locations, regardless of whether the role is designated as on-site, hybrid or remote.***

The salary range for this role is 68,900 USD - 131,100 USD. The salary range provided is a good faith estimate representative of all experience levels. RTX considers several factors when extending an offer, including but not limited to, the role, function and associated responsibilities, a candidate’s work experience, location, education/training, and key skills.Hired applicants may be eligible for benefits, including but not limited to, medical, dental, vision, life insurance, short-term disability, long-term disability, 401(k) match, flexible spending accounts, flexible work schedules, employee assistance program, Employee Scholar Program, parental leave, paid time off, and holidays. Specific benefits are dependent upon the specific business unit as well as whether or not the position is covered by a collective-bargaining agreement.Hired applicants may be eligible for annual short-term and/or long-term incentive compensation programs depending on the level of the position and whether or not it is covered by a collective-bargaining agreement. Payments under these annual programs are not guaranteed and are dependent upon a variety of factors including, but not limited to, individual performance, business unit performance, and/or the company’s performance.This role is a U.S.-based role. If the successful candidate resides in a U.S. territory, the appropriate pay structure and benefits will apply.RTX anticipates the application window closing approximately 40 days from the date the notice was posted. However, factors such as candidate flow and business necessity may require RTX to shorten or extend the application window.

*RTX is an Equal Opportunity Employer. All qualified applicants will receive consideration for employment without regard to race, color, religion, sex, sexual orientation, gender identity, national origin, age, disability or veteran status, or any other applicable state or federal protected class. RTX provides affirmative action in employment for qualified Individuals with a Disability and Protected Veterans in compliance with Section 503 of the Rehabilitation Act and the Vietnam Era Veterans’ Readjustment Assistance Act.*

**Privacy Policy and Terms:**",2026-10-02,68900.0,131100.0,False,jobspy/indeed,5
Site Reliability Engineer II,Early Warning Services,"Scottsdale, AZ, US",https://www.indeed.com/viewjob?jk=6e2aaa8129817fee,"At Early Warning, we’ve powered and protected the U.S. financial system for over thirty years with cutting-edge solutions like Zelle®, Paze®, and so much more. As a trusted name in payments, we partner with thousands of institutions to increase access to financial services and protect transactions for hundreds of millions of consumers and small businesses.

Early Warning follows a hybrid work model to allow for a more collaborative working environment.

Candidates responding to this posting must independently possess the eligibility to work in the United States, for any employer, at the date of hire. This position is ineligible for employment Visa sponsorship.

**Role Summary**

* The Site Reliability Engineer II applies software engineering and systems engineering practices to improve the reliability, resilience, scalability, and operational health of production services. The role partners with Software Engineering and other technology teams to ensure reliability, observability, recoverability, performance, and operational readiness are engineered into systems throughout their lifecycle. At the Engineer II level, the engineer works with increasing independence, identifies reliability risks, automates operational work, and helps guide reliability decisions within assigned services.

**Core** **Responsibilities**

* Use software engineering, automation, and DevOps principles and practices to continually improve how services are built, tested, deployed, observed, operated, and recovered.
* Use data, evidence, experimentation, and rigorous engineering analysis appropriate to the level to identify reliability risks, test assumptions, and guide technical decisions.
* Define, implement, or improve SLIs, SLOs, error budgets, and other service-health measures appropriate to the scope of responsibility.
* Improve observability through metrics, logging, tracing, monitoring, alerting, dashboards, and service-health instrumentation.
* Drive continuous improvement across CI/CD, observability, deployment practices, Infrastructure as Code, automation, testing, incident response, capacity management, resilience, and operational readiness.
* Identify recurring or systemic production issues and translate operational experience into improvements in code, architecture, automation, tooling, and engineering practices.
* Partner with Software Engineering teams to incorporate reliability, resiliency, scalability, performance, observability, recoverability, and operational readiness throughout the development lifecycle.
* Participate in or lead incident response, troubleshooting, service restoration, and blameless post-incident learning appropriate to the level.
* Participates independently in an on-call rotation for supported production services, diagnosing and resolving incidents and service degradation and escalating complex issues as appropriate.
* Reduce operational toil and unnecessary manual intervention through software, automation, reusable patterns, and better engineering practices.

**Leveling Intent**

Engineer II performs the same fundamental SRE mission as Engineer I with greater independence, proficiency, and responsibility for increasingly complex systems. The engineer increasingly multiplies team effectiveness through reusable solutions, knowledge transfer, and improvements that reduce repeated work.

**Level Expectations**

* Expands their force-multiplier impact by creating reusable solutions, sharing expertise, and helping teammates avoid repeatedly solving the same operational and reliability problems.
* Demonstrates software engineering, systems thinking, troubleshooting, and production reliability capabilities appropriate to the level.
* Applies evidence-driven reasoning and technical rigor to distinguish observed facts from assumptions and make defensible engineering recommendations.
* Shares knowledge and contributes to sustainable engineering capability rather than creating dependency on individual expertise.
* Works independently on well-defined reliability problems and increasingly on more complex issues.
* Identifies and implements continuous improvements within assigned services and areas of responsibility.

**Minimum Qualifications**

* Typically 2–5 years of relevant professional experience in Software Engineering, Site Reliability Engineering, Systems Engineering, Cloud/Platform Engineering, DevOps, Infrastructure Engineering, Architecture where applicable, or a comparable technical discipline.
* Experience with software development or scripting using one or more modern programming languages.
* Experience with software engineering principles, distributed systems, production troubleshooting, automation, and observability appropriate to the level.
* Experience with public cloud technologies and architectures, preferably AWS, along with infrastructure, networking, Linux/Unix, and modern application architectures appropriate to the level.
* Demonstrated analytical, problem-solving, communication, and collaboration skills appropriate to the scope of the role.

**Preferred Qualifications**

* Hands-on experience with AWS is preferred, or comparable experience with another major cloud platform such as Microsoft Azure, Google Cloud Platform (GCP), or Oracle Cloud Infrastructure (OCI).
* Experience developing, deploying, operating, or improving highly available production software or distributed systems.
* Experience with CI/CD, Infrastructure as Code, containers or orchestration, observability, monitoring, alerting, and software-delivery automation.
* Experience with SLIs, SLOs, error budgets, incident management, performance analysis, capacity management, resilience testing, disaster recovery, or operational readiness appropriate to the level.
* Experience creating reusable automation, tooling, platforms, patterns, or practices that improve engineering effectiveness.
* Bachelor's degree in Computer Science, Software Engineering, Computer Engineering, Information Systems, or a related technical field, or equivalent practical experience.

**Physical Requirements**

Working conditions consist of a normal office environment. Work is primarily sedentary and requires extensive use of a computer and involves sitting for periods of approximately four hours. Work may require occasional standing, walking, kneeling and reaching. Must be able to lift 50 pounds occasionally and/or negligible amount of force frequently. Requires visual acuity and dexterity to view, prepare, and manipulate documents and office equipment including personal computers. Requires the ability to communicate with internal and/or external customers.

Employee must be able to perform essential functions and physical requirements of position with or without reasonable accommodation.

The base pay scale for this position in:  
Phoenix, AZ/ Chicago, IL in USD per year is: $83,000 - $110,000.  
San Francisco, CA in USD per year is: $99,000 - $132,000.  
Additionally, candidates are eligible for a discretionary incentive plan and benefits.

  

This pay scale is subject to change and is not necessarily reflective of actual compensation that may be earned, nor a promise of any specific pay for any specific candidate, which is always dependent on legitimate factors considered at the time of job offer. Early Warning Services takes into consideration a variety of factors when determining a competitive salary offer, including, but not limited to, the job scope, market rates and geographic location of a position, candidate’s education, experience, training, and specialized skills or certification(s) in relation to the job requirements and compared with internal equity (peers). The business actively supports and reviews wage equity to ensure that pay decisions are not based on gender, race, national origin, or any other protected classes.

Some of the Ways We Prioritize Your Health and Happiness

* Healthcare Coverage – Competitive medical (PPO/HDHP), dental, and vision plans as well as company contributions to your Health Savings Account (HSA) or pre-tax savings through flexible spending accounts (FSA) for commuting, health & dependent care expenses.
* 401(k) Retirement Plan – Featuring a 100% Company Safe Harbor Match on your first 6% deferral immediately upon eligibility.
* Paid Time Off – Flexible Time Off for Exempt (salaried) employees, as well as generous PTO for Non-Exempt (hourly) employees, plus 11 paid company holidays and a paid volunteer day.
* 12 weeks of Paid Parental Leave
* Maven Family Planning – provides support through your Parenting journey including egg freezing, fertility, adoption, surrogacy, pregnancy, postpartum, early pediatrics, and returning to work.

And SO much more! We continue to enhance our program, so be sure to check our Benefits page here for the latest. Our team can share more during the interview process!

Pursuant to the San Francisco Fair Chance Ordinance, we will consider for employment qualified applicants with arrest and conviction records.

***Early Warning Services, LLC (“Early Warning”) considers for employment, hires, retains and promotes qualified candidates on the basis of ability, potential, and valid qualifications without regard to race, religious creed, religion, color, sex, sexual orientation, genetic information, gender, gender identity, gender expression, age, national origin, ancestry, citizenship, protected veteran or disability status or any factor prohibited by law, and as such affirms in policy and practice to support and promote equal employment opportunity and affirmative action, in accordance with all applicable federal, state, and municipal laws. The company also prohibits discrimination on other bases such as medical condition, marital status or any other factor that is irrelevant to the performance of our employees.***",2026-10-03,83000.0,132000.0,False,jobspy/indeed,3
Software Engineer Specialist,Prescient Edge,"San Diego, CA, US",https://www.indeed.com/viewjob?jk=8e4910cd87f05566,"Job Description:

**Software Engineer Specialist**

**Description:**

* Software Engineers research, design, and develop computer and network software or specialized utility programs.
* They may also perform the following duties:
* Analyze user needs and develop software solutions, applying principles and techniques of computer science, engineering, and mathematical analysis.
* Update or enhance existing software capabilities.
* Work with other functional disciplines (e.g., project management, acquisition, logistics, security, etc.) to integrate hardware and software systems, develop specifications, and performance requirements.
* Maintain databases within an application area.

**Benefits:**  
At **Prescient** **Edge**, we believe that acting with integrity and serving our employees is the key to everyone's success. To that end, we provide employees with a best-in-class benefits package that includes:

* A competitive salary with performance bonus opportunities.
* Comprehensive healthcare benefits, including medical, vision, dental, and orthodontia coverage.
* A substantial retirement plan with no vesting schedule.
* Career development opportunities, including on-the-job training, tuition reimbursement, and networking.
* A positive work environment where employees are respected, supported, and engaged.

  
  
  
**Job Requirements:**

**Experience:**

* 5 years of experience in software engineering.
* 3 year’s experience writing C # code.
* 1 year experience developing TAK I2I software enabling STANAG 4817 in the TAK plug in ecosystem over COT messaging.
* 2 year’s experience with MK 18 software products (Hydroid VIP, Neptune, and Coin Nexus).
* 1 year experience developing TAK WinTAK Plugins, TAK ATAK plugins, and TAK Server Plugins.

**Education:**

* Bachelor of Science degree in Engineering and/ or Information Technology.

**Location:**

* San Diego, CA.",2026-10-03,,,False,jobspy/indeed,3
Embedded Systems Engineer,Eccalon,"Detroit, MI, US",https://www.indeed.com/viewjob?jk=dff7053c1eb2a318,"**Job Description**

We are seeking a highly skilled Embedded Systems Engineer to join our team. In this role, you will be responsible for the end-to-end lifecycle of embedded systems — including design, development, production, testing, and ongoing maintenance. The ideal candidate will provide system-level technical support, collaborating closely with cross-functional teams spanning Mechanical Engineering, Software Engineering, Hardware Engineering, and beyond, while serving as a Subject Matter Expert (SME) in software and hardware integration, driving seamless interoperability across all system components. This is an excellent opportunity for an engineer who brings a deep understanding of embedded architectures, thrives in a collaborative, multidisciplinary environment, and is eager to take ownership of complex technical challenges from concept through deployment.

**Responsibilities**

* Design, develop, and test embedded systems and firmware
* Collaborate with cross-disciplinary teams to build innovative products
* Write clean, maintainable code following best practices and design patterns
* Integrate and validate new product designs
* Debug and troubleshoot complex embedded systems
* Work with real-time operating systems (RTOS)
* Participate in code reviews and contribute to technical documentation
* Test systems regularly to eliminate potential issues

**Required Qualifications**

* Bachelor's degree in Computer Science, Computer Engineering, Electrical Engineering, or related STEM field
* Proficiency in C and/or C++
* Experience with embedded systems development and troubleshooting
* Experience with real-time operating systems (RTOS)
* Debugging and diagnostic skills
* Understanding of hardware-software integration
* Experience with cloud platforms, database systems, and version control
* Certifications such as CLED, CMfgE, or CAP
* Experience with firmware development and PCB design processes",2026-10-02,,,False,jobspy/indeed,3
Control Systems Programmer,Noblis,"Philadelphia, PA, US",https://www.indeed.com/viewjob?jk=d62ff2f9e046dc38,"Responsibilities:

Noblis MSD is seeking a Controls Systems Software Engineer to support a U.S. Navy program. Within this role, you will be part of an in-service engineering and software development team, which is an evolving Agile-based release and deployment environment. The team develops software and supports a Machinery Control System (MCS) software suite and network whose application is a U.S. Navy warship.

\*\*\***This position will be based out of the Philadelphia Naval Yard in Philadelphia, PA with the opportunity for a Hybrid Work environment (50/50). This position will involve travel to shipyards to support software installations, troubleshooting, and test events.**

The duties and responsibilities of the candidate will include the following:

  

* Grow within the role to become a subject matter expert in marine Machinery Control Systems (MCS) that interface with various other propulsion, electrical, auxiliary systems and equipment.
* Perform software updates, design and implementation review, testing, deployment, configuration management, information assurance, delivery, release, and troubleshooting through the Navy's Systems Engineering Process (SEP).
* Provide engineering / software engineering, integration, and testing to include technical analysis, technical interchange meetings, collaborative engineering, and development of test and analysis tools.
* Review and provide technical advice on technical documentation submissions for systems development optimization.
* Provide engineering and technical advisement regarding problem definition, analysis, requirements updates, and implementation for complex systems to meet technical requirements.
* Provide assessment and recommendations on system development, improvements, optimization, and/or technical support efforts.
* Perform risk assessments and analysis employing modeling and simulation techniques.
* Support the identification, tracking, and resolution of systems engineering issues related to technical interfaces, technology insertion/design improvements, software bugs, and hardware issues.
* Prepare technical presentations and briefings to address program issues and updates. Participate in technical design reviews and technical review boards.
* Troubleshoot and test software products, and generate test reports, troubleshooting steps, and findings.
* Identify risks and develop mitigation plans for identified cost, schedule, and technical issues.
* Support transition of developmental efforts into production, perform verification and validation testing for software deliveries, and execute system level testing in simulated shipboard environment.
* Be a point of technical escalation and resolution during the project lifecycle as it relates to technical decisions.
* Travel (approximately 20%) to shipyards to support software installations, troubleshooting, and test events.

Required Qualifications:

Bachelor's Degree in Computer Science, Electrical Engineering, Software Engineer, or relevant STEM/Engineering degree

* 3+ years of experience in software development using C, C++, and/or C#
* Must be a U.S. Citizen with an active Secret Clearance, or the ability to obtain a Secret Clearance
* 20-25% travel required (primarily to Pascagoula, MS and San Diego, CA; estimate:1 week per month)

Desired Qualifications:

* Previous experience with PLC Development (Step7, TIAPortal, Ladder Logic)
* Previous experience with DoD related projects
* Previous experience with Installing/Removing PLC Equipment
* Previous experience with Siemens Software/Equipment

#nowhiring

Overview:

**Overview**

Noblis and our wholly owned subsidiaries, Noblis ESI and Noblis MSD, take on some of the nation’s toughest challenges, delivering advanced solutions to our customers’ most critical missions. We bring together leading scientific, engineering, and management expertise in a culture grounded in objectivity and collaboration, ensuring our work creates lasting impact across federal missions.

We work with a broad range of government agencies in the defense, intelligence, and federal civilian sectors. Learn more and find opportunities at careers.noblis.org

**Why Work at Noblis**

At Noblis, we share a passion for excellence and innovation, and we create an environment where people can do meaningful work while maintaining the balance that keeps them energized and fulfilled. We seek out individuals with a natural curiosity and desire to collaborate and learn. We believe our people are our greatest strength, and we consistently seek exceptionally skilled, mission‑driven professionals who care deeply about doing work that enriches lives and makes our nation safer.

Noblis has earned numerous workplace awards for our culture, our commitment to employee well‑being, and our dedication to meaningful, impactful work. We also maintain a drug‑free workplace.

*Remote/hybrid status is subject to change based on Noblis and/or government requirements.*

Commitment to Non-Discrimination:

All qualified applicants will receive consideration for employment without regard to race, color, ethnicity, sex, age, national origin, religion, physical or mental disability, pregnancy/childbirth and related medical conditions, veteran or military status, or any other characteristics protected by applicable federal, state, or local law.

If reasonable accommodation is needed to participate in the job application or interview process, to perform essential job functions, and/or to receive other benefits and privileges of employment, please contact us.

EEO is the Law | E-Verify | Right to Work

  
  
Total Rewards:

At Noblis we recognize and reward your contributions, provide you with growth opportunities, and support your total well-being. Our offerings include health, life, disability, financial, and retirement benefits, as well as paid leave, professional development, tuition assistance, and work-life programs. Our award programs acknowledge employees for exceptional performance and superior demonstration of our service standards. Full-time and part-time employees working at least 20 hours a week on a regular basis are eligible to participate in our benefit programs. Other offerings may be provided for employees not within this category. We encourage you to learn more about our total benefits by visiting the Benefits page on our Careers site.

Compensation at Noblis is determined by various factors, including but not limited to, the combination of education, certifications, knowledge, skills, competencies, and experience, internal and external equity, location, clearance level, as well as contract-specific affordability, organizational requirements and applicable employment laws. The projected compensation range for this position is based on full time status. For part time or on-call staff, compensation is proportionately adjusted based on hours worked. While monetary compensation is important, it's just one component of Noblis’ total compensation package.

  
  
Posted Salary Range: USD $78,900.00 - USD $123,300.00 /Yr.",2026-10-02,78900.0,123300.0,False,jobspy/indeed,3
Advanced Software Engineer,General Dynamics Mission Systems,"Bloomington, MN, US",https://www.indeed.com/viewjob?jk=3d8cdc017a686221,"Basic Qualifications :

**Education Requirements:**

Bachelor's degree in Software Engineering, or related Science, Technology, Engineering or Mathematics field, plus a minimum of 5 years of relevant experience; or Master's degree, plus 3 years relevant experience.

**Clearance Requirements:**  
Ability to obtain a Department of Defense Secret security clearance is required at time of hire. Applicants selected will be subject to a U.S. Government security investigation and must meet eligibility requirements for access to classified information. Due to the nature of work performed within our facilities, U.S. citizenship is required.

Responsibilities for this Position:

**ROLE AND POSITION OBJECTIVES:**

As an Advanced Software Engineer for Airborne Systems, you’ll be a member of a cross functional team responsible for airborne computers that process and display mission data in the cockpit, to crypto products for identifying friendly aircraft, and weapon control systems that enable the launch and control of precision guided weapons, we work to ensure the world's most advanced aircraft maintain air superiority and information dominance.

**We encourage you to apply if you have any of these preferred skills or experiences:**

* Strong experience with embedded C/C++
* Strong experience with Linux
* Software Development Leadership experience

**What sets you apart:**

* Knowledge of general programming principles and optimization strategies, with previous experience in Assembly, C/C++, Python, Rust, or others.
* Solid background on embedded software development, Linux, RTOS, and HW/SW integration.
* Familiarity with DO-178 compliant software engineering life-cycle experience.
* Leadership experience (SW management, planning and scheduling of resources).
* Willingness to dig into hardware specifications and leveraging hardware interfaces in the composition of low-level software solutions.
* Expertise in applying technology and technical skills to solve challenges in creative ways.
* Creative thinker with demonstrated success leading the software development life cycle.
* Expertise in applying technical standards and methodologies to solve challenges.
* Exceptional communication skills with the capacity to secure buy-in on concepts and ideas.
* Collaborative team player eager to provide technical leadership and position others for success.
* Commitment to ongoing professional development for yourself and others.

**Our Commitment to You:**

* An exciting career path with opportunities for continuous learning and development.
* Research oriented work, alongside award winning teams developing practical solutions for our nation’s security.
* Flexible schedules with every other Friday off work, if desired (9/80 schedule).
* Competitive benefits, including 401k matching, flex time off, paid parental leave, healthcare benefits, health & wellness programs, employee resource and social groups, and more.
* See more at gdmissionsystems.com/careers/why-work-for-us/benefits

**Workplace Options:**  
This position will be fully on-site. While on-site, you will be a part of the GDMS Bloomington (MN) facility.

Salary Note: This estimate represents the typical salary range for this position based on experience and other factors (geographic location, etc.). Actual pay may vary. This job posting will remain open until the position is filled. Combined Salary Range: USD $118,570.00 - USD $126,000.00 /Yr. Company Overview:

General Dynamics Mission Systems (GDMS) engineers a diverse portfolio of high technology solutions, products and services that enable customers to successfully execute missions across all domains of operation. With a global team of 12,000+ top professionals, we partner with the best in industry to expand the bounds of innovation in the defense and scientific arenas. Given the nature of our work and who we are, we value trust, honesty, alignment and transparency. We offer highly competitive benefits and pride ourselves in being a great place to work with a shared sense of purpose. You will also enjoy a flexible work environment where contributions are recognized and rewarded. If who we are and what we do resonates with you, we invite you to join our high-performance team!

Equal Opportunity Employer / Individuals with Disabilities / Protected Veterans",2026-10-02,118570.0,126000.0,False,jobspy/indeed,3
Embedded Software Engineer,General Dynamics Mission Systems,"Florham Park, NJ, US",https://www.indeed.com/viewjob?jk=5fb7f7f836945fd2,"Basic Qualifications :

Bachelor's degree in Software Engineering, or related Science, Technology, Engineering or Mathematics field, plus a minimum of 2 years of relevant experience; or Master's degree, plus 6 months relevant experience.

**CLEARANCE REQUIREMENTS:**  
Department of Defense Secret security clearance is required at time of hire. Applicants selected will be subject to a U.S. Government security investigation and must meet eligibility requirements for access to classified information. Due to the nature of work performed within our facilities, U.S. citizenship is required.

Responsibilities for this Position:

**ROLE AND POSITION OBJECTIVES:**

As an Embedded Software Engineer working with custom Hardware built in-house, for our Cyber group, you’ll be a member of a cross functional team responsible for developing mission critical NSA-certified Cybersecurity devices in a rapidly growing product line. You’ll be working at the cutting edge of Cybersecurity and high-speed data.

We encourage you to apply if you have any of these preferred skills or experiences:

* Real-Time Embedded software, preferably on Linux OS
* Real world experience developing in a systems programming language such as C/C++, with Rust experience preferred
* Extensive experience with software design, code, integration, and test
* Long development lifecycle and product lifespans, requiring maintenance and regular technology refresh
* Concurrent programming

**Nice to have experience with:**

* Heterogeneous computing systems
* Security-Enhanced Linux (SELinux)
* ARMv8 architecture
* Serial communication protocols, hardware interfaces, and device drivers
* Computer Networking

**What sets you apart:**

* Passion for designing complicated systems and working on problems of diverse scope.
* Ability to define the scope, schedule, and expectations for the work you execute.
* Shows initiative on assignments and executes projects with little guidance and can provide technical direction and leadership.
* Ability to turn CONOPS, Specifications or Requirements into software design, code, test plans, and then execute testing/debugging.
* Proficiency with software tools supporting Integrated Development Environments (IDE), version control, defect tracking, and scripting.
* Identifies opportunities to apply AI for continuous improvement and innovation

**Our Commitment to You:**

* An exciting career path with opportunities for continuous learning and development.
* Research oriented work, alongside award winning teams developing practical solutions for our nation’s security
* Flexible schedules with every other Friday off work, if desired (9/80 schedule)
* Competitive benefits, including 401k matching, flex time off, paid parental leave, healthcare benefits, health & wellness programs, employee resource and social groups, and more
* See more at gdmissionsystems.com/careers/why-work-for-us/benefits

**Workplace Options:**  
This position is Fully On-Site.  
While on-site, you will be a part of the Florham Park, NJ facility.

#CJ3

Salary Note: This estimate represents the typical salary range for this position based on experience and other factors (geographic location, etc.). Actual pay may vary. This job posting will remain open until the position is filled. Combined Salary Range: USD $115,252.00 - USD $121,554.00 /Yr. Company Overview:

General Dynamics Mission Systems (GDMS) engineers a diverse portfolio of high technology solutions, products and services that enable customers to successfully execute missions across all domains of operation. With a global team of 12,000+ top professionals, we partner with the best in industry to expand the bounds of innovation in the defense and scientific arenas. Given the nature of our work and who we are, we value trust, honesty, alignment and transparency. We offer highly competitive benefits and pride ourselves in being a great place to work with a shared sense of purpose. You will also enjoy a flexible work environment where contributions are recognized and rewarded. If who we are and what we do resonates with you, we invite you to join our high-performance team!

Equal Opportunity Employer / Individuals with Disabilities / Protected Veterans",2026-10-02,115252.0,121554.0,False,jobspy/indeed,3
"R&D Software Engineering, Intern",Keysight Technologies,"Atlanta, GA, US",https://www.indeed.com/viewjob?jk=6086720ee9ab1303,"**Overview:**  
Keysight is at the forefront of technology innovation, delivering breakthroughs and trusted insights in electronic design, simulation, prototyping, test, manufacturing, and optimization. Our ~16,800 employees create world-class solutions in communications, 5G, automotive, energy, quantum, aerospace, defense, and semiconductor markets for customers in over 100 countries. Learn more about what we do.
  
  
Our award-winning culture embraces a bold vision of where technology can take us and a passion for tackling challenging problems with industry-first solutions. We believe that when people feel a sense of belonging, they can be more creative, innovative, and thrive at all points in their careers.
  
  
**Responsibilities:**  
As an intern, for a duration from 6 weeks up to 3 months, you will be part of the R&D team that is responsible for the development of SystemVue, a focused electronic design automation (EDA) environment for electronic system-level (ESL) design. Within the Agile development team, you will have the chance to contribute to one or more development projects aimed at improving our product.
  
  
**Qualifications:**  
Experience in application development using C#, C++ and/or Python
  
  
Working towards a Bachelor's Degree in Software Engineering, Computer Engineering or Electrical Engineering
  
  
Experience with AI, LLM
  
  
Ability to work in a multi-site, multi-cultural team environment
  
  
Good English written and verbal communications skills are required
  
  
Candidates who wish to be considered must be enrolled in an accredited college/university as of February 2027. Applicants who have graduated before September 2027 will not be considered unless they are entering/applying to a MS or PHD program after graduating.
  
  
Visa Sponsorship is not available for this position. Candidates who now or at any point in the future require sponsorship for employment visa status (e.g., H-1B Visa status) may not be considered.
  
  
Careers Privacy Statement\*\*\*Keysight is an Equal Opportunity Employer.\*\*\*",2026-10-02,,,False,jobspy/indeed,3
Staff Software Engineer - BE Python,Venmo,"Austin, TX",https://www.linkedin.com/jobs/view/4465399802,,2026-10-01,,,False,jobspy/linkedin,3
"Bluetooth Firmware Engineer, Wireless Technologies & Ecosystems",Apple,"San Diego, CA, US",https://www.indeed.com/viewjob?jk=c8c8a16f60e9f899,"Join the Wireless Technologies and Ecosystems organization and be part of an outstanding team of engineers driving innovation and developing products used by millions worldwide. Our team seeks a highly motivated embedded software engineer to design and develop Bluetooth Firmware for Apple’s next-generation products.  
  
**Description**  
  
At Apple, creative thinking and thoughtful insights quickly transform into extraordinary products. Our successes are the result of highly skilled teams working in an environment that nurtures creativity, partnership and growth to produce novel solutions to tough problems. As a firmware engineer in the Bluetooth Controller Team, you will be responsible for the design, development, testing of firmware, and bringup of innovative, fresh wireless silicon for various Apple products - the iPhone, Mac and more! New challenges arise every day that require the sharp problem-solving skills of passionate individuals dedicated to excellence. Are you ready to take on this challenge?  
  
**Preferred Qualifications**  
  
You're able to communicate clearly and thrive in a collaborative, demanding environment  
  
You're passionate about solving engineering challenges  
  
You strive for perfection in all tasks and initiatives  
  
You can navigate ambiguity with clarity, flexibility, and effective decisions  
  
You focus on actions that drive the most significant impact  
  
**Minimum Qualifications**  
  
Bachelor's degree in Electrical Engineering, Computer Engineering, Computer Science, or a related field, with 2+ years of hands-on industry experience in embedded systems or related disciplines  
  
Deep expertise in Bluetooth technologies, including protocol stack internals, wireless communication standards, and experience optimizing for power, performance, and reliability  
  
Strong proficiency in C and C++ programming, with the ability to write clean, efficient, and maintainable code for resource-constrained environments  
  
Solid foundation in embedded hardware platforms  
  
**Pay & Benefits**  
  
At Apple, base pay is one part of our total compensation package and is determined within a range. This provides the opportunity to progress as you grow and develop within a role. The base pay range for this role is between $142,300 and $263,300, and your base pay will depend on your skills, qualifications, experience, and location.  
  
Apple employees also have the opportunity to become an Apple shareholder through participation in Apple's discretionary employee stock programs. Apple employees are eligible for discretionary restricted stock unit awards, and can purchase Apple stock at a discount if voluntarily participating in Apple's Employee Stock Purchase Plan. You'll also receive benefits including: Comprehensive medical and dental coverage, retirement benefits, a range of discounted products and free services, and for formal education related to advancing your career at Apple, reimbursement for certain educational expenses - including tuition. Additionally, this role might be eligible for discretionary bonuses or commission payments as well as relocation. Learn more about Apple Benefits  
  
Note: Apple benefit, compensation and employee stock programs are subject to eligibility requirements and other terms of the applicable plan or program.",2026-09-29,142300.0,263300.0,False,jobspy/indeed,3
"Technical Operations Engineer & Production Support, Customer Systems",Apple,"Sunnyvale, CA, US",https://www.indeed.com/viewjob?jk=41fe45ad3a865f9e,"Customer Systems is part of IS&T and drives the technology behind Apple’s customer support experience - from contact center operations to the software powering the iconic Genius Bar. The team also builds and operates AppleCare’s online support platform, which handles 6 billion visits per year, delivering seamless, high-quality support to Apple customers around the globe.  
  
At Apple, customer experience is at the forefront of everything we do. Apple Customer systems Operations team is looking for a highly skilled and motivated CS TechOps Engineer (Technical Operations & Site Reliability Engineer) to join our operations team. In this role, you will be responsible for maintaining the reliability, availability, and performance of business-critical, globally distributed systems.  
  
**Description**  
  
If you have the desire and motivation to design and develop automation solutions to streamline system sustenance, monitoring, and operational workflows, while collaborating closely with support, engineering and business operations teams, this profile is for you. Ideal candidates will combine strong software engineering skills with a passion for operational excellence, and thrive in a fast-paced, change-driven environment focused on continuous improvement and flawless delivery."",""responsibilities"":""Design, build, and maintain automation solutions to streamline the monitoring, sustenance, and management of large-scale distributed systems.  
  
Develop tools and software (using Java/JEE, REST, Swift/Objective C, Python, Go, or Bash) to automate repetitive operational tasks, reduce manual intervention, and improve system reliability. Utilize AI & LLM models to gain Operations Excellence in application support.  
  
Lead the planning and execution of system health monitoring, incident response, and communication across critical global applications.  
  
Drive operational metrics tracking, KPI identification, and process improvements through coordination with support, engineering and business operations teams.  
  
Focus on operations management and demonstrate expertise in managing large-scale production outages and leading incident response.  
  
Deep understanding of production monitoring systems, log analysis, and troubleshooting, support dashboards and proficiency in scripting languages and automation tools.  
  
Lead a team of highly skilled engineers across the globe and guide their work towards operations excellence, gaining efficiency by automating their daily routine tasks.  
  
Be a problem-solver who is self-directed and capable of exhibiting deftness to handle multiple simultaneous competing priorities and deliver solutions in a timely manner.  
  
Create and maintain accurate, up-to-date documentation reflecting architecture, infra configuration, and responsible for writing justifications, training users in complex topics, writing status reports, documenting procedures, and interacting with other Apple staff and management.  
  
Provide guidance to improve the stability, efficiency and scalability of systems. Strong troubleshooting ability will be used daily.  
  
Determine future needs for capacity by closely reviewing upcoming application features and load.  
  
Continuously work with the engineering teams to improve reliability, implementing actionable monitoring framework and be part of production on-call.  
  
**Preferred Qualifications**  
  
Experience in using AI / LLM models to significantly improve Operations efficiency and perform tasks like model training, MCP creation or designing model utility.  
  
Understanding of standard networking protocols and components such as: HTTP, DNS, TCP/IP, ICMP, the OSI Model, Subnetting and Load Balancing is a plus  
  
Lead a team of highly skilled engineers across the globe and guide their work towards operations excellence, gaining efficiency by automating their daily routine tasks.  
  
Experience in strategizing and achieving operational excellence in global distributed systems.  
  
Fundamental understanding of distributed systems including: Micro services, Messaging Brokers and Versioning  
  
Understanding of the Linux Operating System, including Kernel, Memory, Process, Threads, Static / Shared Libraries, IPC, Signals.  
  
Excellent organizational and documentation skills.  
  
**Minimum Qualifications**  
  
Experience in debugging Java, JEE, REST, Swift/Objective C, Websockets and data access technologies.  
  
Experience in leading and driving operations teams for large scale mission critical applications working in a 24x7 operations and on/off shore support model  
  
Strong knowledge of Production support practices for managing web and iOS applications and passion for eliminating repetitive manual processes using automation.  
  
Experience in interpreting data from systems like Open Telemetry, Splunk and other monitoring tools.  
  
**Pay & Benefits**  
  
At Apple, base pay is one part of our total compensation package and is determined within a range. This provides the opportunity to progress as you grow and develop within a role. The base pay range for this role is between $150,400 and $225,300, and your base pay will depend on your skills, qualifications, experience, and location.  
  
Apple employees also have the opportunity to become an Apple shareholder through participation in Apple's discretionary employee stock programs. Apple employees are eligible for discretionary restricted stock unit awards, and can purchase Apple stock at a discount if voluntarily participating in Apple's Employee Stock Purchase Plan. You'll also receive benefits including: Comprehensive medical and dental coverage, retirement benefits, a range of discounted products and free services, and for formal education related to advancing your career at Apple, reimbursement for certain educational expenses - including tuition. Additionally, this role might be eligible for discretionary bonuses or commission payments as well as relocation. Learn more about Apple Benefits  
  
Note: Apple benefit, compensation and employee stock programs are subject to eligibility requirements and other terms of the applicable plan or program.",2026-09-29,150400.0,225300.0,False,jobspy/indeed,3
Systems Software Engineer,Micron Technology,"Richardson, TX, US",https://www.indeed.com/viewjob?jk=acf0ddd1a68b952a,"**Our vision is to transform how the world uses information to enrich life for** ***all*****.**

Micron Technology is a world leader in innovating memory and storage solutions that accelerate the transformation of information into intelligence, inspiring the world to learn, communicate and advance faster than ever.

As a Principal Systems Software Engineer in the Storage and Memory Systems (SMS) group within Micron’s ITP Pathfinding organization, you will architect, design, and develop software that enables and demonstrates the value of future memory and storage technologies. You will work in a small, highly skilled engineering team, collaborating closely with AI/ML application and modeling specialists, software engineers, hardware engineers, and system architects. Your pathfinding work will accelerate the development of future products and influence technical direction. This role requires broad technical expertise and a willingness to contribute across multiple layers of AI and systems software stacks, from AI applications to hardware/software interfaces.

**Responsibilities**

* Design and modify AI inference software stacks to enable proof-of-concept hardware capabilities.
* Develop software to quantify and demonstrate the value of proposed system features.
* Lead software architecture and development efforts, both independently and as a technical lead for small teams.
* Research emerging AI software topics to identify memory and storage system challenges and opportunities.
* Develop and modify Linux applications and libraries using C, C++, Python, Rust, CUDA, and/or SYCL for advanced heterogeneous computing systems.
* Develop and use emulators to predict system‑level performance and functional impacts in advance of hardware availability.
* Debug system-level issues spanning applications, libraries, operating systems, kernels, system configuration, networks, and hardware/software interfaces.

* Use emerging AI tools to improve productivity.
* Collaborate across Micron organizations and with external partners.
* Mentor interns and earlier-career engineers.
* Present technical findings, insights, and innovations to internal or external customers.

**Minimum Qualifications**

* Bachelor’s or Master’s degree with 10+ years of experience, or a PhD with 7+ years of experience, in Computer Science, Software Engineering, Computer Engineering, or a related field.
* Working knowledge of end-to-end AI inference software stack architectures, with hands-on development experience in multiple layers, such as frameworks, inference engines, ML compilers, compiler infrastructure, hardware runtimes, or hardware abstraction layers.
* Experience debugging issues spanning applications, libraries, operating systems, kernels, networks, and hardware/software interfaces.
* Proficient development skills in C, C++ and Python, with Linux-specific programming experience such as multithreading, IPC, ioctl, GDB, and the /proc and /sys filesystems.
* Experience programming GPUs or other accelerators using CUDA, SYCL, OpenCL, or a comparable programming model.
* Demonstrated ability to lead technical initiatives without supervisory authority.
* Familiarity with LLM serving internals, including KV-cache management, prefill and decode phases, KV-cache offloading, and disaggregated serving.
* Familiarity with inference engines and distributed serving frameworks such as SGLang, vLLM, NVIDIA Dynamo, or TensorRT-LLM.
* Strong understanding of heterogeneous compute architecture concepts, including memory hierarchies, NUMA, caching, accelerator architectures, and interconnects such as PCIe, CXL, NVLink, or UALink.

**Preferred Qualifications**

* Technical leadership experience in a systems-focused pathfinding or research organization.
* Technical knowledge of HBM, DRAM, and emerging memory technologies.
* Technical knowledge of NVMe SSDs, NAND, and next‑generation storage systems.

As a world leader in the semiconductor industry, Micron is dedicated to your personal wellbeing and professional growth. Micron benefits are designed to help you stay well, provide peace of mind and help you prepare for the future. We offer a choice of medical, dental and vision plans in all locations enabling team members to select the plans that best meet their family healthcare needs and budget. Micron also provides benefit programs that help protect your income if you are unable to work due to illness or injury, and paid family leave. Additionally, Micron benefits include a robust paid time-off program and paid holidays. For additional information regarding the Benefit programs available, please see the Benefits Guide posted on micron.com/careers/benefits.

Micron is proud to be an equal opportunity workplace and is an affirmative action employer. All qualified applicants will receive consideration for employment without regard to race, color, religion, sex, sexual orientation, age, national origin, citizenship status, disability, protected veteran status, gender identity or any other factor protected by applicable federal, state, or local laws.

To learn about your **right to work click here.**

To learn more about Micron, please visit**micron.com/careers**

For US Sites Only: To request assistance with the application process and/or for reasonable accommodations, please contact Micron’s People Organization at hrsupport\_na@micron.com or 1-800-336-8918 (select option #3)

Micron Prohibits the use of child labor and complies with all applicable laws, rules, regulations, and other international and industry labor standards.

Micron does not charge candidates any recruitment fees or unlawfully collect any other payment from candidates as consideration for their employment with Micron.

AI alert**:** Candidates are encouraged to use AI tools to enhance their resume and/or application materials. However, all information provided must be accurate and reflect the candidate's true skills and experiences. Misuse of AI to fabricate or misrepresent qualifications will result in immediate disqualification.

Fraud alert: Micron advises job seekers to be cautious of unsolicited job offers and to verify the authenticity of any communication claiming to be from Micron by checking the official Micron careers website in the About Micron Technology, Inc.",2026-09-29,,,False,jobspy/indeed,3
"Sr Design Automation Engineer, Simulation",Micron Technology,"San Jose, CA, US",https://www.indeed.com/viewjob?jk=672475f581f41e0b,"**Our vision is to transform how the world uses information to enrich life for** ***all*****.**

Micron Technology is a world leader in innovating memory and storage solutions that accelerate the transformation of information into intelligence, inspiring the world to learn, communicate and advance faster than ever.

Micron Technology is a world leader in innovating memory and storage solutions that accelerate the transformation of information into intelligence, inspiring the world to learn, communicate and advance faster than ever.

In this position, you will be joining a brilliant team to collaborate with Micron’s various design and verification teams all over the world, support the efforts of design verification flow development, optimization, and implementation and work with cross-functional team to assure the best cost, quality, reliability, time-to-market, and customer satisfaction

We are seeking a talented CAD senior engineer specialized in analog and digital simulations to join our high-achieving engineering team. As a CAD senior engineer, you will play a pivotal role in optimizing and simulating complex analog and digital circuits, contributing to the development of state-of-the-art products that shape our industry. You will get a chance to develop the industry's first and unique flows to enhance productivity and reduce pre-silicon failures.

**Responsibilities:**

* Work closely with memory design teams and solve their daily challenges and provide complete solutions for the future.
* Proactively identify problem areas for improvement, propose, and develop innovative solutions.
* Develop highly scalable, and clean software systems.
* Continuously evaluate and implement new tools and technologies to improve the current software flows.
* Work with EDA vendors to evaluate and integrate EDA tools in CAD flows.
* Lead agentic flow implementation using AI‑assisted and automated workflows, applying copilot‑based assistants, agentic AI flows, and rule‑aware automation to circuit simulation & verification.
* Provide technical leadership and guidance to junior engineers, fostering their professional growth and development.

**Qualifications:**

* Bachelor’s or Master’s degree in Electrical Engineering, Computer Engineering, Computer Science, or a related technical field with 5+ years industry experience.
* Experience in analog circuit simulation flows.
* Expert in circuit simulation debugging with required knowledge of leading-edge circuit design and simulation methodologies.
* Hands on experience with one of the circuit simulators (Finesim/Primesim/XA/Spectre/VCS/Xcelium etc.)
* Hands-on experience with Cadence custom IC Virtuoso platform, Virtuoso-L, and Virtuoso-XL, schematic capture, or Synopsys custom compiler or equivalent.

**Preferred Qualifications:**

* Develop and deploy AI‑enabled methodologies for circuit simulation flows
* Hands on with Python/Perl Object Oriented Programming.
* Good understanding of CMOS concepts and electronic fundamentals.
* Knowledge of Linux, LSF, shell scripting, TCL scripting, SKILL(Cadence) language.
* Knowledge of parasitic extraction tools like StarRC/Quantus will be an added advantage.
* Excellent problem-solving skills with the ability to troubleshoot complex circuit issues effectively.
* Proficiency in working effectively with global teams and stakeholders.
* Experience in EM/IR & STA (Static Timing Analysis) will be an added advantage.
* Experience in AI/ML will be an added advantage.

The US base salary range that Micron Technology estimates it could pay for this full-time position is:

$104,000.00 - $221,000.00 a year

Additional compensation may include benefits, bonuses and equity.  
Our salary ranges are determined by role, level, and location. The range displayed on each job posting reflects the minimum and maximum target base pay for new hire salaries of the position across all US locations. Within the range, individual pay is determined by work location and additional job-related factors, including knowledge, skills, experience, tenure and relevant education or training. The pay scale is subject to change depending on business needs. Your recruiter can share more about the specific salary range for your preferred location during the hiring process.  
  
Please note that the compensation details listed in US role postings reflect the base salary only, and do not include bonus, equity, or benefits.

As a world leader in the semiconductor industry, Micron is dedicated to your personal wellbeing and professional growth. Micron benefits are designed to help you stay well, provide peace of mind and help you prepare for the future. We offer a choice of medical, dental and vision plans in all locations enabling team members to select the plans that best meet their family healthcare needs and budget. Micron also provides benefit programs that help protect your income if you are unable to work due to illness or injury, and paid family leave. Additionally, Micron benefits include a robust paid time-off program and paid holidays. For additional information regarding the Benefit programs available, please see the Benefits Guide posted on micron.com/careers/benefits.

Micron is proud to be an equal opportunity workplace and is an affirmative action employer. All qualified applicants will receive consideration for employment without regard to race, color, religion, sex, sexual orientation, age, national origin, citizenship status, disability, protected veteran status, gender identity or any other factor protected by applicable federal, state, or local laws.

To learn about your **right to work click here.**

To learn more about Micron, please visit micron.com/careers

US Sites Only: To request assistance with the application process and/or for reasonable accommodations, please contact Micron’s People Organization at hrsupport\_na@micron.com or 1-800-336-8918 (select option #3)

Micron Prohibits the use of child labor and complies with all applicable laws, rules, regulations, and other international and industry labor standards.

Micron does not charge candidates any recruitment fees or unlawfully collect any other payment from candidates as consideration for their employment with Micron.

AI alert**:** Candidates are encouraged to use AI tools to enhance their resume and/or application materials. However, all information provided must be accurate and reflect the candidate's true skills and experiences. Misuse of AI to fabricate or misrepresent qualifications will result in immediate disqualification.

Fraud alert: Micron advises job seekers to be cautious of unsolicited job offers and to verify the authenticity of any communication claiming to be from Micron by checking the official Micron careers website in the About Micron Technology, Inc.",2026-09-23,104000.0,221000.0,False,jobspy/indeed,3
"Sr Design Automation Engineer, Simulation",Micron Technology,"Richardson, TX, US",https://www.indeed.com/viewjob?jk=fc4b0959a7791649,"**Our vision is to transform how the world uses information to enrich life for** ***all*****.**

Micron Technology is a world leader in innovating memory and storage solutions that accelerate the transformation of information into intelligence, inspiring the world to learn, communicate and advance faster than ever.

Micron Technology is a world leader in innovating memory and storage solutions that accelerate the transformation of information into intelligence, inspiring the world to learn, communicate and advance faster than ever.

In this position, you will be joining a brilliant team to collaborate with Micron’s various design and verification teams all over the world, support the efforts of design verification flow development, optimization, and implementation and work with cross-functional team to assure the best cost, quality, reliability, time-to-market, and customer satisfaction

We are seeking a talented CAD senior engineer specialized in analog and digital simulations to join our high-achieving engineering team. As a CAD senior engineer, you will play a pivotal role in optimizing and simulating complex analog and digital circuits, contributing to the development of state-of-the-art products that shape our industry. You will get a chance to develop the industry's first and unique flows to enhance productivity and reduce pre-silicon failures.

**Responsibilities:**

* Work closely with memory design teams and solve their daily challenges and provide complete solutions for the future.
* Proactively identify problem areas for improvement, propose, and develop innovative solutions.
* Develop highly scalable, and clean software systems.
* Continuously evaluate and implement new tools and technologies to improve the current software flows.
* Work with EDA vendors to evaluate and integrate EDA tools in CAD flows.
* Lead agentic flow implementation using AI‑assisted and automated workflows, applying copilot‑based assistants, agentic AI flows, and rule‑aware automation to circuit simulation & verification.
* Provide technical leadership and guidance to junior engineers, fostering their professional growth and development.

**Qualifications:**

* Bachelor’s or Master’s degree in Electrical Engineering, Computer Engineering, Computer Science, or a related technical field with 5+ years industry experience.
* Experience in analog circuit simulation flows.
* Expert in circuit simulation debugging with required knowledge of leading-edge circuit design and simulation methodologies.
* Hands on experience with one of the circuit simulators (Finesim/Primesim/XA/Spectre/VCS/Xcelium etc.)
* Hands-on experience with Cadence custom IC Virtuoso platform, Virtuoso-L, and Virtuoso-XL, schematic capture, or Synopsys custom compiler or equivalent.

**Preferred Qualifications:**

* Develop and deploy AI‑enabled methodologies for circuit simulation flows
* Hands on with Python/Perl Object Oriented Programming.
* Good understanding of CMOS concepts and electronic fundamentals.
* Knowledge of Linux, LSF, shell scripting, TCL scripting, SKILL(Cadence) language.
* Knowledge of parasitic extraction tools like StarRC/Quantus will be an added advantage.
* Excellent problem-solving skills with the ability to troubleshoot complex circuit issues effectively.
* Proficiency in working effectively with global teams and stakeholders.
* Experience in EM/IR & STA (Static Timing Analysis) will be an added advantage.
* Experience in AI/ML will be an added advantage.

The US base salary range that Micron Technology estimates it could pay for this full-time position is:

$104,000.00 - $221,000.00 a year

Additional compensation may include benefits, bonuses and equity.  
Our salary ranges are determined by role, level, and location. The range displayed on each job posting reflects the minimum and maximum target base pay for new hire salaries of the position across all US locations. Within the range, individual pay is determined by work location and additional job-related factors, including knowledge, skills, experience, tenure and relevant education or training. The pay scale is subject to change depending on business needs. Your recruiter can share more about the specific salary range for your preferred location during the hiring process.  
  
Please note that the compensation details listed in US role postings reflect the base salary only, and do not include bonus, equity, or benefits.

As a world leader in the semiconductor industry, Micron is dedicated to your personal wellbeing and professional growth. Micron benefits are designed to help you stay well, provide peace of mind and help you prepare for the future. We offer a choice of medical, dental and vision plans in all locations enabling team members to select the plans that best meet their family healthcare needs and budget. Micron also provides benefit programs that help protect your income if you are unable to work due to illness or injury, and paid family leave. Additionally, Micron benefits include a robust paid time-off program and paid holidays. For additional information regarding the Benefit programs available, please see the Benefits Guide posted on micron.com/careers/benefits.

Micron is proud to be an equal opportunity workplace and is an affirmative action employer. All qualified applicants will receive consideration for employment without regard to race, color, religion, sex, sexual orientation, age, national origin, citizenship status, disability, protected veteran status, gender identity or any other factor protected by applicable federal, state, or local laws.

To learn about your **right to work click here.**

To learn more about Micron, please visit micron.com/careers

US Sites Only: To request assistance with the application process and/or for reasonable accommodations, please contact Micron’s People Organization at hrsupport\_na@micron.com or 1-800-336-8918 (select option #3)

Micron Prohibits the use of child labor and complies with all applicable laws, rules, regulations, and other international and industry labor standards.

Micron does not charge candidates any recruitment fees or unlawfully collect any other payment from candidates as consideration for their employment with Micron.

AI alert**:** Candidates are encouraged to use AI tools to enhance their resume and/or application materials. However, all information provided must be accurate and reflect the candidate's true skills and experiences. Misuse of AI to fabricate or misrepresent qualifications will result in immediate disqualification.

Fraud alert: Micron advises job seekers to be cautious of unsolicited job offers and to verify the authenticity of any communication claiming to be from Micron by checking the official Micron careers website in the About Micron Technology, Inc.",2026-09-23,104000.0,221000.0,False,jobspy/indeed,3
"Software Engineer - Generative Data Platform, Evaluation",Apple,"San Francisco, CA, US",https://www.indeed.com/viewjob?jk=f3330e5e22d60e4c,"Apple's machine learning features are only as good as the data behind them, and our team builds the platform that lets teams create data that fills the gaps real-world collection can't, provides privacy-preserving ways to train and evaluate our models safely, and helps us ensure our products have seen diverse inputs to generalize properly across the many parts of the world where we operate.  
  
In the AI & Machine Learning (AIML) organization, our team builds the self-service tools and platform that turn ideas, text, and images into large-scale generated datasets. We don't produce the datasets ourselves: ML engineers, data scientists, designers, feature teams, ML data operations teams, and Safety and Responsible AI teams across Apple use our platform to generate their own. That data is only valuable if it matches the real world closely enough to train on and to evaluate against, proving our models and features meet Apple's quality bar before they reach customers. As a software engineer on the platform, you'll sit between that technology and the people who depend on it: understanding what they want to create, building the features that make it possible, and helping them get the most from generative AI. It's a hands-on engineering role for someone who enjoys the people side as much as the code.  
  
**Description**  
  
You'll spend your days moving between engineering and partnership. Synthetic data here does far more than fill gaps: it lets teams build privacy-preserving digital humans, represent locales and domains that real-world collection underserves, and experiment in days instead of waiting on slow, costly data collection. It also gives Safety and Responsible AI red teams the data they need to stress-test models against misuse and edge cases. One day you might be integrating a new image or video generation model and tuning how it runs on GPUs; the next, you might be helping a design team get their first dataset running on the platform, or working with a feature team on model ablations that measure what synthetic data adds to training and evaluation.  
  
You'll help teams understand where synthetic data differs from the real data their models see, whether that's how images look or subtler differences in metadata, distributions, and labels, and then build what closes those gaps. Your core partners are ML engineers and data scientists, but you'll also work with designers, artists, and others who are newer to machine learning, and help make these systems understandable and approachable for them. You'll own features end to end, from shaping the request with partner teams to validating the result on production infrastructure.  
  
Our team builds with AI coding agents every day, and you'll help shape how we use them well. You don't need a research background in generative models; you'll learn the models on the job. What matters most is strong engineering judgment and the ability to bring people along."",""responsibilities"":""Partner with ML engineers, data scientists, and designers to turn their needs into platform features.  
  
Support teams as they build their own datasets on the platform, and help design model ablations that measure how synthetic data affects training and evaluation.  
  
Explain how ML, vision, and generative models behave to people new to them, including cost, quality, speed, and feasibility.  
  
Assess the domain gap between synthetic and real data, covering visual properties and non-visual ones such as metadata, value distributions, and labels.  
  
Work with feature teams to find where synthetic data falls short for their use case, and build platform capabilities to close those gaps.  
  
Help teams judge generated output, understand why results vary, and get closer to what they want.  
  
Integrate new image and video generation models into a multi-stage production pipeline.  
  
Operate and debug GPU workloads to keep generation reliable and cost-effective.  
  
**Preferred Qualifications**  
  
Experience working directly with partner teams or internal customers to define and ship features.  
  
Experience measuring the domain gap between synthetic and real data, including visual statistics and non-visual properties such as metadata and label distributions.  
  
Experience with generative image, video, or large language model APIs, including structured output.  
  
Familiarity with image and video file formats and metadata standards.  
  
Experience with batch compute platforms or job schedulers.  
  
**Minimum Qualifications**  
  
Bachelor's degree in Computer Science, Computer Engineering, or a related field, or 3 years of equivalent work experience.  
  
3+ years of experience building and operating production software in Python.  
  
Experience debugging distributed systems or data pipelines in production, using logs, metrics, and task state to find root causes.  
  
Experience deploying machine learning models on GPU infrastructure, including dependency management and GPU memory sizing.  
  
Experience designing input validation and configuration contracts for systems where late failures are costly.  
  
Demonstrated ability to explain machine learning concepts and tradeoffs to non-technical partners such as designers or product managers.  
  
Proven, hands-on use of agentic AI coding tools in day-to-day software development, including judging where they are effective and where their output needs human verification.  
  
**Pay & Benefits**  
  
At Apple, base pay is one part of our total compensation package and is determined within a range. This provides the opportunity to progress as you grow and develop within a role. The base pay range for this role is between $150,400 and $225,300, and your base pay will depend on your skills, qualifications, experience, and location.  
  
Apple employees also have the opportunity to become an Apple shareholder through participation in Apple's discretionary employee stock programs. Apple employees are eligible for discretionary restricted stock unit awards, and can purchase Apple stock at a discount if voluntarily participating in Apple's Employee Stock Purchase Plan. You'll also receive benefits including: Comprehensive medical and dental coverage, retirement benefits, a range of discounted products and free services, and for formal education related to advancing your career at Apple, reimbursement for certain educational expenses - including tuition. Additionally, this role might be eligible for discretionary bonuses or commission payments as well as relocation. Learn more about Apple Benefits  
  
Note: Apple benefit, compensation and employee stock programs are subject to eligibility requirements and other terms of the applicable plan or program.",2026-09-29,150400.0,225300.0,False,jobspy/indeed,1
PROGRAM LEVEL SOFTWARE SYSTEMS ENGINEER,Ignite Fueling Innovation,"Huntsville, AL, US",https://www.indeed.com/viewjob?jk=e7700ef02eeb39e7,"Job Description:

Igniters operate in the world’s most demanding environment. Igniters are self-motivated, mission-driven, and relentless in solving the Warfighters’ hardest problems. We move fast, think differently, and execute with precision to tackle high-stakes challenges across AI/ML, space and missile defense intelligence, EMSO, advanced analytics, and programmatic domains. As an employee-owned SDVOSB headquartered in Huntsville, AL, our team delivers mission-critical impact for the Army, Air Force, Space Force, MDA, NASA, DIA, and FBI.

Ignite exists to outpace the threat and deliver results that matter in the moments that count.

Ignite is currently seeking a Software System Engineer position supporting the IFMC AMD Mission Command Product Office, a government program office addressing Army Air and Missile Defense systems, with focus on Mission Command systems.

  
  
  

Required Qualifications

* The candidate in this role will work with both contractors, government civilians and system operators. Tasks include developing system level features that describe MEI and CSCI behavior, performance, and acceptance criteria necessary to provide guidance for software implementation. Tasks also include leading reviews and adjudicating comments made against the features. An MBSE approach is used to document the features using an Agile workflow. The candidate must have experience in one or more of the following areas: tactical command and control systems, tactical weapons systems, tactical sensor systems, software, hardware, requirements decomposition, or MBSE tools and languages.

  

* The candidate must have a solid theoretical and applied knowledge of Link-16. Experience with integration of MIDS terminals via ethernet interfaces is highly desired.

  

* Candidate needs to have a record of taking initiative and being a team player in a small team environment. The candidate must be comfortable working as a team member in an Agile environment and be willing to engage various levels of stakeholders to ensure that software is capable of meeting the needs of the intended users. The system engineer must be highly organized with a strong technical background in system engineering principles.

  

Desired Qualifications:

  

* System engineering experience in support of DoD programs is highly desired, especially in an Army Air and Missile Defense program. Hands on experience creating models in Cameo or MagicDraw using SysML and UAF are desired. Experience using Atlassian tools such as Jira and Confluence and SAFe© Agile experience are a plus.

  

Security Clearance Requirements:

An active SECRET security clearance and the ability to maintain the clearance.

  

Education Requirements:

* A bachelor’s degree in engineering, science, or related field is required.

* Candidate should have 10 or more years of system engineering experience.

  

Other Requirements:

Must be a US citizen and a resident of the Huntsville, AL area or be willing to relocate to the Huntsville, AL area.",2026-10-03,,,False,jobspy/indeed,0
Federal SharePoint & Web Developer,Chevo,"Arlington, VA, US",https://www.indeed.com/viewjob?jk=1df13a8ca8f988fb,"Description:

***Chevo*** is hiring an experienced **SharePoint and Web Developer** to join our expanding firm. This position provides the opportunity for significant client interaction by learning the client’s business better than they know it and to become a trusted advisor. Ideal candidates will demonstrate versatility in understanding and performing front-end web development, HTML, JavaScript, and SharePoint development related to Federal Engagements. This is position is a hybrid work environment, with onsite client engagement expect 1-2 days per week. Office Locations is in Arlington VA.

**Duties and Responsibilities:**

* Conduct requirements analysis for new organization SharePoint site
* Conduct business process analysis to determine automation requirements
* Conduct and manage stakeholder interviews
* Advise client on best approach for creating SharePoint site tailored to their needs
* Establish management protocols for the SharePoint site
* Develop SharePoint lists to collect data using out-of-the-box functionality
* Develop SharePoint document repositories to collect and store documents
* Develop SharePoint workflows to route information for review and approval
* Develop SharePoint to visualize data
* Organize and coordinate training, as needed
* Train users and provide demonstrations on all tools and processes created, as needed

Requirements:

**Required Qualifications:**

* Bachelor's degree (Advanced degrees and professional certifications preferred) in Business, Finance, Information Systems, or a related field OR three (3) to Ten (10) years' experience
* Experience with SharePoint development, front end web development, HTML and JavaScript
* Proficient in the following Microsoft applications: Word, Excel, PowerPoint, Outlook
* Previous experience doing data analytics
* Ability to communicate effectively, both orally and in writing

SALARY RANGE: $105K To $130K (subject to change)

ELIGIBLE FOR PERFORMANCE BASE BONUS

***Chevo*** offers a comprehensive benefits package including medical, dental and vision coverage, paid leave, observes all 11 federal government holidays, 401K plan with matching, monthly SMART card employer contribution for commuting expenses, tuition assistance and more!

***Chevo***, a Women-Owned Small Business (WOSB), has made Consulting Magazine’s 2023 and 2024 “Best Firms to Work For” list and is a 2023, 2024, 2025, and 2026 Elev8 GovCon honoree. ***Chevo*** is a nine-time awardee of the Alliance for Workplace Excellence award; ranked one of the best Small Business Strategy firms by Consulting Magazine; made the Washington Technology Fast 50 list; and has earned multiple Program Management Industry awards.

***Chevo*** is an Equal Opportunity Employer. Qualified applicants will receive consideration for employment without regard to race, color, religion, sex, age, disability, military status, national origin, or any other characteristic protected under federal, state, or applicable local law.",2026-10-03,105000.0,130000.0,False,jobspy/indeed,0
FBS Fullstack Java/Angular Engineer,Farmers Insurance Group,"Remote, US",https://www.indeed.com/viewjob?jk=4f4f85b06b9b2c27,"**Farmers– where ambition meets opportunity.**

Farmers is known for more than its unforgettable jingle – it’s a team with a passion for purpose and making a real difference in people’s lives. Farmers employees deliver peace of mind when it matters most. The organization’s results-driven, high-performance culture thrives on creativity, accountability and bold solutions. Here, growth isn’t just a goal – it’s a way of life for both the organization and every individual on the team. Farmers employees tackle challenges head-on, learn from every experience and measure their impact on the customers who trust them.

Join usand help power the success of Farmers. As a team member, you’ll collaborate with Farmers’ award-winning workforce, benefit from a culture of innovation and support and contribute to their mission of delivering protection and peace of mind to millions of U.S. customers.

Ready to make your mark? Discover Farmers’ vibrant culture and explore career opportunities at www.Farmers.com/careers/corporate.

**Job Summary**
---------------

We are looking for a Senior Lead Engineer with strong hands-on experience in Angular and/or Java. This role will provide technical leadership across Angular-based web applications, Java backend services, API integrations, and digital application delivery. The Senior Lead Engineer will be responsible for driving solution design, technical delivery, code quality, engineering best practices, and end-to-end implementation of digital capabilities. This role requires strong technical depth, the ability to work across frontend and backend teams, and the ability to translate business requirements into scalable, secure, and maintainable technical solutions. The ideal candidate should be comfortable providing technical guidance, reviewing designs and code, partnering with architects and product teams, troubleshooting complex issues, and ensuring successful delivery from planning through production implementation.

**Essential Job Functions**
---------------------------

* Requires specialized depth and/or breadth of expertise in application development to manage specialized system applications throughout their lifecycle to ensure application solutions meet business needs.
* Influences and works to solve complex problems; analyzes more complex business requirements and user requirements and develops advanced, innovative and useful software solutions.
* Works independently with guidance in only the most complex situations.
* May lead complex or cross-functional projects or manage relationships with vendors/contractors.
* Participates in all aspects of product development from advanced, detailed programming to high-level, complex system design.
* Owns the architecture and technical design for new initiatives/enhancements, creates proof of concepts, leads/mentors teams, maintains strong connection with the external teams.
* Enforces quality and best practices, supports production issue and analysis, ensures project execution within the budget, provides estimate for the features and epics, and supports pre-grooming.
* Performs other duties as assigned.

**Physical Actions**
--------------------

**Physical Environment**
------------------------

**Education Requirements**
--------------------------

High school diploma or equivalent required. Bachelor's degree preferred.

**Experience Requirements**
---------------------------

* 7+ years working as a Fullstack engineer with Java (SpringBoot) and JavaScript (Angular)
* 1+ Experience managing teams and leading team members.
* Experience working on the frontend with Angular and Typescript.
* Experience working on the backend with Java
* Experience with microservices architecture, software design patterns, and RESTful API development
* Experience working with Cloud environments like AWS, Azure or GCP
* Knowledge of Agile methodology

**Special Skill Requirement**
-----------------------------

**Additional Qualification**
----------------------------

* Understanding of backend Javascript framework Node.js.
* Certifications

**Benefits**
  
  
This position offers a competitive compensation and benefits package designed to support your wellbeing, growth, and work–life balance. While specific benefits may vary by country and employee level, offerings generally include competitive salary opportunities, performance-based bonuses, comprehensive benefits, and ongoing training and development resources.

**Important Hiring Conditions and Disclosures**

By applying for this position, candidates acknowledge and agree that:

* **Personal Data Processing:** The personal data provided during the recruitment and selection process will be collected, processed, and retained for legitimate recruitment and compliance purposes, in accordance with applicable data protection and privacy laws and FBS internal policies.

* **Legal Authorization to Work:** Employment with FBS is conditional upon the candidate having valid, local legal authorization to work in the country where the role is based at the time of hire. FBS does not sponsor or obtain work authorization unless explicitly stated.

* **Exclusivity of Employment and Conflict of Interest:** Upon acceptance of an offer and during employment with FBS, employees will not be permitted to engage in parallel employment, professional activities, or paid work for other entities. Any ownership, partnership, directorship, or participation in other businesses or companies must be fully disclosed and formally reviewed in accordance with FBS internal conflict‑of‑interest and external engagement policies prior to the start date or as soon as such circumstances arise.

Failure to comply with these conditions may impact the hiring decision or employment continuation.

**About Farmers Insurance**
  
""Farmers Insurance*®*"" and ""Farmers*®*"" are tradenames for a group of insurers providing insurance for automobiles, homes and small businesses and a wide range of other insurance and financial services products. Farmers Insurance Exchange, the largest of the three primary insurers that make up Farmers Insurance, is recognized as one of the largest U.S. companies on the 2025 Fortune 500 list.",2026-10-03,,,True,jobspy/indeed,0
R&D Software Development Associate,University of Texas at Austin,"Austin, TX, US",https://www.indeed.com/viewjob?jk=90f0259da6fac238,"**Job Posting Title:**

R&D Software Development Associate

**-**

**Hiring Department:**

Applied Research Laboratories

**-**

**Position Open To:**

All Applicants

**-**

**Weekly Scheduled Hours:**

40

**-**

**FLSA Status:**

Exempt from FLSA

**-**

**Earliest Start Date:**

Immediately

**-**

**Position Duration:**

Expected to Continue

**-**

**Location:**

PICKLE RESEARCH CAMPUS

**-**

**Job Details:**

**Purpose**
-----------

Research and development of real-time processing software applications for sonar and underwater acoustics including algorithm design, implementation, verification, and performance analysis in the Advanced Technology Laboratory (ATL).

**Responsibilities**
--------------------

* Design, implement, test and verify real-time software for sonar applications.
* Build test, and install software for tactical sonar systems in a real acoustic environment at the Lake Travis Test Station and offsite contractor locations.
* Integration of software components with tactical sonar systems.
* Document and present work performed.
* Other related functions as assigned.

**Required Qualifications**
---------------------------

* Bachelor's degree in Electrical or Computer Engineering, Computer Science, Math, Physics.
* Demonstrated ability using object-oriented programming languages.
* Strong analytical and problem solving background.
* Must have a thorough understanding of object-oriented programming concepts, data structures, and algorithm performance analysis.
* Experience with C++ and Python.
* Experience with Unix/Linux operating systems and basic administration.

Evidence of skills in the following areas: working with new technologies, being highly organized, planning and coordinating multiple tasks, effective time management, attention to detail, effective problem solving skills, using excellent judgment, working independently with sensitive and confidential information, maintaining a professional demeanor, working as a team member without daily supervision, effectively communicating with all groups of clients, working under pressure, accepting supervision and demonstrating regular/punctual attendance.

US Citizen: Applicant selected will be subject to a government security investigation and must meet eligibility requirements for access to classified information at the level appropriate to the project requirements of the position.

**Preferred Qualifications**
----------------------------

* At least two years' experience with C/C++ programming and Python as well as familiarity with Linux shells such as bash.
* Experience developing scientific software applications and graphing sensor data in Matplotlib or MATLAB.
* Experience with CMake and git revision control in the Unix/Linux environment. .
* Familiarity with computer network design and configurations using TCP/IP over Ethernet.
* Experience installing Linux operating systems and basic network configuration.
* GUI design experience.
* Experience with containerized applications and deployment/package managers such as Kubernetes.
* Cumulative GPA of 3.0 with at least a 3.2 in relevant coursework.

**General Notes**
-----------------

An agency designated by the federal government handles the investigation as to the requirement for eligibility for access to classified information. Factors considered during this investigation include but are not limited to allegiance to the United States, foreign influence, foreign preference, criminal conduct, security violations, drug involvement, the likelihood of continuation of such conduct, etc.

Please mark ""yes"" on the application question that asks if additional materials are required. Failure to attach all additional materials listed below may result in a delay in application processing.

**Salary Range**
----------------

$88,500 - $120,000+/negotiable depending on qualifications

**Working Conditions**
----------------------

* May work around standard office conditions.
* Repetitive use of a keyboard at a workstation.
* Use of manual dexterity.
* Some weekend, evening and holiday work..
* Possible intrastate/interstate travel.

**Required Materials**
----------------------

* Resume/CV
* 3 work references with their contact information; at least one reference should be from a supervisor
* Letter of interest
* Unofficial college transcripts.

**Important** **for applicants who are NOT current university employees or contingent workers:** You will be prompted to submit your resume the first time you apply, then you will be provided an option to upload a new Resume for subsequent applications. Any additional Required Materials (letter of interest, references, etc.) will be uploaded in the Application Questions section; you will be able to multi-select additional files. Before submitting your online job application, ensure that ALL Required Materials have been uploaded. Once your job application has been submitted, you cannot make changes.

**Important for Current university employees and contingent workers:** As a current university employee or contingent worker, you MUST apply within Workday by searching for Find UT Jobs. If you are a current University employee, log-in to Workday, navigate to your Worker Profile, click the Career link in the left hand navigation menu and then update the sections in your Professional Profile before you apply. This information will be pulled in to your application. The application is one page and you will be prompted to upload your resume. In addition, you must respond to the application questions presented to upload any additional Required Materials (letter of interest, references, etc.) that were noted above.

-

**Employment Eligibility:**

Regular staff who have been employed in their current position for the last six continuous months are eligible for openings being recruited for through University-Wide or Open Recruiting, to include both promotional opportunities and lateral transfers. Staff who are promotion/transfer eligible may apply for positions without supervisor approval.

-

**Retirement Plan Eligibility:**

The retirement plan for this position is Teacher Retirement System of Texas (TRS), subject to the position being at least 20 hours per week and at least 135 days in length.

-

**Background Checks:**

A criminal history background check will be required for finalist(s) under consideration for this position.

-

**Equal Opportunity Employer:**

The University of Texas at Austin, as an equal opportunity/affirmative action employer, complies with all applicable federal and state laws regarding nondiscrimination and affirmative action. The University is committed to a policy of equal opportunity for all persons and does not discriminate on the basis of race, color, national origin, age, marital status, sex, sexual orientation, gender identity, gender expression, disability, religion, or veteran status in employment, educational programs and activities, and admissions.

-

**Pay Transparency:**

The University of Texas at Austin will not discharge or in any other manner discriminate against employees or applicants because they have inquired about, discussed, or disclosed their own pay or the pay of another employee or applicant. However, employees who have access to the compensation information of other employees or applicants as a part of their essential job functions cannot disclose the pay of other employees or applicants to individuals who do not otherwise have access to compensation information, unless the disclosure is (a) in response to a formal complaint or charge, (b) in furtherance of an investigation, proceeding, hearing, or action, including an investigation conducted by the employer, or (c) consistent with the contractor’s legal duty to furnish information.

-

**Employment Eligibility Verification:**

If hired, you will be required to complete the federal Employment Eligibility Verification I-9 form. You will be required to present acceptable and original documents to prove your identity and authorization to work in the United States. Documents need to be presented no later than the third day of employment. Failure to do so will result in loss of employment at the university.

**-**

**E-Verify:**

The University of Texas at Austin use E-Verify to check the work authorization of all new hires effective May 2015. The university’s company ID number for purposes of E-Verify is 854197. For more information about E-Verify, please see the following:

* E-Verify Poster (English and Spanish) [PDF]
* Right to Work Poster (English) [PDF]
* Right to Work Poster (Spanish) [PDF]

**-**

**Compliance:**

Employees may be required to report violations of law under Title IX and the Jeanne Clery Disclosure of Campus Security Policy and Crime Statistics Act (Clery Act). If this position is identified a Campus Security Authority (Clery Act), you will be notified and provided resources for reporting. Responsible employees under Title IX are defined and outlined in HOP-3031.

The Clery Act requires all prospective employees be notified of the availability of the Annual Security and Fire Safety report. You may access the most recent report here or obtain a copy at University Compliance Services, 1616 Guadalupe Street, UTA 2.206, Austin, Texas 78701.",2026-10-03,88500.0,120000.0,False,jobspy/indeed,0
DevOps Architect,Pike Corporation,"Fort Mill, SC, US",https://www.indeed.com/viewjob?jk=29283c105f1dcb76,"**Position Summary:**

The DevOps Architect will be responsible for designing, implementing, and leading a modern DevOps and Quality Engineering ecosystem that improves software delivery speed, quality, reliability, and scalability. You will establish CI/CD capabilities from the ground up while introducing automated testing, deployment automation, release governance, and AI-enabled quality engineering practices. You will be a hands-on technical leader responsible for creating a sustainable foundation for software delivery and continuous improvement.

This job is on-site in Fort Mill, SC.

**Essential Functions:**

* Design and implement enterprise CI/CD pipelines
* Establish Git workflows, branching standards, code review practices, and release management processes
* Design automated build, deployment, rollback, and validation processes
* Create and maintain automated smoke, regression, API, and integration testing capabilities
* Implement post-deployment validation and quality gates
* Evaluate and implement AI-assisted testing technologies
* Partner with development, QA, infrastructure, and architecture teams
* Develop dashboards, metrics, and reporting for delivery performance and quality

**Minimum Requirements:**

* Regular attendance is required
* Bachelor's degree in Computer Science, Information Systems, Engineering or related field
* 2-4 years of experience in DevOps, Software Engineering, Automation Engineering, or Quality Engineering
* Experience building CI/CD solutions in Azure DevOps, GitHub Actions, Jenkins, or GitLab
* Experience with Playwright, Selenium, Cypress, or similar automation tools
* Programming experience in Python, Java, C#, or TypeScript
* Experience with cloud platforms, containers, and modern deployment practices

**Other Skills:**

* Experience establishing CI/CD capabilities from creation
* Experience implementing AI-assisted testing solutions
* Azure cloud certifications

**Physical Demands:**

The physical demands described here are representative of those that must be met by an employee to successfully perform the essential functions of this job.

While performing the duties of this job, the employee is regularly required to talk or hear. The employee is frequently required to stand; walk; use hands and fingers to handle, feel, or operate objects, tools or controls; reach with hands and arms.

**Work Environment:**

While performing the duties of this job, the employee is not substantially exposed to adverse environmental conditions (such as in typical office or administrative work).

**Our Benefits:**

* Medical, dental and vision insurance
* HSA, dependent care and medical flexible spending accounts
* Employee Assistance Program (EAP)
* 401(k) with company match
* Life insurance, and short-term and long-term disability
* Paid time off, paid holidays, and family and medical leave

If this sounds like you, come join the **PIKE** family.

**About Us:**

Founded in 1945, Pike is a leading provider of construction, repair and engineering services for electric and gas utilities, as well as telecommunications companies with a growing portfolio of turnkey renewable projects. We work with hundreds of utility clients across the country, and we continuously expand our offerings to supply our customers with the ideas, technology, experience, workforce and equipment to perform any job.

""Essential"" is the one word that sums up who we are, the work we do and what our people mean to us. Each of our employees plays a critical role in ensuring that infrastructure systems are up and running when people and businesses need them.

Pike is a family-oriented workplace with a strong culture of safety, collaboration, innovation and exceptional customer service.

**Equal Employment Opportunity**

Pike Enterprises, LLC, is an equal opportunity employer. Qualified applicants will receive consideration for employment without regard to race, color, religion, sex, national origin and/or status as a protected veteran or individual with a disability.",2026-10-02,,,False,jobspy/indeed,0
Power Platform and SharePoint Developer - Information Systems,San Antonio Water System,"San Antonio, TX, US",https://www.indeed.com/viewjob?jk=785b0b313148e3d6,"**Grade 22: Salary starts at $89,669.00 annually. Rate of pay depends on experience.**

**Job Description**
-------------------

**JOB SUMMARY**
  
The Power Platform and SharePoint Developer is responsible for designing, developing, deploying, and supporting custom business applications built on the Microsoft Power Platform, focusing on both Canvas and Model-driven apps. In addition, this position is responsible for administering and maintaining SharePoint Online environments, including site creation, configuration, and day-to-day management. The Developer provides technical expertise and analytical guidance to both technical teams and business stakeholders, collaborating closely to optimize business processes and user experience within the Microsoft 365 ecosystem.
  
  
**ESSENTIAL FUNCTIONS**
  

* Develops and customizes PowerApps applications (Canvas and Model-driven) to meet business requirements, ensuring optimal functionality and user experience.
* Administers and maintains SharePoint environments: creates and configures site collections, manages permissions and groups, develops and maintains lists and libraries, and oversees workflow processes to support organizational needs.
* Integrates PowerApps with SharePoint, Microsoft Dataverse, and other data sources (e.g., SQL, Oracle, REST & SOAP APIs) using standard connectors and Power Automate for seamless data flow.
* Works with business stakeholders to gather requirements, propose solutions, and document technical specifications for Power Platform and SharePoint projects.
* Implements best practices for data integrity, security, and governance in PowerApps solutions and SharePoint administration.
* Investigates, analyzes, and makes recommendations to management regarding Power Platform and SharePoint enhancements, version upgrades, and system integrations.
* Provides technical and analytical guidance to other developers, team members, and end-users regarding solution design and troubleshooting.
* Follows standard software development methodologies and version control practices for solution deployment, maintenance, and updates.
* Collaborates with cybersecurity teams to ensure that custom apps and SharePoint sites meet organizational and regulatory security standards.
* Mentors and trains junior developers or team members on PowerApps, Power Automate, and SharePoint best practices.
* Provides on-call support as required, monitoring and resolving production issues related to PowerApps and SharePoint services.
* Performs other duties as assigned.

  
**DECISION MAKING**
  

* This position works under limited supervision.
* This position serves as a technical lead, providing guidance and mentorship to staff.

  
**MINIMUM REQUIREMENTS FOR ALL SPECIALTIES**
  

* Bachelor’s Degree in Management Information Systems, Computer Science, or related field from an institution accredited by a nationally recognized accrediting agency.
* Six years of experience in software development or programming, including three years in each of the following:

o Developing PowerApps (Canvas and Model-driven) in an enterprise environment.
  
o Using Power Automate (Flow) for process automation
  
o Administering SharePoint Online (site creation, permissions, lists/libraries, workflow configuration).  
  
  
  
**PREFERRED QUALIFICATIONS**
  

* Master’s degree in management information systems, Computer Science, or a related field.
* Experience with relational databases, APIs or middleware integrations, and core web technologies (HTML, CSS, JavaScript) including responsive design frameworks.
* Microsoft 365 certifications (e.g., Microsoft Power Platform).
* Experience developing client-side solutions using SharePoint Framework (SPFx).
* Experience with additional Power Platform components, such as Power BI or Power Virtual Agents.
* Knowledge of Azure services, including Azure Logic Apps, Azure Functions, and Azure SQL.
* Experience with CI/CD pipelines (e.g., Azure DevOps) and version control systems (Git or similar) to manage and deliver high-quality code.
* Strong project management skills or leadership experience overseeing technical projects.

  
**JOB DIMENSIONS**
  

* Skill in Power Platform development: building, testing, and deploying PowerApps (Canvas and Model-driven) and associated Power Automate flows.
* Skill in SharePoint administration: creating and managing site collections, configuring permissions, designing lists/libraries, and enforcing governance policies.
* Skill in applying secure coding best practices and ensuring compliance with cybersecurity standards.
* Ability to prioritize and manage multiple tasks in a dynamic environment.
* Skill in using Windows operating systems and Microsoft 365 administration portals.
* Ability to establish and maintain effective working relationships with internal and external stakeholders, contractors, consultants, and governmental agencies.
* Ability to communicate effectively, both verbally and in writing with both technical and non-technical audiences.
* Ability to stay up to date with Microsoft Power platform updates and framework changes.
* Ability to promote code and entire solutions from lower instances into production environments.

  
**PHYSICAL DEMANDS AND WORKING CONDITIONS**
  
Working conditions are primarily inside an office environment with travel to various locations on an occasional basis. Physical requirements include occasional lifting/carrying of 15 pounds; visual acuity, speech and hearing; hand and eye coordination and manual dexterity necessary to operate a computer keyboard and basic office equipment. Subject to sitting, standing, reaching, walking, twisting, and kneeling to perform the essential functions.
  
  
May be required to work hours other than regular schedule such as nights, weekends, and holidays.",2026-10-02,89669.0,160514.0,False,jobspy/indeed,0
Salesforce DevOps Architect,Steampunk,"McLean, VA, US",https://www.indeed.com/viewjob?jk=7e4ccb79167e7cf1,"Overview:

We are seeking an experienced **Salesforce DevOps Architect** to design, implement, and manage scalable CI/CD processes across our Salesforce environments. This role will be responsible for improving deployment reliability, release velocity, automated testing, environment management, and platform governance using Salesforce DX and the Microsoft Azure DevOps tool suite.  
The ideal candidate has hands-on Salesforce development experience combined with strong knowledge of Azure DevOps, source-driven development, release automation, and enterprise change-management practices.

  
Contributions:

**Responsibilities include:**

* Design, build, and maintain Salesforce CI/CD pipelines using Azure DevOps Pipelines.
* Manage Salesforce source code and branching strategies using Azure Repos and Git.
* Automate Salesforce metadata validation, deployment, testing, and promotion across development, integration, UAT, staging, and production environments.
* Use Salesforce CLI, Salesforce DX, Metadata API, and related tools to support source-driven development.
* Develop and maintain YAML-based build and release pipelines.
* Establish pull-request standards, approval processes, quality gates, and automated code-review checks.
* Integrate Apex tests, code-coverage validation, static code analysis, security scanning, and deployment validation into CI/CD pipelines.
* Coordinate releases across multiple Salesforce development teams and environments.
* Manage deployment dependencies, destructive changes, profiles, permission sets, custom metadata, and environment-specific configuration.
* Create and maintain release plans, deployment runbooks, rollback procedures, and technical documentation.
* Monitor pipeline performance, troubleshoot deployment failures, and identify opportunities to improve release reliability.
* Support sandbox strategy, environment refreshes, source synchronization, and release-branch management.
* Apply secure credential-management practices using Azure Key Vault, service connections, certificates, and connected apps.
* Partner with Salesforce architects, developers, testers, product owners, and security teams to implement consistent DevOps standards.
* Provide release metrics and reporting through Azure Boards, dashboards, and pipeline analytics.

  
Qualifications:

**Required Qualifications**

* 4+ years of experience working with the Salesforce platform.
* 2+ years of hands-on Salesforce DevOps, release engineering, or CI/CD experience.
* Strong experience with the Microsoft Azure DevOps suite, including:
  + Azure Pipelines
  + Azure Repos
  + Azure Boards
  + Azure Artifacts
  + Azure Test Plans or comparable testing tools
* Experience creating and maintaining YAML-based Azure DevOps pipelines.
* Proficiency with Git, pull requests, branching strategies, merge conflict resolution, and code-review workflows.
* Hands-on experience with Salesforce CLI, Salesforce DX project structure, scratch orgs or sandboxes, and Salesforce Metadata API.
* Experience deploying Apex, Lightning Web Components, Aura components, Flows, permission sets, custom metadata, and other Salesforce configuration.
* Understanding of Salesforce deployment dependencies and common metadata deployment limitations.
* Experience incorporating Apex testing and code-coverage requirements into automated pipelines.
* Ability to troubleshoot Salesforce validation, authentication, dependency, and deployment failures.
* Experience working within Agile delivery teams and structured release-management processes.
* Strong communication, documentation, and cross-functional collaboration skills.

**Preferred Qualifications**

* Salesforce Platform Developer I, Platform Developer II, or Salesforce Administrator certification.
* Microsoft Azure or Azure DevOps certification.
* Experience with unlocked packages, second-generation packaging, or modular Salesforce architecture.
* Experience with static-analysis tools such as Salesforce Code Analyzer, PMD, SonarQube, Checkmarx, or comparable products.
* Experience with automated testing tools such as Provar, Selenium, AccelQ, Copado Robotic Testing, or Playwright.
* Familiarity with Copado, Gearset, Flosum, AutoRABIT, or other Salesforce DevOps platforms.
* Experience supporting Salesforce Experience Cloud, Service Cloud, Sales Cloud, OmniStudio, or industry clouds.
* Knowledge of Azure Key Vault, Microsoft Entra ID, service principals, and enterprise secrets management.
* Experience supporting multiple Salesforce teams working concurrently within a shared release train.
* Familiarity with ITIL, change-control, separation-of-duties, and regulated-environment requirements.

About **steampunk**:

Steampunk relies on several factors to determine salary, including but not limited to geographic location, contractual requirements, education, knowledge, skills, competencies, and experience. The projected compensation range for this position is $80,000 to $175,000. The estimate displayed represents a typical annual salary range for this position. Annual salary is just one aspect of Steampunk’s total compensation package for employees. Learn more about additional Steampunk benefits here.

**Identity Statement**

As part of the application process, you are expected to be on camera during interviews and assessments. We reserve the right to take your picture to verify your identity and prevent fraud.

Steampunk is a **Change Agent** in the Federal contracting industry, bringing new thinking to clients in the Homeland, Federal Civilian, Health and DoD sectors. Through our **Human-Centered delivery methodology**, we are fundamentally changing the expectations our Federal clients have for true shared accountability in solving their toughest mission challenges. If you want to learn more about our story, visit http://www.steampunk.com.

*We are an equal opportunity employer and all qualified applicants will receive consideration for employment without regard to race, color, religion, sex, national origin, disability status, protected veteran status, or any other characteristic protected by law. Steampunk participates in the E-Verify program.*",2026-10-02,80000.0,175000.0,False,jobspy/indeed,0
Software Development Engineer (Emerging Professionals Jan 2027),iPipeline,"Fort Lauderdale, FL, US",https://www.indeed.com/viewjob?jk=c17c6b559ca373bb,"Overview:

As a global market leader, iPipeline combines technology, innovation, and expertise to deliver ground-breaking, award-winning software solutions that transform the life insurance, financial services, and protection industries. With one of the industry’s largest data sets, we help advisors/advisers and agents to transform paper and manual operations into a secure, seamless digital experience – from proposal to commission– so they can help better secure the financial futures of their clients.

At iPipeline, you’ll play a major role in helping us to provide best-in-class, transformative solutions. We’re passionate, creative, and innovative, and together as a team, we continually strive to advance, accelerate, and expand the reach of our technology. We value different perspectives and are committed to creating an environment that embraces diverse backgrounds and fosters inclusion.

We’re proud that we’ve been recognized as a repeat winner of various industry awards, demonstrating our excellence and highlighting us as a top workplace in both the US and the UK. We believe that the culture we’ve built for our nearly 900 employees around the world is exceptional - and we’ve created a place where our employees love to come to work, every single day.

Come join our team!

**About iPipeline**

Founded in 1995, iPipeline operates as a business unit of Roper Technologies (Nasdaq: ROP), a constituent of the Nasdaq 100, S&P 500®, and Fortune 1000® indices. iPipeline is a leading global provider of comprehensive and integrated digital solutions for the life insurance and financial services industries in North America, and life insurance and pensions industries in the UK. We couple one of the most expansive digital and automated platforms with one of the industry’s largest data libraries to accelerate, automate, and simplify various applications, processes, and workflows – from quote to commission – with seamless integration. Our vision is to help everyone achieve lasting financial security by delivering innovative solutions that connect, simplify, and transform the industry.

iPipeline is proud to be an Equal Opportunity Employer. All qualified applicants will receive consideration for employment without regard to gender, race, color, religious creed, national origin, age, sexual orientation, gender identity, physical or mental disability, and/or protected veteran status*.* We are committed to building a supportive and inclusive environment for all employees.

**This is an office-based position.**

Responsibilities:

The Associate Software Development Engineer is responsible for developing, testing, and maintaining software applications. This role focuses on learning and applying foundational software development skills under the guidance of senior engineers.

* **Code Development:**
  + Write, test, and debug basic software code according to task specifications.
* **Code Reviews:**
  + Participate in code reviews to learn best practices and improve code quality.
* **Documentation:**
  + Responsible for creating supporting documentation associated with assigned tasks.
* **Internal Collaboration:**
  + Work in teams, communicate effectively with peers and management.
* **Learning:**
  + Engage in ongoing professional development to improve technical skills and stay updated with latest technology trends.
* All other duties as assigned.

Qualifications:

**Technical Competencies**

* Programming Languages: Basic proficiency in one or more programming languages (e.g., C#, .NET, HTML, CSS, JavaScript, XSLT) and devOps practices. Familiarity with software development lifecycle.
* Version Control: Understand and familiarity with version control systems (e.g., Git), IDEs and basic knowledge of web application security principles.
* Testing: Knowledge of basic testing methods, unit testing, and tools.
* Debugging**:** Ability to debug code using browser developer tools (for front-end) or using breakpoints and logging in back-end code. Ability to identify and resolve simple software issues.
* Basic foundational knowledge and skills related to the role.
* Strong analytical and problem-solving skills.
* Ability to work in teams, communicate effectively with peers, seniors and management.
* Willingness to learn and adopt new technologies and tools, as well as staying updated with the latest trends.

Benefits:

We offer a competitive compensation and benefits package, opportunities for career growth, an employee stock purchase plan, 401(k), generous time off and flexible work/life balance, company-matched retirement packages, an employee wellness program, and an awards and recognition program – all in a creative, fast-growing, and innovative company.",2026-10-02,,,False,jobspy/indeed,0
Senior Software Engineer - Appian Platform,Humana,"Chicago, IL",https://www.linkedin.com/jobs/view/4473101659,,2026-10-02,,,False,jobspy/linkedin,0
Software Engineer II .Net,JPMorganChase,"Irvine, CA",https://www.linkedin.com/jobs/view/4457091981,,2026-10-02,,,False,jobspy/linkedin,0
"Senior Software Engineer, Backend (Partner Merchant Interface)",Affirm,"Atlanta, GA",https://www.linkedin.com/jobs/view/4464118252,,2026-10-01,,,False,jobspy/linkedin,0
"Senior Software Engineer, Backend (Partner Merchant Interface)",Affirm,"Chicago, IL",https://www.linkedin.com/jobs/view/4464127224,,2026-10-01,,,False,jobspy/linkedin,0
"Software Dev Engineer II, Amazon Security",Amazon,"Seattle, WA",https://www.linkedin.com/jobs/view/4455904221,,2026-10-01,,,False,jobspy/linkedin,0
Senior Software Engineer,Xplor Technologies,"Atlanta, GA",https://www.linkedin.com/jobs/view/4473902415,,2026-09-30,,,False,jobspy/linkedin,0
