job_title,company,location,url,description,posted,salary_min,salary_max,is_remote,source,score
"Senior Software Engineer, Exposure Management",Beazley Security,"Remote, US",https://www.indeed.com/viewjob?jk=25bfc3ab852a1b7e,"**About Beazley Security**

Beazley Security is a global cybersecurity firm committed to helping clients enable advanced cyber defenses that reduce risk with quantifiable results. We’re comprised of top talent from private industry, government, intelligence, and law enforcement who are specialists in threat detection, incident response, digital forensics, offensive security, risk management, and cyber resilience. As a subsidiary of a specialty insurance giant, Beazley Insurance, we’ve been at the forefront of cyber insurance management and breach response activities for business clients in the US, UK, and Europe since 2017. As Beazley Security, the company will have an expanded scope, leveraging nearly two decades of cyber incident experience, a strong services division, and a business strategy focused on growth, to realize our goals and deliver benefits to clients.

As a company, we are committed to upholding our core values of Belonging, Integrity, Service, Accountability, and Curiosity. We believe these values are essential to creating a strong and inclusive workplace culture, as well as to deliver world-class cybersecurity solutions to our clients worldwide. As Beazley Security, these values will continue to thrive, with an extra emphasis on expansion of our capabilities and capacity in helping solve unique client challenges.

**Summary**

Exposure Management shows our clients their external attack surface the way an attacker sees it. We find internet-facing assets, scan them, identify vulnerabilities, and turn the results into clear, prioritized findings. We are hiring a Senior Software Engineer to help build the next generation of this platform.

**Responsibilities**

* Design, build, and run the services powering our Exposure Management product.
* Help lead technical design for new scanning and asset discovery capabilities.
* Make sure the data clients see is accurate and current.
* Improve how we identify software and prioritize vulnerabilities using AI patterns.
* Work with product, threat research, and client teams to turn security needs into shipped features.

**Qualifications**

***Senior engineering foundation***

* 6+ years of software engineering experience, including owning production systems from design through day-to-day operation.
* AI-first in how you work. You use AI tools daily to design, build, test, and review code, and you own the quality of what ships.
* You proactively work to spot problems before they are assigned, raise them early, and follow through to resolution.
* You are eager to pick up new tools, domains, and codebases quickly, and you are comfortable asking questions.
* Strong Python and TypeScript skills, and experience building on AWS and Azure.
* Clear communicator in writing and in conversation, from design docs to code reviews.
* Helps teammates grow through mentoring and thoughtful feedback.

***Exposure Management qualifications***

* Understanding of how an internet-facing attack surface works: domains, DNS, IP addresses, certificates, ports, and services.
* Familiarity with vulnerability data and standards, such as CVE, CVSS, etc.
* Experience building systems that process large volumes of data reliably.
* Experience with product engineering in multi-tenant environments.

**Beazley Security Offers (US)**

* Competitive salary and bonus.
* Flexible working arrangements.
* Generous leave policies including 3 months paid parental.
* 100% of employee-only insurance premiums covered (healthcare, dental and vision).
* Up to 5% matched 401k contribution.
* Opportunities for career advancement and ongoing training.
* Participation in industry conferences and events.

**Beazley Security Offers (UK)**

* Competitive salary and bonus.
* + Fully remote work opportunity.
* Competitive salary with a commission structure.
* Flexible working arrangements to support balance.
* Generous parental leave to support your family.
* Private healthcare for your peace of mind.
* A strong pension scheme to help secure your future.
* A lifestyle allowance to enhance your well-being.
* Life insurance and long-term disability coverage for added security.
* Opportunities to grow through career advancement and ongoing training.
* Access to industry conferences and events for professional development.",2026-10-05,,,True,jobspy/indeed,23
"Senior Applications Systems Programmer Analyst - Radiology IT, Hybrid",Dartmouth Health,"Lebanon, NH, US",https://www.indeed.com/viewjob?jk=12a80f0551b82ffc,"**Overview**

Independently performs programming and analysis functions in the development and implementation of new radiology systems, the revision of existing systems, and to support special projects. Epic EMR certification and or experience required. Radiology clinical and or Radiology applications experience preffered.

  
  
**Responsibilities**

* Provides support for the analysis, design, and development for technology programs of varying levels of complexity and scope from abstract requirements.

* Develops process improvements and effective solutions to operational issues.

* Defines problems, collects data, establishes facts, draws valid conclusions, and proposes viable alternatives for resolving problems.

* Gives formal presentations.

* Manages small to medium scope projects from inception through completion including developing, executing, and monitoring work plans and coordinating resources.

* Mentors other employees. Assists peers in identifying task priorities and in meeting customer expectations.

* Performs other duties as required or assigned

  
**Qualifications**

* Bachelor’s degree in Computer Science or related field, with five (5) years of relevant experience or the equivalent is preferred.
* Excellent organizational, analytical, problem solving, written and verbal communication skills required.
* Must be an expert/highly proficient in at least one technology or system/application.
  

  

**Required Licensure/Certifications**

* None

  
  

* **Remote:** Hybrid Remote
* **Area of Interest:** Information Systems/Technology
* **Pay Range:** $83,782.40/Yr. - $134,035.20/Yr. (Based on 40 hours per week, otherwise pro rata)
* **FTE/Hours per pay period:** 1.00 - 1.00 - 40 hrs/week
* **Shift:** Day
* **Job ID:** 42085

  

Dartmouth Health offers a total compensation package that includes a comprehensive selection of benefits. Our Core Benefits include medical, dental, vision and life insurance, short and long term disability, paid time off, and retirement plans. Click here for information on these benefits and more: Benefits | DHMC and Clinics Careers

*Dartmouth Health is an Equal Opportunity and Affirmative Action employer. All qualified applicants will receive consideration for employment without regard to race, color, religion, sex (including pregnancy-related conditions), sexual orientation, gender identity or expression, national origin, ancestry, age, disability, genetic information, marital status, veteran or military status, or any other status protected by applicable federal, state, or local law.*

*Dartmouth Health provides reasonable accommodations to qualified individuals with disabilities and to applicants and employees with sincerely held religious beliefs in accordance with applicable law. Applicants who require an accommodation during the application or interview process may contact* *talentacquisition@hitchcock.org* *for assistance.*",2026-10-02,83782.4,134035.2,False,jobspy/indeed,18
"Senior Applications Systems Programmer Analyst - ERP, Hybrid",Dartmouth Health,"Lebanon, NH, US",https://www.indeed.com/viewjob?jk=50207cd54572d246,"**Overview**

Independently performs programming and analysis functions in the development and implementation of new systems, the revision of existing systems, and to support special projects. PeopleSoft FSCM development experience is strongly preferred.

  
  
**Responsibilities**

* Provides support for the analysis, design, and development for technology programs of varying levels of complexity and scope from abstract requirements.

* Develops process improvements and effective solutions to operational issues.

* Defines problems, collects data, establishes facts, draws valid conclusions, and proposes viable alternatives for resolving problems.

* Gives formal presentations.

* Manages small to medium scope projects from inception through completion including developing, executing, and monitoring work plans and coordinating resources.

* Mentors other employees. Assists peers in identifying task priorities and in meeting customer expectations.

* Performs other duties as required or assigned

  
**Qualifications**

* Bachelor’s degree in Computer Science or related field, with five (5) years of relevant experience or the equivalent is preferred.
* Excellent organizational, analytical, problem solving, written and verbal communication skills required.
* Must be an expert/highly proficient in at least one technology or system/application.
  

  

**Required Licensure/Certifications**

* None

  
  

* **Remote:** Hybrid Remote
* **Area of Interest:** Information Systems/Technology
* **Pay Range:** $83,782.40/Yr. - $134,035.20/Yr. (Based on 40 hours per week, otherwise pro rata)
* **FTE/Hours per pay period:** 1.00 - 1.00 - 40 hrs/week
* **Shift:** Day
* **Job ID:** 42087

  

Dartmouth Health offers a total compensation package that includes a comprehensive selection of benefits. Our Core Benefits include medical, dental, vision and life insurance, short and long term disability, paid time off, and retirement plans. Click here for information on these benefits and more: Benefits | DHMC and Clinics Careers

*Dartmouth Health is an Equal Opportunity and Affirmative Action employer. All qualified applicants will receive consideration for employment without regard to race, color, religion, sex (including pregnancy-related conditions), sexual orientation, gender identity or expression, national origin, ancestry, age, disability, genetic information, marital status, veteran or military status, or any other status protected by applicable federal, state, or local law.*

*Dartmouth Health provides reasonable accommodations to qualified individuals with disabilities and to applicants and employees with sincerely held religious beliefs in accordance with applicable law. Applicants who require an accommodation during the application or interview process may contact* *talentacquisition@hitchcock.org* *for assistance.*",2026-10-02,83782.4,134035.2,False,jobspy/indeed,18
Principal Software Developer,Space Ground System Solutions,"Colorado Springs, CO, US",https://www.indeed.com/viewjob?jk=bf5e714a35223331,"Space Ground System Solutions has an immediate full-time opening for a Principal Software Engineer. The position will be responsible for development of common ground software for satellite command, control and telemetry monitoring.

**JOB RESPONSIBILITIES**

* Experience with C2 systems.
* Leadership experience
* Develop software using C/C++/golang in a RHEL Linux environment
* Design and implement software for large-scale command and control systems
* Troubleshoot and report software anomalies
* Work in a team environment, leading a small team of developers
* Apply agile development practices and techniques to adapt rapidly to changing requirements and schedules

**REQUIRED SKILLS AND QUALIFICATIONS**

* Must have an active DoD Secret security clearance
* Must be a U.S. citizen
* Bachelor's Degree in relevant field (i.e., Computer Science, Software Engineer, Information Technology)
* Ten (10) or more years of software engineering/development experience using in a Linux environment
* Proficiency developing and testing software in a Linux environment
* Knowledge of industry practices, techniques and standards
* Proficiency with programming languages C, C++, Python.
* Proficiency with UI's
* Solid understanding of networking technology, TCP/IP and common internet application protocols
* Proficiency developing and testing software in a Linux environment
* Knowledge of industry practices, techniques and standards
* Proficiency with programming languages C, C++, Python.
* Proficiency with UI's
* Solid understanding of networking technology, TCP/IP and common internet application protocols

**PREFERRED SKILLS AND QUALIFICATIONS**

* Experience with Satellite Ground Systems, Ground System Operations, or Satellite Operations
* Experience using Red Hat Enterprise Linux (RHEL)
* Excellent troubleshooting skills
* Experience documenting test results for corrective actions
* Experience using software configuration management tools (examples: git, BitBucket, Jira, etc.)
* Experience interacting with databases (examples: MySQL, MariaDB, MongoDB, Redis, etc.)
* Experience writing scripts (examples: shell scripting, python, PERL, etc.)
* Familiarity with virtualization and cloud technologies (examples: AWS, OpenStack, VMware, RHEV, etc.)
* Familiarity with web technologies (examples: HTML, CSS, React, REST, JSON, WildFly, etc.)
* Familiarity with messaging servers (examples: ActiveMQ, RabbitMQ, WebSphereMQ, ZeroMQ, GMSEC, etc.)

Space Ground Systems Solutions (SGSS), a wholly owned subsidiary under the Parsons Corporation, is passionate about making our nation the undisputed leader in Space because we understand that ensuring our security for future generations depends on it. We have emerged as a leader in the development of cutting-edge solutions for the Department of Defense and Intelligence Community. Our tremendous success can be attributed to our people and our priorities. Do you want to be part of a team that is helping the government solve major national security challenges in the space domain? We need your help.

SGSS believes in taking care of their employees by offering:

* **ALL benefits fully funded**, for your entire family
* + this includes Medical/Dental/Vision/Group Life/STD/LTD - no employee premiums
* SGSS **funded** HSA (Health Savings Account) provided
* + with SGSS funding the maximum amount allowed by the IRS
* Retirement Savings Plan (RSP/401k) with a **20%** annual company contribution - no employee contribution required

=======================================================

Applicants selected for this position will be subject to a government security investigation and must meet eligibility requirements for access to classified information or applicants who are eligible for security clearances.

SGSS is an equal opportunity employer, and all qualified applicants will receive consideration for employment without regard to race, color, religion, sex, national origin, disability, veteran status or any other protected status.",2026-10-01,128960.0,187200.0,True,jobspy/indeed,15
Junior Backend Developer,CodeHunter,US,https://www.indeed.com/viewjob?jk=e6fa4c1c1c872f99,"Code Hunter is looking for a Junior Backend Developer to join our engineering team. This role is remote, with a preference for candidates based in the US Eastern time zone for overlap with the team.

You'll report directly to the SVP of Engineering and work closely day-to-day with our engineering lead, who will provide technical mentorship and code review as you ramp up on our systems. Our backend runs on Java/Spring Boot and AWS — you don't need to already know Java going in, but you should be able to pick it up quickly, especially leveraging modern AI-assisted development tools. What matters most is strong fundamentals and the ability to learn fast. This is a great opportunity for someone with 1-3 years of professional experience to grow into ownership of real production systems.

What You'll Do

* Design, build, and maintain backend services and REST APIs (our stack is Java/Spring Boot)
* Write clean, well-tested, maintainable code and participate in code reviews
* Work with relational databases to design schemas, write queries, and troubleshoot data issues
* Deploy and support services running on AWS, following our existing infrastructure patterns
* Debug and resolve production issues, escalating and collaborating with the team lead as needed
* Use AI-assisted development tools to accelerate ramp-up and day-to-day delivery
* Collaborate closely with the engineering lead and cross-functional partners (product, QA) to scope and ship features
* Continuously learn our codebase, engineering practices, and domain, and grow toward more independent ownership over time

  
**Requirements**

What We're Looking For

* 1-3 years of professional experience as a backend or full-stack developer, in any language
* Strong fundamentals in data structures, algorithms, debugging, and problem-solving
* Demonstrated ability to learn new languages/frameworks quickly — Java/Spring Boot experience is a plus but not required, and we expect you to ramp up fast with the help of modern AI-assisted development tools
* Experience building and consuming REST APIs
* Familiarity with SQL and relational databases (e.g., PostgreSQL, MySQL)
* Comfortable working independently in a remote environment while communicating proactively
* A growth mindset — comfortable asking questions, receiving feedback, and building toward greater ownership

Nice to have:

* Working knowledge of Java and Spring / Spring Boot
* Some exposure to AWS or another major cloud provider
* Experience with Docker and CI/CD pipelines
* Exposure to microservices architecture
* Contributions to open-source projects or personal projects you can speak to

Location & Logistics

* Remote, with a strong preference for candidates based in or near the US Eastern time zone
* Full-time

  
**Benefits**

* Ground-floor opportunity at a fast-growing cybersecurity startup with category-defining technology
* Direct access to and mentorship from experienced security industry executive leadership
* Competitive base + uncapped commission structure
* The chance to build your own book of business and territory from the ground up, with real ownership over how you sell

About CodeHunter

CodeHunter provides Zero Trust for Code, enabling organizations to determine whether software should be trusted before it runs. Founded in 2021, with roots in U.S. government research labs, CodeHunter analyzes the behavior and intent of software artifacts prior to execution. This helps enterprises prevent malicious code from running, reduce alert overload, and automate security decisions across development pipelines, endpoints, and enterprise environments. The company focuses on organizations that require high assurance, operational resilience, and auditable security controls.",2026-10-05,85000.0,110000.0,True,jobspy/indeed,14
LTG - Cloud Engineer II,Lennar,"Miami, FL, US",https://www.indeed.com/viewjob?jk=e133fd33e095e69c,"**We are Lennar**

Lennar is one of the nation's leading homebuilders, dedicated to making an impact and creating an extraordinary experience for their Homeowners, Communities, and Associates by building quality homes and providing exceptional customer service, giving back to the communities in which we work and live in, and fostering a culture of opportunity and growth for our Associates throughout their career. Lennar has been recognized as a Fortune 500® company and consistently ranked among the top homebuilders in the United States.

  
  

**A Career that Empowers You to Build Your Future**

Join Cloud Engineering as a Cloud Engineer on the Developer Experience (DevEx) team, the group that builds and operates the Internal Developer Platform (IDP) used by every engineering team at Lennar. DevEx owns the developer portal (Spotify Portal, built on Backstage), shared CI/CD pipelines, source control administration, infrastructure as code tooling, application security tooling, and the observability and testing standards teams build on. In this role you will build and maintain platform capabilities through a code-driven model, own components of the platform from design through delivery, and help engineering teams across Lennar get the most out of the tools DevEx provides.

  
  

**Your Responsibilities on the Team**

* Build and maintain features of the internal developer portal, including plugins, integrations, and software templates.

* Build and improve reusable service templates that give engineering teams a standardized, self-service way to create new applications and infrastructure.

* Build, test, and maintain reusable CI/CD pipelines in GitHub Actions used across engineering teams.

* Support GitHub Enterprise administration, including repository management, access provisioning, and policy enforcement.

* Develop and maintain infrastructure as code with Terraform, including reusable modules and workspace automation.

* Integrate security scanning into CI/CD pipelines and help teams address findings.

* Implement monitoring, logging, and alerting standards for services built on the platform.

* Contribute to the automated testing frameworks and quality checks built into the developer workflow.

* Help measure developer productivity and platform adoption through dashboards and reporting.

* Participate in the team’s support rotation, troubleshoot platform issues, and automate recurring requests.

* Take part in design reviews, and write documentation and runbooks for the components you own.

* Review InnerSource contributions from other teams, and mentor Level I engineers on team standards and practices.

  
  

**Requirements**

* Bachelor’s degree in Computer Science, Information Technology, or a related field preferred.

* 2-3 years of experience in Software, DevOps, or platform engineering.

* Proficiency in at least one programming language, such as TypeScript, Python, or Go.

* Hands-on experience with GitHub and GitHub Actions for CI/CD.

* Hands-on experience with Terraform for infrastructure as code.

* Familiarity with core AWS services, including identity and access management, containers, and serverless.

* Familiarity with Internal Developer Platform (IDP) concepts; exposure to Backstage is a plus.

* Understanding of good software engineering practices: version control, code review, and automated testing.

* Familiarity with application security scanning in CI/CD pipelines.

* Ability to troubleshoot build, deployment, and pipeline failures independently.

* Strong communication skills and the ability to work collaboratively with engineers across teams.

  

Bonus: Experience with Backstage or another developer portal; observability tools such as OpenTelemetry, Datadog, or Grafana; test automation frameworks; AWS certifications; contributions to InnerSource or open-source projects.

  
  

**Physical & Office/Site Presence Requirements**

This is an in-person office role based in Miami, FL, with a current 3 days in office, 2 day remote schedule.

This is primarily a sedentary office position which requires the incumbent to have the ability to operate computer equipment, speak, hear, bend, stoop, reach, lift, and move and carry up to 25 lbs. Finger dexterity is necessary.

  

*This description outlines the basic responsibilities and requirements for the position noted. This is not a comprehensive listing of all job duties of the Associates. Duties, responsibilities, and activities may change at any time with or without notice.*

*Lennar is an equal opportunity employer and complies with all applicable federal, state, and local fair employment practices laws.*

**Life at Lennar**

At Lennar, we are committed to fostering a supportive and enriching environment for our Associates, offering a comprehensive array of benefits designed to enhance their well-being and professional growth. Our Associates have access to robust health insurance plans, including Medical, Dental, and Vision coverage, ensuring their health needs are well taken care of. Our 401(k) Retirement Plan, complete with a $1 for $1 Company Match up to 5%, helps secure their financial future, while Paid Parental Leave and an Associate Assistance Plan provide essential support during life's critical moments. To further support our Associates, we provide an Education Assistance Program and up to $30,000 in Adoption Assistance, underscoring our commitment to their diverse needs and aspirations. From the moment of hire, they can enjoy up to three weeks of vacation annually, alongside generous Holiday, Sick Leave, and Personal Day policies. Additionally, we offer a New Hire Referral Bonus Program, significant Home Purchase Discounts, and unique opportunities such as the Everyone’s Included Day. At Lennar, we believe in investing in our Associates, empowering them to thrive both personally and professionally. Lennar Associates will have access to these benefits as outlined by Lennar’s policies and applicable plan terms. Visit Lennartotalrewards.com to view our suite of benefits.

Join the fun and follow us on social media to see what's happening at our company, and don't forget to connect with us on Lennar: Overview | LinkedIn< https://www.linkedin.com/company/lennar/ > for the latest job opportunities.

**Lennar is an equal opportunity employer and complies with all applicable federal, state, and local fair employment practices laws.**",2026-10-05,,,False,jobspy/indeed,13
ServiceNow Developer Professional,University of Notre Dame,"Notre Dame, IN, US",https://www.indeed.com/viewjob?jk=1b2547ed5e985e50,"**Company Description**

For over 180 years, the University of Notre Dame has been a leading American research university, offering a distinct perspective in higher education. This Catholic institution, based in Notre Dame, Indiana, is driven by a powerful blend of faith and intellectual curiosity, consistently pursuing excellence in education, groundbreaking research, and service to society. Notre Dame fosters a welcoming and vibrant campus where students, faculty, and staff are united in their commitment to creating an inclusive community and making a difference in the world. For individuals passionate about innovation, ethical leadership, and leveraging world-class facilities and renowned academic programs, Notre Dame provides a dynamic and impactful career path.

 **Job Description**

At the University of Notre Dame, the digital experience for our students, faculty, and staff is central to our mission of academic and research excellence. ServiceNow powers this experience, orchestrating critical digital workflows and connecting administrative units across campus. The platform's expansive role makes this a high-impact position within the Office of Information Technology’s Enterprise Platforms team.

We seek a ServiceNow Developer to join our team. This isn't just a development role; it's an opportunity to become an integral part of a high-performance, close-knit team that is crucial to the success of the university's most important strategic endeavors over the next three years.

You will be joining a group dedicated not only to technical excellence but also to close collaboration and shared mentorship, working on campus-wide initiatives in areas like:

* Asset Management and operational excellence.
* Governance, Risk, and Compliance (GRC).
* A major push to transform our Employee Center experience and deliver next-generation self-service through AI and ticket automation.

If you’re ready to apply your specialized knowledge at one of the world's leading Catholic research universities, leading high-visibility projects that directly impact the entire campus community, this is your opportunity.

**What You'll Do:**

As a ServiceNow Developer, you will be a technical leader on a high-performing team, actively shaping the future of the platform and driving the university's most critical multi-year initiatives.

**AI & Automation Leadership**

* **Intelligent Automation**: Lead the development and deployment of AI-driven solutions within the platform, specifically focusing on building robust AI skills for HR and ITSM to enhance self-service, automate routine tasks, and drive down ticket volume.
* **Platform Skill Building**: Design and implement intelligent features using native ServiceNow capabilities (such as Virtual Agent, Predictive Intelligence, and NLU/GenAI capabilities) to maximize operational efficiency and the user experience.

**Platform Engineering & Delivery**

* **Full-Lifecycle Ownership**: Drive the modernization of our enterprise by owning the complete development lifecycle—from analyzing requirements and architecting solutions, to writing clean code, rigorous testing, and final deployment.
* **Strategic Project Leadership**: Lead major new module implementations (GRC, Asset Management, Employee Center) and manage the entire project life cycle, acting as the technical expert from initial concept to service turnover.
* **Advanced Integration**: Design and implement seamless system and data integrations, acting as the expert connecting ServiceNow to the wider campus ecosystem using tools like the Integration Hub, REST/SOAP APIs, and MID Servers.

**Platform Health & Optimization**

* **System Stewardship**: Ensure platform stability, performance, and scalability by owning upgrade management (planning, testing, and validation), administering core platform functions, and continuously innovating techniques for platform optimization and data delivery.
* **Consultation & Mentorship**: Partner extensively with functional users and technical teams across the University to recommend optimal solutions, ensure best practices are adopted, and actively mentor junior staff and team members.

  
**Qualifications**

*Minimum:*

* Bachelor's degree in Computer Science, Information Systems, or a related field, OR an equivalent combination of education, training, and professional experience that demonstrates the necessary specialized knowledge
* Experience with the ServiceNow Asset Management suite, including the hands-on implementation and maintenance of HAM Professional and SAM Professional modules
* ServiceNow development experience, including working with Integration Hub, REST/SOAP APIs, and MID Servers
* Software Development and Architecture: Strong experience in software development and system architecture, demonstrated by proficiency in either structured and object-oriented programming principles OR a deep understanding of relational databases, data modeling, and normalization
* Ability to work in the United States, now or in the future, without visa sponsorship

*Preferred:*

* Implementation certifications or hands-on experience with core ServiceNow modules, such as IT Service Management (ITSM) or HR Service Delivery (HR)
* Experience working with a large enterprise platform in a complex environment, such as a university or public sector organization.

 **Additional Information**

* **Application Instructions:** Please include a cover letter with your application for full consideration.
* **Application Deadline to Apply** (subject to change): 10/14/26
* **Please note:** This position follows a Hybrid work model (1-2 days remote). For an exceptional candidate, we would consider a fully remote working arrangement.

*The University of Notre Dame seeks to attract, develop, and retain the highest quality faculty, staff and administration. The University is an Equal Opportunity Employer, and does not discriminate on the basis of race, color, national or ethnic origin, sex, disability, veteran status, genetic information, or age in employment. Moreover, Notre Dame prohibits discrimination against veterans or disabled qualified individuals, and complies with 41 CFR 60-741.5(a) and 41 CFR 60-300.5(a). We strongly encourage applications from candidates attracted to a university with a Catholic identity.*",2026-10-05,,,False,jobspy/indeed,13
Software Developer,Space Ground System Solutions,"Colorado Springs, CO, US",https://www.indeed.com/viewjob?jk=17884822e43b74a0,"Space Ground System Solutions has an immediate full-time opening for a software engineer. The position will be responsible for development of software for satellite command, control and telemetry monitoring.

**JOB RESPONSIBILITIES**

* Develop front-end and back-end software for web applications in a Linux RHEL environment
* Experience with golang/c++
* Knowledge of build systems.
* Knowledge of Kubernetes.
* Participate in UI design for web applications
* Perform System and Software level Integration and Test
* Design and implement software for a large-scale command and control system
* Create and execute integration and system tests and document test procedures
* Troubleshoot software system issues
* Work in a dynamic, fast paced,sometimes pressured environment

**REQUIRED SKILLS AND QUALIFICATIONS**

* Must have an active DoD Secret security clearance
* Must be a U.S. citizen
* Bachelor's Degree in relevant field (i.e., Computer Science, Software Engineer, Information Technology)
* Five (5) to ten (10) years of software engineering/development experience in a Linux environment
* Good understanding of distributed systems.
* Experience developing Web applications, Golang applications or Python applications.
* Basic understanding of build systems and containerization

**PREFERRED SKILLS AND QUALIFICATIONS**

* Proficiency developing and testing software in a Linux environment
* Experience documenting test results for corrective actions
* Excellent troubleshooting skills
* Desire to work in the space industry developing satellite command and control systems for test and operations
* Experience using software configuration management tools (examples: ClearCase, GIT, Mercurial, etc.)
* Experience interacting with databases (examples: Oracle, Sybase, MySQL, etc.)
* EXPERIENCE WRITING SCRIPTS (EXAMPLES: SHELL SCRIPTING, PERL, ETC.)

Space Ground Systems Solutions (SGSS), a wholly owned subsidiary under the Parsons Corporation, is passionate about making our nation the undisputed leader in Space because we understand that ensuring our security for future generations depends on it. We have emerged as a leader in the development of cutting-edge solutions for the Department of Defense and Intelligence Community. Our tremendous success can be attributed to our people and our priorities. Do you want to be part of a team that is helping the government solve major national security challenges in the space domain? We need your help.

SGSS believes in taking care of their employees by offering:

* **ALL benefits fully funded**, for your entire family
* + this includes Medical/Dental/Vision/Group Life/STD/LTD - no employee premiums
* SGSS **funded** HSA (Health Savings Account) provided
* + with SGSS funding the maximum amount allowed by the IRS
* Retirement Savings Plan (RSP/401k) with a **20%** annual company contribution - no employee contribution required

=======================================================

Applicants selected for this position will be subject to a government security investigation and must meet eligibility requirements for access to classified information or applicants who are eligible for security clearances.

SGSS is an equal opportunity employer, and all qualified applicants will receive consideration for employment without regard to race, color, religion, sex, national origin, disability, veteran status or any other protected status.",2026-10-05,124800.0,166400.0,False,jobspy/indeed,10
Sr. Software Engineer,Space Ground System Solutions,"Colorado Springs, CO, US",https://www.indeed.com/viewjob?jk=46c5f933c211bbf4,"Space Ground System Solutions, a Parsons company, has an immediate full-time opening for a Software Engineer, responsible for software integration and development of software extensions for a program that focuses on mission critical research for National Security. This position requires a motivated individual who seeks to work in a team environment where creative solutions are encouraged, and technical challenges are the norm.

**JOB RESPONSIBILITIES**

* Performing System and Software level Integration and Testing for 1893/A3S software on various architectures
* Knowledge of building and deploying 1893/A3S systems on local and cloud systems
* Create and execute integration and system test and document test procedures
* Troubleshoot software system issues
* Support Operational systems and IntegrationTesting efforts
* Development and maintenance of deployment and operational scripts and configurations
* Communicate effectively with customers, management, and other developers to aid and provide guidance in designing new features as well as determining defect fixes
* Ability to work in an Agile environment

**REQUIRED SKILLS AND QUALIFICATIONS**

* Must have an active DoD Secret security clearance with ability to obtain a TS after hire
* Must be a U.S. citizen
* Bachelor's Degree in relevant field (i.e., Computer Science, Software Engineer, Information Technology) or other relevant Engineering field from an accredited university or equivalent combination of formal education and experience
* Minimum of 10 years' professional Software Development, Integration and Testing experience
* Experience in Linux (Redhat preferred)
* Experience in python Development
* Excellent communication and teamwork skills
* Problem solving capabilities to diagnose and troubleshoot problems

**PREFERRED SKILLS AND QUALIFICATIONS**

* Experience with working in Satellite Operational Environment's
* Experience with Neptune Software
* Use of Atlassian Collaboration Tools (JIRA, Confluence, Gitlab)
* Experience with relational databases (PostGreSQL, MariaDB)
* Experience with cloud software and containerized deployments (Docker, Kubernetes)
* Strong Understanding of distributed systems

Space Ground Systems Solutions (SGSS), a wholly owned subsidiary under the Parsons Corporation, is passionate about making our nation the undisputed leader in Space because we understand that ensuring our security for future generations depends on it. We have emerged as a leader in the development of cutting-edge solutions for the Department of Defense and Intelligence Community. Our tremendous success can be attributed to our people and our priorities. Do you want to be part of a team that is helping the government solve major national security challenges in the space domain? We need your help.

SGSS believes in taking care of their employees by offering:

* **ALL benefits fully funded**, for your entire family
* + this includes Medical/Dental/Vision/Group Life/STD/LTD - no employee premiums
* SGSS **funded** HSA (Health Savings Account) provided
* + with SGSS funding the maximum amount allowed by the IRS
* Retirement Savings Plan (RSP/401k) with a **20%** annual company contribution - no employee contribution required

=======================================================

Applicants selected for this position will be subject to a government security investigation and must meet eligibility requirements for access to classified information or applicants who are eligible for security clearances.

SGSS is an equal opportunity employer, and all qualified applicants will receive consideration for employment without regard to race, color, religion, sex, national origin, disability, veteran status or any other protected status.",2026-10-02,124800.0,183040.0,False,jobspy/indeed,10
Full Stack Developer,Slant 3D,"Boise, ID, US",https://www.indeed.com/viewjob?jk=277880c2e381b240,"Slant 3D is a 3D Printing technology company. We deploy giant 3D Print farms that produce parts on demand for customers across the world.

We currently support a core API that allows developers to connected to our system. And we develop and control all software used internally for management of our print factories.

The personal hire for this position will be working on our core production system. Optimizing both UI and the backend tasks such as job planning and routing.

Responsibilities:  
- Develop and maintain web applications using TypescriptScript, NextJS, Vue, Bootstrap  
- Collaborate with cross-functional teams to define, design, and ship new features  
- Write clean, efficient, and reusable code  
- Troubleshoot and debug issues in existing applications  
- Optimize application performance for maximum speed and scalability  
- Stay up-to-date with emerging technologies and industry trends

Experience:  
- Strong proficiency in TypeScript, Bootstrap and VUE  
- Familiarity with AWS services or ability to learn  
- Proficiency in database management systems such as SQL  
- Experience in quantum engineering is a plus

If you are a talented Full Stack Developer looking for an exciting opportunity to work on cutting-edge projects, please apply with your updated resume. We look forward to reviewing your application.

Job Type: Full-time

Pay: $100,000.00 - $150,000.00 per year

Benefits:

* Paid holidays
* Paid sick time
* Paid time off
* Snacks provided
* Work from home

Compensation Package:

* Bonus opportunities
* Performance bonus

Work Location: In person",2026-10-05,100000.0,150000.0,True,jobspy/indeed,8
System Software Programmer - Project Lead,Intellibee Inc,"Columbia, SC, US",https://www.indeed.com/viewjob?jk=3fb24b4abad844dd,"**Scope of the project:**

* DOR has implemented Power BI as its tool set for Reports, Dashboards, and Analytics.
* DOR has also implemented Onbase as a tool for creating paperless processes.
* DOR wishes to engage a systems software programmer experienced in Power BI and Onbase

**KEY DUTIES AND RESPONSIBILITIES:**

* Participate in the implementation of Power BI & OnBase including design, definition, and development of Power BI & OnBase content type models, workflows, templates, reports, dashboards, analytics, data transformations and components, and use permissions that are cost effective and meet user requirements.
* Analyze existing programs or formulate logic for new systems, devises logic procedures, prepares flowcharts, performs coding and tests/debugs programs.
* Prepare and obtain approval of system and programming documentation
* Configure system settings and options; plans and executes unit, integration and acceptance testing and create specifications for systems to meet business requirements
* Assist in deploying applications to Dev, QA, Production environments and migrations. Follow best practices for secure web programming and deployment. Adhere to internal best practices with respect to coding standards, unit test coverage, automation, and continuous integration.
* Work closely with Team or vendor to ensure sound practices regarding site architecture, performance and reliability, and content delivery are in place.
* Perform duties and responsibilities in a manner consistent with our mission, values, and client service standards.

**Daily Duties / Responsibilities:**

**Non-Technical:**

* Effectively interact and communicate with peer to Director-level IT professionals.
* Provide feedback to team regarding product issues, enhancements and new features.
* Must have initiative, drive and be a self-starter.
* Ability to ask pertinent questions of others.
* Proactively seek to identify, communicate and implement process related improvements.
* Effectively manage multiple tasks and activities concurrently and able to provide periodic status updates to key stakeholders
* Collaborate extensively with peers and management to resolve client
* issues while actively contributing to a growing knowledge network that improves the effectiveness of our team and the information available to our clients.
* Prioritize numerous issues of varying severity, and effectively manage the resolution of all issues within accepted service levels. This includes ownership of the data entered into the Helpdesk system and appropriately updating both client and appropriate employees of status of all issues on a timely basis.
* Good customer skills, be attentive to detail, and responsive to customer tickets.

**Technical:**

* Troubleshoot and recommend technical solutions for customer issues related to backup configuration and recovery.
* Develop workaround solutions as appropriate.
* Perform equipment and software upgrades.
* Maintain familiarity with current computer and network products .
* Mentors junior developers.
* Adhere to corporate information security guidelines and promote information security among coworkers.
* Performs other duties and special projects as assigned.

**Required Skills (rank in order of Importance):**

* 10+ years of Software Development Experience within the full SDLC
* 10+ Years of State Government Experience
* 5+ years Power BI experience
* 5+ years of OnBase experience
* 5+ years of HTML, JQuery, Jscript, VB development, design and coding experience.
* 5+ Years of Experience with Agile methodology.
* 5+ Years of Experience Strong SQL and SSIS.

**Preferred Skills (rank in order of Importance):**

* Hands-on business knowledge of business processes
* Familiarity with EDMS fundamentals and design
* Hands-on experience with cloud-based solutions

**Additional Skills:**

* Ability to communicate clearly and concisely, both orally and in writing.
* Ability to establish and maintain good working relationships with business users, management, vendors, and peers.
* Ability to mentor and lead small application teams.
* Strong business analysis skills with architecture and implementation experience.
* Ability to learn new applications and skillsets.
* Strong organizational, multi-tasking, and time-management skills.

**Required Education/Certifications:**

* A Bachelor's degree in information technology systems, computer science, or related field and four years of experience in information technology systems or related area.

**Preferred Education/Certifications:**

* Multiple Industry Certifications in field (Microsoft, Power Platform, Project Management)

**Benefits at IntelliBee**

* **Long-Term Stability:** Join us on a multi-year opportunities with room to grow.
* **Comprehensive Health Coverage:** Access quality healthcare benefits to keep you and your family well.
* **Future Planning:** Enroll in our 401(k) program and invest in your financial security.
* **GC Assistance:** We support immediate Green Card processing, if required.",2026-10-05,,,False,jobspy/indeed,8
Lead Software Engineer / LLM Engineer,,"New York, NY, US",https://www.indeed.com/viewjob?jk=f86afb08f19f964c,"**Job Title: Lead Software Engineer**

**Location: New York, NY**

**Experience: 10+ Years**

Job Description

We are seeking an experienced LLM Engineer with 10+ years of software engineering experience, including 4+ years dedicated to AI/ML. You will design, develop, fine-tune, and deploy state-of-the-art Large Language Models (LLMs) and Generative AI applications directly within our on-premises, air-gapped enterprise infrastructure.

In this role, you will lead the end-to-end lifecycle of local GenAI solutions—from self-hosted model serving and custom prompt engineering to fine-tuning open-weight models (e.g., Llama 3, Mistral, Qwen) while ensuring strict enterprise data privacy, security, and low latency.

Required Qualifications & Technical Skills

* **Experience:** 10+ years of overall software development experience, with 4+ years of hands-on experience in Machine Learning, Deep Learning, and AI.
* **Python Mastery:** Expert-level Python skills and deep familiarity with core AI ecosystems: PyTorch, TensorFlow, Hugging Face (transformers, peft, datasets, accelerate), spaCy, and Scikit-Learn.
* **Self-Hosted / Open-Source LLMs:** Hands-on experience working with open-weight foundation models (Llama, Mistral, Gemma, DeepSeek, Qwen) and local serving engines (vLLM, Ollama, TensorRT-LLM, Triton).
* **On-Prem Infrastructure & Orchestration:** Solid understanding of Linux, Docker/Kubernetes (OpenShift, Rancher, microK8s), local GPU orchestration, and CUDA driver configurations.
* **Deployments:** Proven track record of deploying at least one end-to-end GenAI application in a production environment.
* **Education & Core Competencies:** Bachelor’s or Master’s degree in Computer Science, Data Science, AI, or a related quantitative field. Strong problem-solving, analytical, and cross-functional communication skills.

Pay: $80.00 - $85.00 per hour

Work Location: In person",2026-10-05,80.0,85.0,False,jobspy/indeed,8
Senior Software Engineer – Go (Golang),General Motors,"Mountain View, CA",https://www.linkedin.com/jobs/view/4419973506,,2026-10-05,,,False,jobspy/linkedin,8
Senior Software Engineer – Go (Golang),General Motors,"Warren, MI",https://www.linkedin.com/jobs/view/4419969671,,2026-10-04,,,False,jobspy/linkedin,8
Firmware Engineering Internship (6-month Program),Microsoft,"Santa Clara, CA, US",https://www.indeed.com/viewjob?jk=a483009f3bfac904,"**Overview**  

Come build community, explore your passions and do your best work at Microsoft with thousands of University interns from every corner of the world. This opportunity will allow you to bring your aspirations, talent, potential—and excitement for the journey ahead.

As a Firmware Engineer Intern at Microsoft, you’ll work at the intersection of hardware and software, developing low-level code that enables devices, platforms, and datacenter systems to function reliably and efficiently. You’ll collaborate with experienced engineers across hardware, silicon, and system design teams to build, test, and debug firmware that powers Microsoft products.

At Microsoft, Interns work on real-world projects in collaboration with teams across the world, while having fun along the way. You’ll be empowered to build community, explore your passions and achieve your goals. This is your chance to bring your solutions and ideas to life while working on cutting-edge technology.

Academic credit may be available through the Microsoft Intern Program; university-specific requirements beyond academic credit are not supported. This internship opportunity begins 1 Feb, 2027 and spans a six-month period.

Microsoft’s mission is to empower every person and every organization on the planet to achieve more. As employees we come together with a growth mindset, innovate to empower others, and collaborate to realize our shared goals. Each day we build on our values of respect, integrity, and accountability to create a culture of inclusion where everyone can thrive at work and beyond.

#EiP

  
**Responsibilities**  

* Designs, develops, and debugs embedded software in C/C++ that implements the data plane & control plane for Layer 2-7 networking.
* Implements firmware features based on product and system requirements in collaboration with cross-functional engineering partners.
* Contributes to developer tests and system-level testing to ensure software quality and reliability.

  
**Qualifications**

**Required qualifications:**

* Currently pursuing a Bachelor's Degree in Electrical Engineering, Computer Engineering, Computer Science, or related field.
* Must have at least one additional quarter/semester of school remaining following the completion of the internship.

**Additional or Preferred qualifications:**

* Bachelor's Degree in Electrical Engineering, Computer Engineering, Mechanical Engineering, or related field AND 1+ years technical engineering experience
  + OR Master's Degree in Electrical Engineering, Computer Engineering, Mechanical Engineering, or related field
  + OR equivalent experience.

  
  
  

The base pay range for this internship is USD $5,690.00 - $11,210.00 per month. There is a different range applicable to specific work locations, within the San Francisco Bay area and New York City metropolitan area, and the base pay range for this role in those locations is USD $7,410.00 - $12,250.00 per month.

Certain roles may be eligible for benefits and other compensation. Find additional benefits and pay information here:  
https://careers.microsoft.com/us/en/us-intern-pay

Microsoft accepts applications and processes offers for these roles on an ongoing basis throughout the academic calendar  
(September - April)

This position will be open for a minimum of 5 days, with applications accepted on an ongoing basis until the position is filled.

Microsoft is an equal opportunity employer. All qualified applicants will receive consideration for employment without regard to age, ancestry, citizenship, color, family or medical care leave, gender identity or expression, genetic information, immigration status, marital status, medical condition, national origin, physical or mental disability, political affiliation, protected veteran or military status, race, ethnicity, religion, sex (including pregnancy), sexual orientation, or any other characteristic protected by applicable local laws, regulations and ordinances. If you need assistance with religious accommodations and/or a reasonable accommodation due to a disability during the application process**.**",2026-10-02,5690.0,12250.0,False,jobspy/indeed,8
Automation Controls Engineer,Prospance Inc,"Maumee, OH, US",https://www.indeed.com/viewjob?jk=93920f908a5cbe3d,"**Title:** Robot Engineers

**Location:** Toledo, OH and Normal, IL. - Candidates will spend 2-3 months in Toledo, OH and then will transition to Normal, IL. **Must be available to work onsite at both these sites.**

**Travel:** Pre-approved travel expenses will be included on top of the rate.

**Schedule:** Consultant will work 60 hours per week. 12 hours a day. Will need to work rotating shifts: am and pm.

**Key Skills:**  
**Robot engineers with experience in NACHI robots and Fanuc**  
I need robotics engineers specializing in NACHI robots, with sufficient experience to handle integration from scratch.

**Job Objective**  
The **Robotics Engineer** is responsible for the programming, integration, commissioning, and optimization of robotic arc welding (**MIG** systems utilizing **FANUC** and **NACHI** platforms within the automotive **Bodyshop**. The primary goal is to ensure the structural and geometric integrity of body-in-white (BIW) sub-assemblies, minimizing spatter, thermal distortion, and cycle times while maintaining a highly repeatable, production-ready process,also responsible for following and establishing programming standards based on process requirements and application types, from commissioning through to start-up.

**Core Responsibilities**

* **Path Generation & Optimization:** Program and refine complex MIG welding trajectories on NACHI robots, ensuring optimal torch angles (work and travel angles) and proper electrode stick-out.
* **Weld Process Optimization:** Configure and fine-tune welding parameter schedules directly on the robots to eliminate common defects such as porosity, lack of fusion, undercut, or excessive burn-through.
* **TCP Maintenance & Calibration:** Implement automatic Tool Center Point (TCP) check routines to ensure the robot maintains precise weld placement after consumable changes (contact tips, nozzles, or goosenecks).
* **Backup & Version Control:** Maintain clean, documented version history and periodic image backups of all robot controllers under your scope.

**Job Requirements**

* **Education:** Bachelor’s degree in Robotics, Mechatronics, Automation, Welding, Electromechanical Engineering, or a related field.
* **Experience:** Minimum of **5 years** of hands-on experience programming and integrating FANUC and NACHI robots, with a heavy focus (at least 2 years) on **MIG welding applications** in an automotive BIW/Bodyshop
* **Languages:** Professional working proficiency in English to interface with global tooling suppliers and corporate engineering standards.

**Technical Skills (Hard Skills)**

* **FANUC Programming (ArcTool):** Advanced mastery of the **FANUC ArcTool** software package, configuration of weld schedules, torch control, and tool coordinate system management (TCP/Weld Frame).
* **NACHI Programming (MIG/Arc):** Specialized configuration in NACHI controllers (FD/AX series) for arc applications, power source interfacing, and synchronization of travel speed with wire feed rate.
* **MIG/MAG Welding Technology:** Deep knowledge in adjusting and optimizing welding parameters (voltage, amperage, wire feed speed, gas flow) and transfer modes (short-circuit, globular, spray, pulsed arc).
* **Welding Peripherals:** Integration and maintenance of torch cleaning stations (*reamers*), wire cutters, neck aligners, and automated TCP calibration units.
* **Power Source Integration:** Communication setup and configuration of industrial interfaces (Digital/Analog, DeviceNet, EtherNet/IP) with leading power supplies such as **Fronius (TPS/i)**, **Lincoln Electric**, or **Miller**.
* **Robot Safety Systems:** Advanced implementation of safety software options, specifically **Fanuc Dual Check Safety (DCS)** and **Nachi RMU (Robot Monitoring Unit)** for collaborative or restricted zone control.

**Interpersonal Skills (Soft Skills)**

* **High-Pressure Troubleshooting:** Rapid root-cause analysis of critical hardware/software faults during high-volume automotive production runs.
* **Cross-Functional Collaboration:** Strong teamwork skills to interface seamlessly with PLC programmers, mechanical designers, weld quality inspectors, and maintenance technicians.

Pay: $60.00 - $65.00 per hour

Expected hours: 60.0 per week

Benefits:

* Relocation assistance

Experience:

* Nachi: 2 years (Required)
* Fanuc: 2 years (Required)

Work Location: In person",2026-10-05,60.0,65.0,False,jobspy/indeed,7
Azure DevOps Cloud Engineer,Intellibee Inc,"Mechanicsville, VA, US",https://www.indeed.com/viewjob?jk=a1ce778110ee1d0d,"The DevOps and Cloud Engineer supports VDOT ITD Tolling modernization by building secure, automated deployment processes and ensuring reliable delivery and update of services. The role standardizes CI/CD, improves availability, and cost efficiency.

**Core Responsibilities: DevOps & Cloud Engineering**

**CI/CD Engineering & Release Automation**

* Design, build, and maintain CI/CD pipelines in Azure DevOps (YAML and Classic) for microservices and APIs.
* Establish reusable pipeline templates, release standards, and guardrails for compliant, repeatable deployments.
* Implement secure secrets and key management using Azure Key Vault and managed identities in pipelines.
* Automate database deployment workflows (e.g., DACPAC/SQLCMD) and integrate migration steps into releases.
* Enable blue/green or automated rollback strategies to minimize downtime and risk.

**Environment Consistency & Observability**

* Standardize provisioning and configuration across Dev/QA/Prod environments; codify configuration baselines.
* Build monitoring dashboards and actionable alerts for pipeline and deployment health (App Insights, pipeline logs).
* Uphold DevOps best practices tailored to a compliant government environment.

**Azure Resource Engineering & Governance**

* Implement and maintain Azure services and governance standards (e.g., App Services, Function Apps, API Gateways/API Management, AKS) supporting Tolling workloads.
* Support identity and access management (e.g., Entra ID SSO and role assignments) following least-privilege principles.
* Ensure solutions are fault tolerant and highly available; coordinate change requests and rollback procedures.

**Monitoring, Troubleshooting & Reliability**

* Monitor Azure services and application workloads to ensure uptime and performance; perform diagnostic deep-dives with Azure Monitor and Log Analytics.
* Triage production incidents, drive timely resolution, and document root cause findings; participate in operational cycles and maintenance readiness checks.

**Compliance, Data Flows & Cost Awareness**

* Consider PCI or comparable regulatory requirements when evaluating system behavior, logging, and integrations.
* Understand end-to-end data flows across tolling systems (e.g., roadway data, financial transactions, reporting) and support optimization of integrations.
* Contribute to cloud cost visibility and optimization recommendations; align operational choices with governance and budget goals.

**Collaboration & Communication**

* Partner with architects, developers, DBAs, and engineers to align deployments with secure network and identity configurations; communicate clearly with stakeholders.

**Required Qualifications**

* Hands-on experience with Azure DevOps CI/CD (YAML & Classic).
* Azure application deployment engineering (e.g., App Services, Functions, Containers, APIs).
* Secure secrets & key management (Azure Key Vault, RBAC, managed identities).
* SQL deployment automation integrated with CI/CD.
* Logging & observability (App Insights, pipeline logs, dashboards, alerts).
* Infrastructure as Code (Terraform, Bicep, or ARM templates).
* Scripting & automation (PowerShell and/or Python).
* Experience with Azure administration/engineering in production environments.

**Desired Qualifications**

* Experience designing CI/CD standards or DevOps frameworks for microservices.
* Containerization & orchestration (Docker, AKS); registry-integrated build and release pipelines.
* Governance & compliance automation (Azure Policy, RBAC standards, pipeline guardrails).
* Experience with PCI or similar compliance frameworks.
* Exposure to cloud cost analysis and optimization in enterprise environments.
* Azure certifications (e.g., AZ‑104, AZ‑305, AZ-400) preferred.

**Skill Matrix:**

* Azure DevOps CI/CD (YAML & Classic) Required 4 Years
* Azure App Services / Functions / APIs / Containers Required 3 Years
* Secure Secrets & Key Management (Key Vault, RBAC, managed identities) Required 3 Years
* SQL Deployment Automation (DACPAC, SQLCMD, CI/CD-integrated DB migrations) Required 1 Years
* Environment Provisioning & Configuration (Dev/QA/Prod standardization) Required 3 Years
* Logging & Observability (App Insights, pipeline logs, dashboards, alerts) Required 3 Years
* Infrastructure as Code (Terraform/Bicep/ARM) Required 2 Years
* Identity & Access (Entra ID), least-privilege IAM Required 1 Years
* AKS / Containerization (Docker, Kubernetes) Desired 1 Years
* Governance & Compliance Automation (Azure Policy, RBAC, pipeline guardrails) Desired 1 Years
* PCI or similar compliance frameworks Required 1 Years
* Cloud Cost Analysis & Optimization Desired 1 Years

**Benefits at IntelliBee**

* **Long-Term Stability:** Join us on a multi-year opportunities with room to grow.
* **Comprehensive Health Coverage:** Access quality healthcare benefits to keep you and your family well.
* **Future Planning:** Enroll in our 401(k) program and invest in your financial security.
* **GC Assistance:** We support immediate Green Card processing, if required.",2026-10-05,,,False,jobspy/indeed,3
Technical Product Developer III/IV,Williams,"Tulsa, OK, US",https://www.indeed.com/viewjob?jk=280561ab83414602,"At Williams, we’re powering a cleaner, more connected future, and that starts with you. Here, your work fuels communities, drives innovation, and helps deliver reliable energy the world depends on. Join a Fortune 500 team that invests in your growth, values your contributions, and challenges you to make a lasting impact every day.

As a Software Developer IV, you will lead the design, development and documentations for enterprise software solutions. You will define technology strategy and set the technical direction for software projects while serving as a mentor to others on the team. The ability to prioritize projects and collaborate effectively with all levels of the organization are keys to success!

**Responsibilities/Expectations****:**
--------------------------------------

* Leads the design and development of sophisticated software solutions including hands-on development, testing, and debugging
* Defines technical vision and guides the team in architectural decisions
* Collaborates with partners to define project goals and requirements
* Provides technical leadership and mentorship to developers and teams
* Contributes to the documentation of software solutions and processes
* Other duties as assigned

**Education/Years of Experience****:**
--------------------------------------

* Required: High school diploma/GED, Vocational/Technical/ Business School, and a minimum of ten (10) years of software development experience
* Preferred: Bachelor's Degree, Computer Science or related field

**Other Requirements****:**
---------------------------

* Demonstrates outstanding organizational/communication skills and safety as the utmost priority
* Proficiency in Microsoft Office Applications
* Expert-level proficiency in relevant programming languages, frameworks, and technologies
* Deep understanding of software development lifecycle and methodologies
* Experience with crafting scalable and maintainable software systems
* Exceptional problem-solving and critical thinking skills
* Demonstrated leadership experience in guiding technical teams
* Proficiency in querying and crafting databases

**Why Tulsa?**
--------------

Because here, you don’t have to choose between career and lifestyle. Tulsa is a growing hub for innovation and energy, paired with a vibrant arts scene, great food, and a cost of living that actually lets you enjoy it all. Think shorter commutes, bigger impact and a community that feels like home from day one. Check out ExperienceTulsa.com to learn more.

We invest in our people in ways that actually show up in your day-to-day, not just on paper. Our Total Rewards are built to support how you work, live, and plan for what’s next.

Here’s a look at what that means:

  

* Strong pay plus an annual incentive program
* Hybrid work for most office roles, plus real flexibility in many field positions
* Medical, dental, and vision coverage with options that fit your life, not the other way around
* 401(k) with company match and an annual company contribution
* Paid time off, including company and floating holidays
* Paid parental leave (up to six weeks per parent), plus fertility and adoption support
* Advanced AI tools and resources to help level up and work smarter
* Clear paths to grow your career, with a strong culture of promoting from within
* Tuition reimbursement and support for continuing education
* HSA and FSA options
* Company-paid life insurance and disability coverage
* Employee stock purchase plan
* Domestic partner benefits
* Employee resource groups, wellness support, paid volunteer time, and company matching for causes you care about

*Eligibility and benefits are governed by the terms of the applicable plan or program document which can be amended or terminated at any time.*

For more information, please visit Total Rewards | Williams Companies.

Williams is committed to creating a diverse and inclusive environment and is proud to be an equal opportunity employer. All qualified applicants will receive consideration for employment without regard to race, color, religion, sex, sexual orientation, gender identity and expression, national origin, age, marital status, disability, veteran status, genetic information or any other basis protected under applicable discrimination law.

**Education Requirements:**
---------------------------

**Skill Requirements:**",2026-10-05,,,False,jobspy/indeed,3
Programmer,City of New York,"New York, NY, US",https://www.indeed.com/viewjob?jk=2801aef41dce93db,"**Job Description**

The Office of the District Attorney, Bronx County (“BXDA”) is charged with the twin goals of ensuring public safety and striving for equal justice for the over 1.4 million members of the Bronx County community. By “Pursuing Justice with Integrity,” the BXDA places a focus on assistance for crime victims while simultaneously ensuring fairness to defendants. Moreover, the BXDA aims to balance the need to seek appropriate punishment for certain crimes while recognizing when punitive measures do not adequately advance justice. By recognizing these significant distinctions and acting accordingly, BXDA has established a standard of excellence in the representation of the Bronx community at large, which continues to grow stronger every day.  
In furtherance of this mission, the BXDA seeks experienced and enthusiastic Programmer.  
  
  
JOB RESPONSIBILITIES:  
  

* Collaborate with end users and team leads to understand and evaluate business requirements
* Design, develop, and implement applications / websites to support in-house business processes
* Conduct tests, identify errors, and resolve issues in applications
* Perform maintenance, troubleshooting, and debugging
* Help with the software implementations by providing training and support for the staff who will operate and maintain the software/application
* Analyzing data to recommend improvements to existing systems or processes
* Gather and document system requirements, and follow Software Development Life Cycle (SDLC) Agile/Waterfall methodologies to deliver code releases
* Provide production support and maintain existing systems by researching and troubleshooting any problems

  
COMMUNITY COORDINATOR - 56058

 **Qualifications**

1. A baccalaureate degree from an accredited college and two years of experience in community work or community centered activities in an area related to the duties described above; or  
2. High school graduation or equivalent and six years of experience in community work or community centered activities in an area related to the duties as described above; or  
3. Education and/or experience which is equivalent to ""1"" or ""2"" above. However, all candidates must have at least one year of experience as described in ""1"" above.

 **Additional Information**

The City of New York is an inclusive equal opportunity employer committed to recruiting and retaining a diverse workforce and providing a work environment that is free from discrimination and harassment based upon any legally protected status or protected characteristic, including but not limited to an individual's sex, race, color, ethnicity, national origin, age, religion, disability, sexual orientation, veteran status, gender identity, or pregnancy.",2026-10-05,,,False,jobspy/indeed,3
"Principal Software Engineer, Perception Platform and AI Systems",Microsoft,"Redmond, WA, US",https://www.indeed.com/viewjob?jk=0fc2582731cacc3b,"**Overview**

Security represents one of the most critical priorities for our customers in a world of evolving digital threats, increasing regulatory requirements, growing estate complexity, and rapid advances in AI. Microsoft Security aspires to make the world a safer place by empowering every user, customer, and developer with integrated security solutions that protect across heterogeneous environments.

Perception is an advanced AI platform designed to empower security and IT teams to operate at the speed and scale of AI while adhering to Microsoft's responsible AI principles.

We are looking for a **Principal Software Engineer** to provide technical leadership for the evolution of the Perception Platform and drive foundational AI and platform investments across Microsoft Security. You will define architecture and engineering strategy for sophisticated Generative AI, Retrieval-Augmented Generation (RAG), memory, reasoning, agentic and multi-agent systems, identity and authorization, AI safety, and distributed cloud platforms operating in security-sensitive enterprise environments.

Combining deep distributed systems and cloud platform expertise with strong AI systems architecture experience, you will establish architectural patterns that enable multiple engineering teams and Microsoft Security products to build secure, reliable, compliant, and scalable AI-powered experiences on common platform foundations. You will operate across organizational and product boundaries to translate ambiguous business and product requirements into durable technical architectures, drive alignment among senior technical leaders, and identify opportunities for MSEC-wide engineering leverage.

Microsoft’s mission is to empower every person and every organization on the planet to achieve more. As employees we come together with a growth mindset, innovate to empower others, and collaborate to realize our shared goals. Each day we build on our values of respect, integrity, and accountability to create a culture of inclusion where everyone can thrive at work and beyond.

 **Responsibilities**  

* **Define the architecture and long-term technical strategy** for enterprise AI platform capabilities spanning generative AI, retrieval, memory, reasoning, agent orchestration, model interaction, execution, evaluation, extensibility, security, and safety.
* **Architect production-grade AI and Retrieval-Augmented Generation (RAG) systems,** including data ingestion, indexing, embeddings, semantic and hybrid retrieval, context construction, grounding, provenance, re-ranking, and retrieval evaluation.
* **Design enterprise AI memory and knowledge architectures** that manage conversational context, durable memory, organizational knowledge, and retrieved information while addressing authorization, provenance, freshness, retention, correction, deletion, and compliance requirements.
* **Architect agentic and multi-agent AI systems** that support planning, reasoning, tool use, task decomposition, delegation, collaboration, state and memory management, human-in-the-loop patterns, failure recovery, and bounded autonomous execution.
* **Define identity, authentication, and authorization architectures for AI agents,** including user, workload, service, and agent identities; Role-Based Access Control (RBAC); delegated authorization; least-privilege access; multi-tenant isolation; and secure propagation of identity and authorization context across distributed workflows.
* **Establish security, safety, and execution guardrails** that protect AI systems against prompt injection, malicious or untrusted content, unsafe tool invocation, data exfiltration, privilege escalation, unauthorized delegation, excessive agency, and cross-tenant access.
* **Design AI architectures that enforce authorization and trust throughout retrieval and execution,** ensuring agents access only permitted data and that AI-generated plans, decisions, and tool calls are independently validated against applicable security, authorization, safety, and compliance policies.
* **Establish end-to-end reliability, evaluation, and observability frameworks** for distributed AI systems, covering retrieval and model quality, grounding, agent behavior, authorization decisions, tool execution, task completion, safety, telemetry, regression detection, failure recovery, and graceful degradation.
* **Partner across engineering, research, product, security, privacy, and compliance organizations** to translate evolving AI capabilities, risks, and enterprise requirements into scalable architectures and balance quality with reliability, latency, cost, security, safety, and operational complexity.
* **Provide Principal-level technical leadership across Microsoft Security AI platform investments**, driving architectural convergence, reusable APIs and frameworks, reference architectures, technical design reviews, foundational investments, and alignment across organizations while mentoring senior engineers and technical leaders.

  
**Qualifications**

**Required Qualifications:**

* Bachelor's Degree in Computer Science or related technical field AND 6+ years technical engineering experience with coding in languages including, but not limited to, C, C++, C#, Java, Go, JavaScript, or Python
  + OR equivalent experience

**Other Requirements**: Ability to meet Microsoft, customer and/or government security screening requirements are required for this role. These requirements include, but are not limited to the following specialized security screenings:

* **Microsoft Cloud Background Check:** This position will be required to pass the Microsoft background and Microsoft Cloud background check upon hire/transfer and every two years thereafter.

**Preferred Qualifications:**

* Master's Degree in Computer Science or related technical field AND 8+ years technical engineering experience with coding in languages including, but not limited to, C, C++, C#, Java, Go, JavaScript, or Python
  + OR Bachelor's Degree in Computer Science or related technical field AND 12+ years technical engineering experience with coding in languages including, but not limited to, C, C++, C#, Java, Go, JavaScript, or Python
  + OR equivalent experience.
* Extensive experience architecting, building, and operating large-scale distributed systems, cloud services, enterprise platforms, or AI platforms in production environments.
* Deep experience with Generative AI and AI systems architecture, including model orchestration, retrieval/RAG, semantic search, memory, context management, tool use, evaluation, safety, and production operationalization.
* Experience designing agentic and multi-agent AI systems, including planning, reasoning, orchestration, delegation, collaboration, state and memory management, tool use, long-running execution, and failure recovery.
* Experience establishing reusable engineering patterns, frameworks, and platform capabilities for reliable, secure, observable, and scalable AI and agentic systems.
* Deep experience designing identity, authentication, and authorization architectures for autonomous or agentic systems, including user, application, workload, service, and agent identities.
* Expertise in RBAC, policy-based and resource-level authorization, least privilege, scoped permissions, delegated authorization, and multi-tenant isolation, including securing delegation chains and preventing privilege escalation or unauthorized cross-tenant access.
* Demonstrated ability to provide technical leadership across complex, ambiguous initiatives, translating business, product, and security requirements into durable architectures, technical standards, and long-term engineering strategies across multiple teams or organizations.
* Demonstrated technical leadership and communication skills, with experience influencing architectural decisions across organizational boundaries, mentoring senior engineers, establishing engineering standards, and communicating complex technical decisions, risks, and tradeoffs to engineering and leadership audiences.

#MSFTSecurity #SCEM #Perception #AI #Fleetofagents

  
  
  

Software Engineering IC5 - The typical base pay range for this role across the U.S. is USD $142,800 - $274,800 per year. There is a different range applicable to specific work locations, within the San Francisco Bay area and New York City metropolitan area, and the base pay range for this role in those locations is USD $188,000 - $304,200 per year.

Certain roles may be eligible for benefits and other compensation. Find additional benefits and pay information here:  
https://careers.microsoft.com/us/en/us-corporate-pay

This position will be open for a minimum of 5 days, with applications accepted on an ongoing basis until the position is filled.

Microsoft is an equal opportunity employer. All qualified applicants will receive consideration for employment without regard to age, ancestry, citizenship, color, family or medical care leave, gender identity or expression, genetic information, immigration status, marital status, medical condition, national origin, physical or mental disability, political affiliation, protected veteran or military status, race, ethnicity, religion, sex (including pregnancy), sexual orientation, or any other characteristic protected by applicable local laws, regulations and ordinances. If you need assistance with religious accommodations and/or a reasonable accommodation due to a disability during the application process**.**",2026-10-01,142800.0,304200.0,False,jobspy/indeed,3
Staff Software Engineer - Web Full Stack,PayPal,"San Jose, CA, US",https://www.indeed.com/viewjob?jk=b789b700fd00ba38,"**The Company**

PayPal has been revolutionizing commerce globally for more than 25 years. Creating innovative experiences that make moving money, selling, and shopping simple, personalized, and secure, PayPal empowers consumers and businesses in approximately 200 markets to join and thrive in the global economy.

We operate a global, two-sided network at scale that connects hundreds of millions of merchants and consumers. We help merchants and consumers connect, transact, and complete payments, whether they are online or in person. PayPal is more than a connection to third-party payment networks. We provide proprietary payment solutions accepted by merchants that enable the completion of payments on our platform on behalf of our customers.

We offer our customers the flexibility to use their accounts to purchase and receive payments for goods and services, as well as the ability to transfer and withdraw funds. We enable consumers to exchange funds more safely with merchants using a variety of funding sources, which may include a bank account, a PayPal or Venmo account balance, PayPal and Venmo branded credit products, a credit card, a debit card, certain cryptocurrencies, or other stored value products such as gift cards, and eligible credit card rewards. Our PayPal, Venmo, and Xoom products also make it safer and simpler for friends and family to transfer funds to each other. We offer merchants an end-to-end payments solution that provides authorization and settlement capabilities, as well as instant access to funds and payouts. We also help merchants connect with their customers, process exchanges and returns, and manage risk. We enable consumers to engage in cross-border shopping and merchants to extend their global reach while reducing the complexity and friction involved in enabling cross-border trade.

Our beliefs are the foundation for how we conduct business every day. We live each day guided by our core values of Inclusion, Innovation, Collaboration, and Wellness. Together, our values ensure that we work together as one global team with our customers at the center of everything we do – and they push us to ensure we take care of ourselves, each other, and our communities.

**Job Summary:**

As a Staff Software Engineer on the PayPal Promotions Platform, you'll shape the self-service tools that let PayPal and Venmo marketers build and manage campaigns across a wide range of offer types. You'll lead the design and development of React-based web applications that are scalable, performant, and secure, and you'll raise the bar for engineering practice across the teams you work with.

**Job Description:**

**Essential Responsibilities:**

* Acts as a project or system leader, coordinating the activities of other engineers on the project or within the system
* Determines the technical tasks that other engineers will follow
* Actions result in the achievement of customer, operational, program or service objectives
* Proactively improves existing structures & processes
* Exercises judgement in reconciling diverse and competing priorities (time, quality, complexity risk) to identify optimal solutions to problems
* Notices patterns and condenses repetition into densely meaningful generalized solutions
* Collaborates with management to set/improve standards for engineering rigor
* Trusted to represent PayPal, Inc to the outside world via interactions with partners, customers, or industry organizations

**Minimum Qualifications:**

* 5+ years relevant experience and a Bachelor’s degree OR Any equivalent combination of education and experience.

**Additional Responsibilities & Preferred Qualifications****:**

### **Additional Responsibilities**

* Lead the design, development, and evolution of self-service campaign tools for PayPal and Venmo marketers.
* Set technical direction, lead large-scale projects, coordinate engineering efforts, and align teams toward shared objectives.
* Drive architectural decisions and establish engineering standards, including coding conventions, design patterns, review practices, and long-term technical strategy.
* Partner with backend, platform, infrastructure, and product teams to deliver scalable, end-to-end solutions.
* Mentor engineers through design reviews, code reviews, and day-to-day problem solving while elevating overall team performance.
* Resolve complex technical challenges and develop reusable solutions while balancing performance, scalability, maintainability, reliability, and risk.
* Represent PayPal with external partners, customers, industry organizations, and developer communities.
  

  

### **Preferred Qualifications**

* 8+ years of relevant software engineering experience and a Bachelor’s degree in Computer Science, a related field, or equivalent practical experience.
* Deep expertise in JavaScript, TypeScript, and React, with strong knowledge of front-end architecture, component frameworks, build systems, and packaging.
* Solid understanding of backend systems and API integration patterns, with the ability to collaborate effectively with backend teams.
* Proven ability to influence architecture decisions, build consensus, and drive alignment across diverse teams.
* Demonstrated success mentoring engineers and improving team performance through guidance, feedback, and technical leadership.
* Sound judgment in ambiguous or high-stakes technical situations, with the ability to balance competing priorities and tradeoffs.
* Excellent communication and collaboration skills, including the ability to translate technical goals into actionable business and engineering outcomes.

**Subsidiary:**

PayPal

**Travel Percent:**

0



The base pay for this role will depend on where you work and the relevant experience and expertise you bring. The expected range of pay for this role by location is:  
  

**Primary Location | Pay Range:**

San Jose, California: ($176,500.00 - $262,350.00 Annually)  
  
  

**Additional Location(s) | Pay Range:**

No other locations are assigned to this requisition currently.
  
  
Additional compensation for this role may include an annual performance bonus, equity, or other incentive compensation, as applicable.

PayPal does not charge candidates any fees for courses, applications, resume reviews, interviews, background checks, or onboarding. When making an application directly, we will never ask you to share passwords, one-time passcodes (OTP), or verification codes. Any such request is a red flag and likely part of a scam. All communication regarding your application will come from official PayPal email domains. If you suspect fraudulent activity, please report it immediately. To learn more about how to identify and avoid recruitment fraud please visit https://careers.pypl.com/contact-us.

For the majority of employees, PayPal's balanced hybrid work model offers 3 days in the office for effective in-person collaboration and 2 days at your choice of either the PayPal office or your home workspace, ensuring that you equally have the benefits and conveniences of both locations.

**Our Benefits:**

At PayPal, we’re committed to building an equitable and inclusive global economy. And we can’t do this without our most important asset-you. That’s why we offer comprehensive, choice-based programs, to support all aspects of personal wellbeing—physical, emotional, and financial—delivering meaningful value where it matters most. We strive to create a flexible, balanced work culture with a holistic approach to benefits, including generous paid time off, healthcare coverage for you and your family, and resources to create financial security and support your mental health.

**Who We Are:**

  

**Commitment to Diversity and Inclusion**

PayPal provides equal employment opportunity (EEO) to all persons regardless of age, color, national origin, citizenship status, physical or mental disability, race, religion, creed, gender, sex, pregnancy, sexual orientation, gender identity and/or expression, genetic information, marital status, status with regard to public assistance, veteran status, or any other characteristic protected by federal, state, or local law. In addition, PayPal will provide reasonable accommodations for qualified individuals with disabilities. If you are unable to submit an application because of incompatible assistive technology or a disability, please contact us at paypalglobaltalentacquisition@paypal.com.

**Belonging at PayPal:**

Our employees are central to advancing our mission, and we strive to create an environment where everyone can do their best work with a sense of purpose and belonging. Belonging at PayPal means creating a workplace with a sense of acceptance and security where all employees feel included and valued. We are proud to have a diverse workforce reflective of the merchants, consumers, and communities that we serve, and we continue to take tangible actions to cultivate inclusivity and belonging at PayPal.

Any general requests for consideration of your skills, please Join our Talent Community.

We know the confidence gap and imposter syndrome can get in the way of meeting spectacular candidates. Please don’t hesitate to apply.",2026-10-05,176500.0,262350.0,False,jobspy/indeed,2
Sr Software Engineer,Space Ground System Solutions,"Colorado Springs, CO, US",https://www.indeed.com/viewjob?jk=fcecb55fa5dbf13a,"Space Ground System Solutions, a Parsons company, has an immediate full-time opening for a software engineer, responsible for software integration and development of the Virtual Mission Operations Center (VMOC) software. This position requires a motivated individual who seeks to work in a team environment where creative solutions are encouraged, and technical challenges are the norm.

JOB RESPONSIBILITIES

* Perform analysis of requirements and software documentation
* Complete research on new technologies or methodologies for the purpose of implementing complex workflows
* Develop and document improvements to the VMOC software system
* Communicate effectively with customers, management, and other developers to aid and provide guidance in designing new features as well as determining defect fixes
* Ability to work in an Agile environment

REQUIRED SKILLS AND QUALIFICATIONS

* Active DoD Top Secret clearance required
* Must be a U.S. citizen
* Bachelor's Degree in relevant field (i.e., Computer Science, Software Engineer, Information Technology) or equivalent combination of military service, professional IT/cybersecurity certification, and program management experience, plus 15 years of related experience
* Minimum of ten (10) years' professional Software Development experience
* Experience in Linux (Redhat preferred)
* Experience in Object Oriented Development (Java EE)
* Experience with relational databases (PostGreSQL)
* Experience with development of software application program interfaces (APIs)
* Experience with cloud software and containerized development (Docker, Kubernetes)
* Understanding of microservice applications
* Excellent communication and teamwork skills
* Problem solving capabilities to diagnose and troubleshoot problems

PREFERRED SKILLS AND QUALIFICATIONS

* Experience with Spring/Springboot application development
* Experience with Java EE application development
* Experience defining and deploying Kubernetes primitives (pods, services, deployments)
* Use of Atlassian Collaboration Tools (JIRA, Confluence, Gitlab)
* Web security technologies and best practices.
* GUI/UI/UX development experience

=======================================================

Space Ground Systems Solutions (SGSS), a wholly owned subsidiary under the Parsons Corporation, is passionate about making our nation the undisputed leader in Space because we understand that ensuring our security for future generations depends on it. We have emerged as a leader in the development of cutting-edge solutions for the Department of Defense and Intelligence Community. Our tremendous success can be attributed to our people and our priorities. Do you want to be part of a team that is helping the government solve major national security challenges in the space domain? We need your help.

SGSS believes in taking care of their employees by offering:

* ALL benefits fully funded, for your entire family
* + this includes Medical/Dental/Vision/Group Life/STD/LTD - no employee premiums
* SGSS funded HSA (Health Savings Account) provided
* + with SGSS funding the maximum amount allowed by the IRS
* Retirement Savings Plan (RSP/401k) with a 20% annual company contribution - no employee contribution required

=======================================================

Applicants selected for this position will be subject to a government security investigation and must meet eligibility requirements for access to classified information or applicants who are eligible for security clearances.

SGSS is an equal opportunity employer, and all qualified applicants will receive consideration for employment without regard to race, color, religion, sex, national origin, disability, veteran status or any other protected status.",2026-10-02,128960.0,189280.0,False,jobspy/indeed,2
Software Test Engineer,Space Ground System Solutions,"Colorado Springs, CO, US",https://www.indeed.com/viewjob?jk=260becb835c4dfb7,"Space Ground System Solutions, a Parsons company, has an immediate, full-time opening for a Software Test Engineer, responsible for software integration and development of the Virtual Mission Operations Center (VMOC) software. This position requires a motivated individual who seeks to work in a team environment where creative solutions are encouraged, and technical challenges are the norm.

**JOB RESPONSIBILITIES**

* Analyze requirements, user stories, and documentation, and confer with internal and external stakeholders, to aid in verification of new features.
* Create and execute automated test scripts to aid in smoke and regression testing.
* Create, execute, and maintain test plans, test cases, and test procedures for feature and regression testing.
* Troubleshoot software system issues and work with other developers and testers to resolve test anomalies.
* Work as an effective team member across multiple disciplines (e.g. systems engineering, software development, configuration management).
* Ability to support multiple Agile teams simultaneously

**REQUIRED SKILLS AND QUALIFICATIONS**

* Must have an active DoD Secret security clearance
* Must be a U.S. citizen
* Bachelor's Degree in relevant field (i.e., Computer Science, Software Engineer, Information Technology)
* Minimum of 5 years' professional software testing experience.
* Proven ability to identify and troubleshoot potential software defects.
* Proven ability to effectively communicate with developers to investigate and resolve test anomalies.
* Experience designing, developing, and executing test cases.
* Experience with Object-Orientated Development concepts.
* Experience with cloud computing concepts.
* Experience with Unix based operating systems and the command line interface.
* Experience with test automation tools (e.g. Selenium).
* Experience interacting with relational databases (e.g. MySQL, PostgreSql).
* Experience testing software application program interfaces (APIs).
* Experience writing and executing test scripts (e.g. JavaScript, Python).
* Excellent communication and teamwork skills
* Problem solving capabilities to diagnose and troubleshoot problems

**PREFERRED SKILLS AND QUALIFICATIONS**

* Experience with performance and stress testing concepts and familiarity with performance measurement tools (e.g. JMeter, Prometheus)
* Experience with Atlassian Software Development and Collaboration Tools (JIRA, Confluence, Bitbucket etc.)
* Familiarity with Satellite Systems, Satellite Operations, and/or Aerospace Engineering concepts
* Familiarity with continuous integration techniques and technologies
* Familiarity with Agile development concepts

Space Ground Systems Solutions (SGSS), a wholly owned subsidiary under the Parsons Corporation, is passionate about making our nation the undisputed leader in Space because we understand that ensuring our security for future generations depends on it. We have emerged as a leader in the development of cutting-edge solutions for the Department of Defense and Intelligence Community. Our tremendous success can be attributed to our people and our priorities. Do you want to be part of a team that is helping the government solve major national security challenges in the space domain? We need your help.

SGSS believes in taking care of their employees by offering:

* **ALL benefits fully funded**, for your entire family
* + this includes Medical/Dental/Vision/Group Life/STD/LTD - no employee premiums
* SGSS **funded** HSA (Health Savings Account) provided
* + with SGSS funding the maximum amount allowed by the IRS
* Retirement Savings Plan (RSP/401k) with a **20%** annual company contribution - no employee contribution required

=======================================================

Applicants selected for this position will be subject to a government security investigation and must meet eligibility requirements for access to classified information or applicants who are eligible for security clearances.

SGSS is an equal opportunity employer, and all qualified applicants will receive consideration for employment without regard to race, color, religion, sex, national origin, disability, veteran status or any other protected status.",2026-10-02,124800.0,176800.0,False,jobspy/indeed,2
Staff Software Engineer (Hybrid),Insulet Corporation,"Acton, MA, US",https://www.indeed.com/viewjob?jk=c7a9c44174820eab,"Job Summary

This role is responsible for supporting embedded software development for Insulet's medical devices throughout the entire software lifecycle, including design, development, testing, maintenance, and continuous improvement. The ideal candidate is a collaborative and adaptable engineer who takes ownership of team priorities, contributes across multiple areas, and works effectively in a regulated, cross-functional environment to deliver high-quality software solutions.&#xa;&#xa;

We are looking for a collaborative and adaptable Staff Software Engineer to join the Life Cycle Engineering (LCE) team supporting Insulet's embedded software for medical products. This role contributes across the full software lifecycle—including design, implementation, testing, documentation, maintenance, and continuous improvement—in a regulated, multidisciplinary environment.

Success in this role means taking ownership of the work needed by the team, whether that involves new feature development, defect resolution, design documentation, test support, or cross-functional integration. We value engineers who communicate openly, bring positive energy to the team, and approach every assignment as an opportunity to strengthen the product and help teammates succeed.
  
  
Responsibilities:

* Design, develop, test, document, and maintain embedded software for new and existing Insulet products

* Own assigned work end-to-end—including implementation, debugging, documentation, and verification—with a strong commitment to quality, completeness, and successful delivery

* Analyze, troubleshoot, and resolve complex software and system issues spanning multiple components, disciplines, or product generations

* Apply sound engineering judgment to evaluate technical tradeoffs, investigate root causes, and drive issues to resolution with minimal supervision

* Ensure software designs and development activities comply with company policies and applicable regulatory requirements for medical devices.

* Create and maintain design documentation, requirements, and test artifacts as a routine part of engineering work

* Partner with Quality, Regulatory, Marketing, Manufacturing, and other cross-functional teams to ensure solutions meet technical, regulatory, and business requirements.

* Collaborate closely with software, software quality, and hardware engineers to integrate, debug, and test system functionality.

* Participate constructively in design reviews, code reviews, and team planning; share knowledge and help teammates succeed.

* Adapt to changing team and product priorities by contributing across development, maintenance, and support activities as needed.

* Provide technical leadership when appropriate, helping guide design decisions, mentor team members, and drive technical excellence.

Perform other duties as required.  



**Basic Requirements:**

* Bachelor's degree in software engineering, Computer Science, or a related field and 10+ years of relevant work experience; or a master's degree in related field and 8+ years of relevant experience.

* Strong programming skills in C and/or C++.

* Hands-on experience with Embedded Systems

* Experience developing embedded software for ARM, TI, MSP, or similar microcontroller-based systems is required

* Demonstrated ability to contribute effectively on a shared codebase and collaborate with internal and external team members

* Willingness to lead technically when needed — mentoring, reviewing, or guiding an area of the design — while remaining hands-on and team-oriented
* Knowledge of I2C, SPI, Flash, EEPROM and/or USB

* Familiarity with communication systems and/or wireless protocols (BLE a plus)

* Medical device or other regulated-industry experience

* Knowledge of OS concepts (threading, mutual exclusion, interrupts, deadlock avoidance)

* Understanding of RTOS and real time systems

* Object-oriented design where applicable

* Ability to read electrical schematics

* Familiarity with Agile or other SDLC practice

**Physical Requirements:**

* General office environment, may sit for long periods of time

Additional Information:

Insulet Corporation (NASDAQ: PODD), headquartered in Massachusetts, is an innovative medical device company dedicated to simplifying life for people with diabetes and other conditions through its Omnipod product platform. The Omnipod Insulin Management System provides a unique alternative to traditional insulin delivery methods. With its simple, wearable design, the tubeless disposable Pod provides up to three days of non-stop insulin delivery, without the need to see or handle a needle. Insulet’s flagship innovation, the Omnipod 5 Automated Insulin Delivery System, integrates with a continuous glucose monitor to manage blood sugar with no multiple daily injections, zero fingersticks, and can be controlled by a compatible personal smartphone in the U.S. or by the Omnipod 5 Controller. Insulet also leverages the unique design of its Pod by tailoring its Omnipod technology platform for the delivery of non-insulin subcutaneous drugs across other therapeutic areas. For more information, please visit insulet.com and omnipod.com.
  
  
We are looking for highly motivated, performance-driven individuals to be a part of our expanding team. We do this by hiring amazing people guided by shared values who exceed customer expectations. Our continued success depends on it!

At Insulet Corporation all qualified applicants will receive consideration for employment without regard to race, color, religion, sex, sexual orientation, gender identity, national origin, disability, or status as a protected veteran.

( Know Your Rights )",2026-10-05,,,False,jobspy/indeed,0
Intern - Application Development - Claims,Blue Cross and Blue Shield of Alabama,"Birmingham, AL, US",https://www.indeed.com/viewjob?jk=0d94060cd0b194d5,"**Overview**
------------

**Department Overview**
-----------------------

  

The Application Development division develops, implements, and supports information technology solutions that are either internally developed or purchased from a third party vendor. These applications and systems provide solutions to corporate data processing and information needs. The incumbent manages the efforts of direct reports, providing analysis and project management direction, and reviews the applications and systems developed to ensure they meet requirements of the organization. The incumbent works closely with managers and associates throughout the corporation in order to facilitate understanding of their information system needs.

**Primary Responsibilities**
----------------------------

  

The Intern position is designed for student workers who are still completing their education. The internship program is designed to provide practical work experience as well as exposure to our business environment. Intern positions are of limited duration and are designed to provide daily oversight with emphasis on training and development of the student.

**Summary of Qualifications**
-----------------------------

* Status as a college student or recent college graduate of an educational institution
* Experience working with various Microsoft Office programs
* Experience interpreting and communicating information orally and written
* Experience researching and analyzing data
* Experience working independently as well as in a team environment
* Experience identifying and solving problems
* Must have a 3.0 GPA or consistent work/extracurricular activities if lower
* Pursuit of a degree in Computer Science, MIS, Engineering, or Mathematics preferred
* Completion of at least one Computer Science class where software development/programming was a part of the coursework preferred
* Interest in Application Development preferred
* Basic knowledge of web development is ideal
* Basic knowledge of computer programming preferred (Ex. Java, JavaScript, .Net, OOP Concepts-Object Oriented Programming, and Data Structures)
* Basic knowledge of database and SQL queries preferred
* Basic knowledge of Artificial Intelligence (AI) tools and technologies, with the ability to leverage them to improve productivity, efficiency, and business outcomes preferred
* College senior or recent graduate strongly preferred

**Work Location**
-----------------

  

The work schedule for this position will be hybrid (onsite/remote). Business areas reserve the right to require associates to return to the office as needed, based on performance or other business considerations. A hybrid work schedule is subject to amendment or termination at any time by the Company.

**Terms and Agreements**
------------------------

  

By submitting a job application, I attest that all information to the best of my knowledge is true and accurate. Furthermore, I understand that any information provided by me throughout the job application process is subject to verification including, but not limited to work experience, education, assessment (test) and interviews. We appreciate your interest in Blue Cross and Blue Shield of Alabama 'The Company'. The Company does not discriminate in hiring or employment on the basis of race, color, religion, creed, sex, sexual orientation, gender identity, national origin, age, disability, genetics, status as a disabled or protected veteran, or because of citizenship status in the case of a citizen or intending citizen. No question on this application is intended to secure information to be used for such discrimination. Blue Cross and Blue Shield of Alabama is an independent licensee of the Blue Cross and Blue Shield Association.",2026-10-05,,,False,jobspy/indeed,0
Application Developer - Web (.NET),State of Nebraska,"Lincoln, NE, US",https://www.indeed.com/viewjob?jk=e8ef6c50fadb3525,"**The work we do matters!**

**Hiring Agency:**

Health & Human Services - Agency 25  

**Location:**

Lincoln, NE  

**Hiring Rate:**

$30.008  

**Job Posting:**

JR2026-00029602 Application Developer - Web (.NET) (Open)  

**Applications No Longer Accepted On** (If no date is displayed, job is posted as open until closed):

10-13-2026  

**Job Description:**

This position is part of an Applications Development team responsible for providing IT programming services to the Department of Health and Human Services (DHHS) staff. Under the Information Services and Technology Web Solutions team, the role involves working on projects across multiple business areas within the DHHS agency. The systems are developed using the Microsoft ASP.NET framework, Microsoft Visual C#, Telerik DevCraft toolset, and Microsoft SQL.
  
  
This is a full-time/permanent on-site role in Lincoln, Nebraska. Not eligible to be a contracted or remote position.
  
  
\*\*The Nebraska Department of Health and Human Services does not sponsor or transfer non-immigrant work visas for this position or accept STEM OPT (form i-983) at any time. \*\*  
  

**Examples of Work**

  

Under general direction, the individual in this role will be responsible for all phases of the development lifecycle and maintenance of assigned computer applications. This includes:

  

* Communicating with business analysts to determine system requirements.
* Researching system enhancements and addressing issues.
* Performing analysis and design for computer applications.
* Writing code and conducting tests.
Completing related tasks as assigned.  

  

The role involves working directly with business and technical staff to determine technical solutions for business requirements. The individual will design, code, and test both front-end and back-end applications and will have full technical knowledge of all phases of application development. The role also provides production support for both small and large applications, ensuring the resolution of issues in a timely manner.

  

**Requirements/Qualifications**

**Minimum Qualifications** : Experience, education, or training in coding computer applications.

  

**Preferred Qualifications:**

* A bachelor’s degree or equivalent in computer science, information systems, mathematics, engineering, or a related field, and 2 years of experience, education, or training in coding computer applications. Programming experience may be substituted for education on a year-for-year basis.
* Experience working as part of a software development team, utilizing structured procedures and guidelines.
* Experience in researching and resolving online production support issues, with the ability to solve problems within tight timeframes.
* Two (2) years of experience with ASP.NET Core.
* Two (2) years of experience with ASP.NET MVC.
* One (2) years of experience using the Telerik Kendo UI for ASP.NET Core MVC.
* Two (2) years of experience with C# programming.
* One (1) years of experience writing complex SQL queries and stored procedures with MS SQL Server.
* One (1) years of experience using SQL Server Reporting Services (SSRS).
* One (1) years of experience using Visual Studio.
* One (1) years of experience with AJAX.
* One (1) years of experience working with JSON.
* One (1) years of experience using JavaScript.One (1) years of experience with jQuery.
* Two (2) years of experience with RESTful Web Services using ASP.NET Web API.
* Two (2) years of experience developing enterprise-level applications using Azure services and tools.
* Creating and supporting reports using Microsoft SSRS.
* Experience as an IIS Administrator.
* Experience using SQL Server Integration Services (SSIS).
* Experience with AD and Azure AD B2C for authentication and resource protection.
* Experience with Azure DevOps pipelines and application deployments to Azure cloud.
* Familiarity with Microsoft Word, Excel, and Visio.
* Experience with Adobe Workfront Tools.
* Experience working with State Government DHHS applications.
* Familiarity with Jira Issue Tracking software.
* Working with DHHS systems.
Experience in Agile methodologies.  

  

**Knowledge, Skills, & Abilities**

  

* Strong collaborative skills, service orientation, and the ability to work effectively with both business and technical staff at various levels.
* Strong analytical skills, including working directly with business staff to determine effective technical solutions for business requirements.
Ability to prioritize and manage multiple tasks effectively.  

  

If you're **currently** employed by the State of Nebraska, please don't apply through this external career site. Instead, log in to Workday and open the **Jobs Hub - Internal Apply** app from your home landing page. You can access Workday anytime through the Link web page: https://link.nebraska.gov/

**Benefits**
------------

We offer a comprehensive package of pay, benefits, paid time off, retirement and professional development opportunities to help you get the most out of your career and life. Your paycheck is just part of your total compensation.
  
  
Check out all that the State of Nebraska has to offer! Benefit eligibility may vary by position, agency and employment status. For more information on benefits, please visit: https://statejobs.nebraska.gov/index.html#benefits

**Equal Opportunity Statement**

The State of Nebraska values our teammates as well as a supportive environment that strives to promote diversity, inclusion, and belonging. We recruit, hire, train, and promote in all job classifications and at all levels without regard to race, color, religion, sex. age, national origin, disability, marital status or genetics.",2026-10-05,,,False,jobspy/indeed,0
"Robotics Software Engineer Autonomous Robots Process Logic. Waite Park, MN","Horizon Roofing, Inc.","Waite Park, MN, US",https://www.indeed.com/viewjob?jk=9303cae190b22a2c,"Process Logic. · Waite Park, Minnesota · Full-time · On-site with field days

**The job**

We're a Minnesota commercial roofing contractor with 150+ employees, and we're putting autonomous robots on our roofs. Today that's a fleet of three wheeled and tracked rovers hauling tear-off debris, running ROS 2, RTK GPS, lidar, and depth cameras, controlled from an iPhone by a roofing crew. Next, it's robots that load themselves from a moving tear-off machine, deliver to a moving person, and report back to the office — and after that, swappable attachments for other rooftop jobs.

You'll own the software for all of it. You'll take a working prototype and make it something a crew with no training can depend on every day.

**What you'll do**

* Own the robot codebase end to end navigation, localization, multi-robot coordination, the iPhone interface, and the systems that keep it all running on the robots
* Make centimeter-accurate RTK positioning, heading, and roof-edge boundaries rock solid
* Build robot-to-robot coordination: following, queuing, handoffs at a moving machine
* Integrate hardware: GNSS, UWB, IMUs, load cells, buttons, status lights, and new attachments
* Bring engineering discipline: one codebase, simulation that matches the field, tests, GitHub pull requests, over-the-air updates
* Spend real time on roofs with crews, watch what breaks, and fix it
* Work with AI coding tools daily; we use Claude Code, ChatGPT and others and expect you to use it to move fast

  
**Requirements**

**What you bring**

* Years of building software for mobile robots or autonomous vehicles that shipped to real users, not just labs
* Strong ROS 2 experience: Nav2, robot localization or equivalent sensor fusion, behavior trees, launch and lifecycle management
* Python and C++ on Linux; comfortable on embedded compute like NVIDIA Jetson
* Hands-on with GNSS/RTK, lidar, and IMUs, and the practical problems of outdoor localization
* You've debugged a robot in a field with a laptop on your knee and you liked it
* You can explain to a roofer why the robot did what it did

**Nice to have**

* Multi-robot coordination or formation control
* UWB or other short-range relative positioning
* Gazebo or Isaac Sim, and CI for robotics
* Web front-end work (JavaScript, WebSockets/rosbridge)
* Thermal or ruggedization experience for electronics in harsh environments
* Any construction or heavy-equipment background

  
**Benefits**

Small team, owner-driven, no committees. You'll work directly with the owner on what the robots should do and have full authority over how. Ideas move from conversation to plan to code to roof in weeks. The robots are real, the crews are real, and the results show up as tons hauled per day.

* Competitive Wage: DOE
* Health Benefits
* Paid Time Off
* Holiday Pay
* Employer sponsored events
* Company Clothing Store
* Date Night $200.00 reimbursement",2026-10-05,,,False,jobspy/indeed,0
Staff Software Engineer,Walmart,"Bentonville, AR, US",https://www.indeed.com/viewjob?jk=ff7ce0af6cacbe60,"**Position Summary...**
-----------------------

**What you'll do...**
---------------------

**Role summary:**

As a Staff Software Engineer at Walmart, you will lead the design, development, and implementation of scalable software solutions that support business objectives. This role requires collaboration with cross-functional teams to deliver high-quality, efficient code while driving innovation and technical excellence. You will mentor engineers, influence architectural decisions, and contribute to continuous improvement initiatives. Your expertise will help shape the technology roadmap and ensure robust, maintainable systems that enhance customer experience and operational efficiency across Walmart’s platforms. This position demands strong problem-solving skills and a commitment to delivering impactful software solutions.

**About the team:**

The team is dedicated to building and enhancing platforms and services that support millions of customers, associates, and business partners. As a Staff Software Engineer, you will contribute primarily through hands-on development of high-quality software, addressing complex technical challenges, and delivering scalable, secure, and reliable solutions. The team values technical leadership, architectural guidance, and engineering best practices. Collaborating closely with managers, engineering leaders, and cross-functional partners, the team focuses on creating resilient, high-performing systems that drive growth while fostering a culture of continuous improvement and engineering excellence.

**What you'll do:**

  

* Design, develop, and maintain scalable software solutions aligned with business objectives.
* Collaborate with cross-functional teams to define, design, and ship new features.
* Write clean, efficient, and well-documented code following best practices.
* Participate in code reviews to ensure quality and consistency.
* Troubleshoot, debug, and optimize existing software for performance and reliability.
* Contribute to the continuous improvement of development processes and tools.
* Stay current with emerging technologies to enhance software capabilities and innovation.

**What you'll bring:**

  

* Extensive experience in software engineering with a strong foundation in computer science principles.
* Proficiency in multiple programming languages and software development frameworks.
* Demonstrated ability to design, develop, and maintain scalable, high-quality software solutions.
* Strong problem-solving skills with a focus on delivering efficient and reliable code.
* Experience collaborating effectively within cross-functional teams in an agile environment.
* Knowledge of software development lifecycle, testing methodologies, and version control systems.
* Excellent communication skills to articulate technical concepts clearly and concisely.

ㅤ

ㅤ

ㅤ

ㅤ

‎

**Minimum Qualifications...**
-----------------------------

*Outlined below are the required minimum qualifications for this position. If none are listed, there are no minimum qualifications.*

Option 1: Bachelor's degree in computer science, computer engineering, computer information systems, software engineering, or related area and 4 years’ experience in software engineering or related area.  
Option 2: 6 years’ experience in software engineering or related area.

**Preferred Qualifications...**
-------------------------------

*Outlined below are the optional preferred qualifications for this position. If none are listed, there are no preferred qualifications.*

Master’s degree in Computer Science, Computer Engineering, Computer Information Systems, Software Engineering, or related area and 2 years' experience in software engineering or related area, We value candidates with a background in creating inclusive digital experiences, demonstrating knowledge in implementing Web Content Accessibility Guidelines (WCAG) 2.2 AA standards, assistive technologies, and integrating digital accessibility seamlessly. The ideal candidate would have knowledge of accessibility best practices and join us as we continue to create accessible products and services following Walmart’s accessibility standards and guidelines for supporting an inclusive culture.

**Primary Location...**
-----------------------

1901 SE 10TH STREET, BENTONVILLE, AR 72716-0001, United States of AmericaWalmart and its subsidiaries are committed to maintaining a drug-free workplace and has a no tolerance policy regarding the use of illegal drugs and alcohol on the job. This policy applies to all employees and aims to create a safe and productive work environment.",2026-10-05,,,False,jobspy/indeed,0
Software Development Engineer,ICONICS,"Cambridge, MA, US",https://www.indeed.com/viewjob?jk=904801639c619942,"**Position Overview**

We are seeking a Software Development Engineer to join our digital transformation team in Cambridge, MA. This role is perfect for engineers who are excited about growth, variety, and continuous learning. You'll work on diverse projects for multiple Mitsubishi Electric businesses, gaining broad exposure to different problem domains, technologies, and engineering practices. If you're someone who loves solving problems, isn't afraid to ask questions, and wants to rapidly develop your skills across the entire software development lifecycle, this is the role for you.

**Key Responsibilities**

* Develop and maintain web applications using modern frameworks and technologies

* Work collaboratively with senior engineers to learn best practices in software design, testing, and deployment

* Debug issues and contribute to improvements across frontend interfaces, backend services, and cloud infrastructure

* Learn and adapt to different technology stacks as you work on projects for various business units

* Write clean, maintainable code and participate in code reviews to continuously improve your craft

* Take ownership of well-defined features and technical tasks with guidance from the team

* Expand your technical skillset by working with new frameworks, tools, and approaches

* Collaborate with teammates across different business units to understand requirements and deliver solutions

  

**Required Qualifications/Certifications**

**Education & Experience**

* Bachelor's degree in Computer Science, Software Engineering, or related field preferred (or equivalent practical experience)

* 1-2 years of professional software development experience (internships are considered)

* Completed at least one significant software project from inception to deployment

* Demonstrated ability to learn new technologies and take on technical challenges

* Experience working in team environments and collaborating with others

**Technical Skills**

* Understanding of programming fundamentals and experience with at least one programming language (e.g., Python, JavaScript, C#, Java, or similar)

* Understanding of web application concepts (HTTP, REST APIs, client-server architecture)

* Exposure to modern web development (frontend frameworks, backend APIs, or databases)

* Working knowledge of GEN AI tools for development, testing, and other workflows

* Familiarity with version control systems (Git)

* Awareness of cloud platforms and modern deployment practices (containerization, CI/CD)

* Strong problem-solving skills and ability to debug code

* Willingness to work with unfamiliar codebases and technologies

* A genuine enthusiasm for learning new tools, frameworks, and engineering practices

* Excellent communication skills and ability to ask thoughtful questions

**Location & Travel**

* Based in *Cambridge, MA*
* Travel required (some international, approximately \_\_5-10\_% of time)

**About Mitsubishi Electric Iconics Digital Solutions, Inc.**

*Mitsubishi Electric Iconics Digital Solutions, Inc., headquartered in Foxborough, Massachusetts, is a global leader in industrial automation, smart and sustainable buildings, and digital transformation software. Our innovative HMI, SCADA, and Smart Building solutions help organizations around the world visualize, monitor, and optimize their most critical assets and environments.*

*With a presence in over 100 countries and trusted by more than 70% of Global 500 companies, we’re proud to play a key role in shaping the future of manufacturing, infrastructure, and the built environment sectors. Backed by more than 40 years of technological innovation and deep industry expertise, we deliver flexible, scalable, and high-performance solutions that drive operational efficiency and continuous improvement.*

***What makes us different is our people.*** *We are a global, collaborative community of innovators, problem-solvers, and forward-thinkers who are passionate about making a meaningful impact. Whether you’re working alongside colleagues across Europe, the Americas, or Asia, you’ll be part of a team that values knowledge sharing, diverse perspectives, and continuous learning.*

*We are committed to creating an environment where employees can grow, contribute, and thrive—offering opportunities to work on cutting-edge technology, tackle real-world challenges, and help build smarter, more sustainable communities.*

*As a testament to our excellence and strong partnership with Microsoft, Mitsubishi Electric Iconics Digital Solutions has been recognized as a seven-time Microsoft Partner of the Year award winner.*

**Join us and be part of a global organization where your ideas matter, your growth is supported, and your work helps shape the future.**

***Employment At Will***

*Employment with Mitsubishi Electric Iconics Digital Solutions, Inc. is at will. This means that either the employee or the Company may terminate the employment relationship at any time, with or without cause and with or without notice, subject to applicable law. Nothing in this job posting, the application process, or any other communication should be interpreted as creating an express or implied contract of employment.*

**Benefits:**

* Hybrid work schedule
* PTO
* Paid sick leave
* 13 holidays
* 401(k) with company contribution and match
* Employee Assistance Program
* Health, dental, and vision insurance
* Flexible Spending Account

**MEIDS is an equal opportunity employer. All qualified applicants will receive consideration for employment without regard to race, color, religion, sex, sexual orientation, gender identity or expression, pregnancy, age, national origin, disability status, genetic information, protected veteran status, or any other characteristic protected by law.**",2026-10-05,,,False,jobspy/indeed,0
.NET Full Stack Developer,SRR Consultants,"Glen Allen, VA, US",https://www.indeed.com/viewjob?jk=d838f95a81fabc7f,"* Proven experience in software development with a strong focus on full-stack web applications using.NET technologies.
* Proficiency in programming languages including C#, JavaScript, Python, Java, C++, or C.
* Solid understanding of web development principles, RESTful API design, and system design for scalable systems

Pay: $96,700.00 - $117,000.00 per year

Work Location: On the road",2026-10-05,96700.0,117000.0,False,jobspy/indeed,0
Software Engineer-Level 2-Mobility,Cintas,"Mason, OH, US",https://www.indeed.com/viewjob?jk=32c87a99abc1cfb1,"**Title:** **Software Engineer-Level 2-Mobility**
=================================================

Location: Mason, OH, US, 45040

  

**Requisition Number:** 237233

**Job Description**
-------------------

Cintas is currently seeking a Software Engineer – Level 2 for the Mobility team in IT. The Software Engineer is responsible for designing, developing, deploying, and supporting enterprise android applications developed using various frameworks (Kotlin, Java, Kotlin Multiplatform). This role involves collaborating with customers, Business Analysts, and team members to understand business requirements and deliver high-quality technical solutions aligned with business and IT strategies.

  

Key Responsibilities include but are not limited to:

* Participate in planning and estimation activities with Business Analysts and cross-functional team members.

* Translate business requirements into well-designed Android technical solutions aligned with enterprise IT strategy.

* Analyze existing Android/mobile applications to identify performance, scalability, maintainability, or usability gaps.

* Design, develop, enhance, and maintain Android enterprise applications or modules

* Follow approved development processes, coding standards, and documentation practices

* Produce application specifications and clearly document technical system requirements

* Work across multiple technical environments (mobile, APIs, backend integrations) with increasing independence.

* Take ownership of application quality end-to-end

* Conduct unit testing to validate functionality against specifications

* Diagnose and resolve production issues with minimal supervision.

**Skills/Qualifications**
-------------------------

Required

* Bachelor’s degree in Computer Science, Information Technology, Engineering, or a related field is required

* Minimum of 4 years of experience in Informational Technology.

* Minimum of 3 years of experience with Object-Oriented Programming using Java, Kotlin, etc.

* Minimum of 3 years of experience with Android application development.

* Minimum of 3 years of experience with IDEs like Android Studio, IntelliJ, Visual Studio Code.

* Minimum of 2 years of experience with Version Control tools like Git, Gitlab or Other.

* Must be proficient in One or more programming languages.

* Knowledge of programming concepts like collections.

* Good understanding of Web Technologies.

  

Preferred

* Basic knowledge on build tools or pipelines

* SAP BTP experience

* Android Library Integration experience

* Hybrid App Development using Compose Multiplatform/Flutter

Benefits
  
Cintas offers comprehensive and competitive medical, dental and vision benefits, with premiums below the national average. We offer flexibility with four different medical plan options; one plan is offered at zero cost.

  

Additionally, our employee-partners enjoy:

• Competitive Pay
  

* 401(k) with Company Match/Profit Sharing/Employee Stock Ownership Plan (ESOP)
* Disability, Life and AD&D Insurance, 100% Company Paid
* Paid Time Off and Holidays
* Skills Development, Training and Career Advancement Opportunities

Company Information
  
Cintas Corporation helps more than one million businesses of all types and sizes get Ready™ to open their doors with confidence every day by providing products and services that help keep their customers’ facilities and employees clean, safe, and looking their best. With offerings including uniforms, mats, mops, towels, restroom supplies, workplace water services, first aid and safety products, eye-wash stations, safety training, fire extinguishers, sprinkler systems and alarm service, Cintas helps customers get Ready for the Workday®. Headquartered in the U.S., Cincinnati, OH, Cintas is a publicly held Fortune 500 company traded over the Nasdaq Global Select Market under the symbol CTAS and is a component of both the Standard & Poor’s 500 Index and Nasdaq-100 Index.

Cintas Corporation is proud to be an Equal Opportunity Employer. Qualified applicants will receive consideration for employment without regard to race, color, religion, sex (including pregnancy), national origin, age, genetic information, disability, protected veteran status, or any other characteristic or category protected by local, state, or federal law.

  

This job posting will remain open for at least five (5) days.

  

**Job Category:** Information Technology
  
**Organization:** Operations
  
**Employee Status:** Regular
  
**Schedule:** Full Time
  
**Shift:** 1st Shift

**Nearest Major Market:** Cincinnati
  
**Job Segment:** Test Engineer, Software Engineer, Testing, Computer Science, ERP, Engineering, Technology",2026-10-05,,,False,jobspy/indeed,0
Systems / Software Engineer,Peraton,"Herndon, VA, US",https://www.indeed.com/viewjob?jk=7215797d682f4f76,"##### **About Peraton**

Peraton is a next-generation national security company that drives missions of consequence spanning the globe and extending to the farthest reaches of the galaxy. As the world’s leading mission capability integrator and transformative enterprise IT provider, we deliver trusted, highly differentiated solutions and technologies to protect our nation and allies. Peraton operates at the critical nexus between traditional and nontraditional threats across all domains: land, sea, space, air, and cyberspace. The company serves as a valued partner to essential government agencies and supports every branch of the U.S. armed forces. Each day, our employees solve the most daunting challenges that our customers face. Visit peraton.com to learn how we’re keeping people around the world safe and secure.

##### **Program Overview**

The program is a next generation Space Domain Awareness (SDA) Indications and Warning (I&W) system. It establishes a repository of resident space objects (RSOs), finds RSOs of interest, and provides data to ground operators.

##### **About The Role**

Peraton is seeking a **Software** **Test Engineer** in Herndon, VA or Aurora, CO location to support Intelligence Community and DoD customers as part of a talented, high-performing team. As part of this team you will work with emerging service and distributed computing technologies for satellite situational awareness (SSA) data processing and distribution.

  

The EMMETT program, a next gen Space Domain Awareness (SDA) Indications and Warning (I&W) system, establishes a repository of resident space objects (RSOs), finds RSOs of interest, and provides data to ground operators. The EMMETT team uses: programmatics, sensor modeling, and system engineering expertise to deliver this world-class SDA I&W system.

  

**What you'll do:**

* Utilize experience in maintaining and enhancing test scripts and creating and executing test procedures to support development, integration, regression and user acceptance testing.
* Design and write test plans and procedures, analyze test results and develop and review code as necessary.
* Document bugs in Jira and provide test reports.

##### **Qualifications**

**Required Qualifications:**

* Bachelor’s degree with 12+ years of relevant experience; OR Masters with 10+ years experience. Additional Four (4) years of experience may be considered in lieu of a Bachelors degree.
* This position requires the candidate possess a minimum of Top Secret clearance with SCI eligibility and pass a polygraph within 30 days of employment or at customers request- contract requires TS/SCI with poly. The candidate must maintain the clearance.
* Experience with software testing
* Experience creating test plans/procedures
* Experience in an Agile software development environment - development, Integration, Preprod, Production Environments
* Familiarity with either: Rancher, Kafka, Kubernetes, Active MQ
* Baseline utilization of core tools—including **IC Connect, Swagger, Rancher, and Elastic**—to execute testing tasks without team guidance.
* Functional understanding of a system's environment and cluster configurations, including the independent identification and **setup of API locations**.
* Working knowledge of services architecture and how individual system functionalities interact with one another.
* Proactive, independent information gathering and self-study between team touchpoints, ensuring that each subsequent sync shows measurable progress.
* Experience working with Jira, Jenkins, Gitlab, Ansible

**Desired Qualifications:**

* Active Polygraph is preferred
* Experience supporting customer-facing test events or requirement sell-off activities
* Experience working in a Linux based environment
* Experience working with an RDBMS (Postgres, MySQL, etc.)
* Experience creating or maintaining automated software testing scripts/tools (Selenium, Cypress, etc.)

**Benefits:**

Peraton offers enhanced benefits to employees working on this critical National Security program, which include heavily subsidized employee benefits coverage for you and your dependents, 25 days of PTO accrued annually up to a generous PTO cap and eligible to participate in an attractive bonus plan.

##### **Details**

**Target Salary Range:** $146,000 - $234,000. This represents the typical salary range for this position. Salary is determined by various factors, including but not limited to, the scope and responsibilities of the position, the individual’s experience, education, knowledge, skills, and competencies, as well as geographic location and business and contract considerations. Depending on the position, employees may be eligible for overtime, shift differential, and a discretionary bonus in addition to base pay.

**Benefits Statement:** Peraton offers eligible employees a variety of benefits including medical, dental, vision, life, health savings account, short/long term disability, EAP, parental leave, 401(k), paid time off (PTO) for vacation, and company paid holidays. A full listing of available benefits can be viewed at https://www.careers.peraton.com/benefits.

**Application Statements:** The application period for the job is estimated to be 30 days from the job posting date. However, this timeline may be shortened or extended depending on business needs and the availability of qualified candidates. By applying to this job, you are expressing interest in the role and the Company. During the review of your application, you may be required to participate in an on-camera interview, as well as participate in a process to verify your identity. Use of artificial intelligence (AI) tools of any kind during Peraton interviews is strictly prohibited unless the candidate has obtained prior written authorization. All interview responses must be the candidate’s own.

**EEO:** Equal opportunity employer, including disability and protected veterans, or other characteristics protected by law.",2026-10-05,146000.0,234000.0,False,jobspy/indeed,0
Full Stack Software Engineer,Peraton,"Seal Beach, CA, US",https://www.indeed.com/viewjob?jk=afb59b407f9af494,"##### **About Peraton**

Peraton is a next-generation national security company that drives missions of consequence spanning the globe and extending to the farthest reaches of the galaxy. As the world’s leading mission capability integrator and transformative enterprise IT provider, we deliver trusted, highly differentiated solutions and technologies to protect our nation and allies. Peraton operates at the critical nexus between traditional and nontraditional threats across all domains: land, sea, space, air, and cyberspace. The company serves as a valued partner to essential government agencies and supports every branch of the U.S. armed forces. Each day, our employees solve the most daunting challenges that our customers face. Visit peraton.com to learn how we’re keeping people around the world safe and secure.

##### **About The Role**

Peraton is delivering advanced mission planning, digital engineering, and command‑and‑control capabilities supporting the U.S. Government’s space communications enterprise. Our team uses modern MBSE practices to translate mission needs into precise, traceable, and verifiable technical requirements across a complex, multi‑system environment.

  

As a **Full Stack Software Engineer**, you will contribute to the design and development of core platform services that support secure, scalable, and reliable satellite ground communications and data‑transport capabilities. You will develop frontend and backend architectures, implement mission‑critical services, and participate in technical decision‑making that ensures consistent, resilient, and compliant system performance for U.S. Government missions. In this role, you will create backend components, collaborate with cross‑functional engineering teams, and ensure technical solutions align with system requirements and program objectives.

  

**What you’ll do:**

* Build multi‑tenant backend services on public cloud platforms such as AWS.
* Architect, develop, and consume APIs and backend services with an emphasis on automation, security, testing, and maintainability.
* Create software system designs from business requirements and translate functional needs into technical specifications.
* Present technical designs and recommendations to engineering teams and stakeholders.
* Work closely with Model‑Based Systems Engineering (MBSE) and Test teams to ensure alignment between requirements, models, and system implementation.
* Develop backend services using Python, including APIs, automation logic, and platform‑level components.
* Design user interfaces (UI) and implement reusable front‑end software components to support consistent, accessible, and maintainable application functionality.
* Implement authentication and authorization mechanisms,
* Develop microservices and associated service‑to‑service communication patterns.
* Investigate and resolve production issues using structured diagnostic and troubleshooting methods.
* Support customer and partner integration activities as part of platform deployment and capability development.
* Solve complex technical challenges related to secure and scalable satellite communications infrastructure.

##### **Qualifications**

**Required qualifications:**

* Associate degree in Software Engineering, Computer Science, Systems Engineering, or related field and 10+ years of relevant experience; OR Bachelor’s degree in a related field and 8+ years of experience; OR Master’s degree in a related field and 6+ years of experience; OR Doctoral degree in a related field and 3+ years of experience. An additional four (4) years of relevant experience may be considered in lieu of a degree
* This position requires the candidate possess a minimum of Top-Secret clearance with ability to upgrade to TS/SCI. The candidate must maintain the clearance
* Proficiency in Python development for backend systems and APIs.
* Experience designing, implementing, and optimizing relational databases, including SQL, triggers, functions, and stored procedures.
* Experience implementing authentication and authorization mechanisms, including RBAC and ABAC.
* Experience with microservice development and backend service architectures.
* Proficiency in developing software using TypeScript, including use of modern language features, strong type checking, and practices that support maintainable and reliable code.
* Experience developing and building front‑end applications using Vite and associated modern web development tools.
* Experience with contemporary front‑end development practices, including component‑based architecture, state management techniques, application routing, and responsive design.
* Experience using Git‑based source control systems and participating in structured code review processes.
* Experience investigating and resolving production issues in operational environments.
* Experience with unit testing, integration testing, and automated test workflows.
* Working knowledge of PKI concepts and asynchronous messaging architectures.
* Experience with PostgreSQL, OAuth 2.0, JWT, Git, GitHub, CI/CD pipelines, Kafka, and Unix shell scripting.
* Experience applying Zero Trust software development principles.
* Experience with Docker, Kubernetes, and Helm for containerized deployment and orchestration.
* Experience with at least one major commercial cloud platform such as AWS, Azure, or GCP.

**Desired qualifications:**

* Ability to effectively collaborate with MBSE and Test engineering teams.
* Ability to prepare and present technical designs and recommendations to cross‑functional stakeholders.
* Ability to engage with end‑users to clarify requirements or support implementation activities.
* Ability to learn new tools, technologies, or frameworks in support of evolving project needs.

**Benefits:**

Peraton offers enhanced benefits to employees working on this critical National Security program, which include heavily subsidized employee benefits coverage for you and your dependents, 25 days of PTO accrued annually up to a generous PTO cap and eligible to participate in an attractive bonus plan

##### **Details**

**Target Salary Range:** $112,000 - $179,000. This represents the typical salary range for this position. Salary is determined by various factors, including but not limited to, the scope and responsibilities of the position, the individual’s experience, education, knowledge, skills, and competencies, as well as geographic location and business and contract considerations. Depending on the position, employees may be eligible for overtime, shift differential, and a discretionary bonus in addition to base pay.

**Benefits Statement:** Peraton offers eligible employees a variety of benefits including medical, dental, vision, life, health savings account, short/long term disability, EAP, parental leave, 401(k), paid time off (PTO) for vacation, and company paid holidays. A full listing of available benefits can be viewed at https://www.careers.peraton.com/benefits.

**Application Statements:** The application period for the job is estimated to be 30 days from the job posting date. However, this timeline may be shortened or extended depending on business needs and the availability of qualified candidates. By applying to this job, you are expressing interest in the role and the Company. During the review of your application, you may be required to participate in an on-camera interview, as well as participate in a process to verify your identity. Use of artificial intelligence (AI) tools of any kind during Peraton interviews is strictly prohibited unless the candidate has obtained prior written authorization. All interview responses must be the candidate’s own.

**EEO:** Equal opportunity employer, including disability and protected veterans, or other characteristics protected by law.",2026-10-05,112000.0,179000.0,False,jobspy/indeed,0
Mid-level Full Stack Software Engineer - SATCOM,Peraton,"Colorado Springs, CO, US",https://www.indeed.com/viewjob?jk=6870df39e5cca71d,"##### **About Peraton**

Peraton is a next-generation national security company that drives missions of consequence spanning the globe and extending to the farthest reaches of the galaxy. As the world’s leading mission capability integrator and transformative enterprise IT provider, we deliver trusted, highly differentiated solutions and technologies to protect our nation and allies. Peraton operates at the critical nexus between traditional and nontraditional threats across all domains: land, sea, space, air, and cyberspace. The company serves as a valued partner to essential government agencies and supports every branch of the U.S. armed forces. Each day, our employees solve the most daunting challenges that our customers face. Visit peraton.com to learn how we’re keeping people around the world safe and secure.

##### **About The Role**

Peraton is delivering advanced mission planning, digital engineering, and command‑and‑control capabilities supporting the U.S. Government’s space communications enterprise. Our team uses modern MBSE practices to translate mission needs into precise, traceable, and verifiable technical requirements across a complex, multi‑system environment.

  

As a **Mid-level Full Stack Software Engineer - SATCOM**, you will support the design and development of platform services that enable secure, scalable, and reliable satellite ground communications and data‑transport capabilities. You will contribute to frontend and backend components, participate in technical discussions, and help ensure software solutions align with system requirements and program objectives. In this role, you will work with cross‑functional engineering teams to implement features, resolve issues, and support ongoing platform integration.

  

**What you’ll do:**

* Develop backend services in Python, including APIs, automation logic, and service‑level components.
* Build and maintain PostgreSQL database structures such as SQL queries, triggers, and stored functions.
* Implement microservices and security mechanisms including OAuth 2.0 and JWT.
* Contribute to frontend development activities using TypeScript and modern component‑based web frameworks.
* Participate in Agile software development activities, including sprint planning, code reviews, and iterative delivery.
* Support investigation and resolution of production issues using structured troubleshooting practices.
* Use Git‑based version control systems and collaborate with engineering teams on code review processes.
* Work with Docker, Kubernetes, and Helm to support containerized application deployment.

##### **Qualifications**

**Required Qualifications:**

* Associate degree in Software Engineering, Computer Science, Systems Engineering, or related field and 7+ years of relevant experience; OR Bachelor’s degree in a related field and 5+ years of experience; OR Master’s degree in a related field and 3+ years of experience. An additional four (4) years of relevant experience may be considered in lieu of a degree
* This position requires the candidate possess a minimum of Top-Secret clearance with ability to upgrade to TS/SCI. The candidate must maintain the clearance
* Proficient in Python software development for backend applications.
* Experience in PostgreSQL database design and development, including SQL queries, triggers, and stored functions.
* Experience in microservice architecture and security mechanisms such as OAuth 2.0 and JWT.
* Experience supporting frontend development using TypeScript and modern UI frameworks.
* Experience with Git‑based source control systems, including GitHub or GitLab.
* Understanding of Agile Scrum methodologies and software development practices.
* Working knowledge of containerization and orchestration using Docker, Kubernetes, and Helm.
* Working knowledge of message‑driven or event‑driven software development concepts.
* Working knowledge of RBAC and ABAC access‑control techniques.

**Desired Qualifications:**

* Experience investigating and helping resolve issues in production or operational environments.
* Experience contributing to integration activities with customers or partners.
* Experience collaborating with MBSE or test engineering teams.
* Ability to learn new tools, technologies, and frameworks to support evolving project needs.

**Benefits:**

Peraton offers enhanced benefits to employees working on this critical National Security program, which include heavily subsidized employee benefits coverage for you and your dependents, 25 days of PTO accrued annually up to a generous PTO cap and eligible to participate in an attractive bonus plan

##### **Details**

**Target Salary Range:** $86,000 - $138,000. This represents the typical salary range for this position. Salary is determined by various factors, including but not limited to, the scope and responsibilities of the position, the individual’s experience, education, knowledge, skills, and competencies, as well as geographic location and business and contract considerations. Depending on the position, employees may be eligible for overtime, shift differential, and a discretionary bonus in addition to base pay.

**Benefits Statement:** Peraton offers eligible employees a variety of benefits including medical, dental, vision, life, health savings account, short/long term disability, EAP, parental leave, 401(k), paid time off (PTO) for vacation, and company paid holidays. A full listing of available benefits can be viewed at https://www.careers.peraton.com/benefits.

**Application Statements:** The application period for the job is estimated to be 30 days from the job posting date. However, this timeline may be shortened or extended depending on business needs and the availability of qualified candidates. By applying to this job, you are expressing interest in the role and the Company. During the review of your application, you may be required to participate in an on-camera interview, as well as participate in a process to verify your identity. Use of artificial intelligence (AI) tools of any kind during Peraton interviews is strictly prohibited unless the candidate has obtained prior written authorization. All interview responses must be the candidate’s own.

**EEO:** Equal opportunity employer, including disability and protected veterans, or other characteristics protected by law.",2026-10-05,86000.0,138000.0,False,jobspy/indeed,0
Mid-level Full Stack Software Engineer - SATCOM,Peraton,"Seal Beach, CA, US",https://www.indeed.com/viewjob?jk=5ca858ed5a08f5b8,"##### **About Peraton**

Peraton is a next-generation national security company that drives missions of consequence spanning the globe and extending to the farthest reaches of the galaxy. As the world’s leading mission capability integrator and transformative enterprise IT provider, we deliver trusted, highly differentiated solutions and technologies to protect our nation and allies. Peraton operates at the critical nexus between traditional and nontraditional threats across all domains: land, sea, space, air, and cyberspace. The company serves as a valued partner to essential government agencies and supports every branch of the U.S. armed forces. Each day, our employees solve the most daunting challenges that our customers face. Visit peraton.com to learn how we’re keeping people around the world safe and secure.

##### **About The Role**

Peraton is delivering advanced mission planning, digital engineering, and command‑and‑control capabilities supporting the U.S. Government’s space communications enterprise. Our team uses modern MBSE practices to translate mission needs into precise, traceable, and verifiable technical requirements across a complex, multi‑system environment.

  

As a **Mid-level Full Stack Software Engineer - SATCOM**, you will support the design and development of platform services that enable secure, scalable, and reliable satellite ground communications and data‑transport capabilities. You will contribute to frontend and backend components, participate in technical discussions, and help ensure software solutions align with system requirements and program objectives. In this role, you will work with cross‑functional engineering teams to implement features, resolve issues, and support ongoing platform integration.

  

**What you’ll do:**

* Develop backend services in Python, including APIs, automation logic, and service‑level components.
* Build and maintain PostgreSQL database structures such as SQL queries, triggers, and stored functions.
* Implement microservices and security mechanisms including OAuth 2.0 and JWT.
* Contribute to frontend development activities using TypeScript and modern component‑based web frameworks.
* Participate in Agile software development activities, including sprint planning, code reviews, and iterative delivery.
* Support investigation and resolution of production issues using structured troubleshooting practices.
* Use Git‑based version control systems and collaborate with engineering teams on code review processes.
* Work with Docker, Kubernetes, and Helm to support containerized application deployment.

##### **Qualifications**

**Required Qualifications:**

* Associate degree in Software Engineering, Computer Science, Systems Engineering, or related field and 7+ years of relevant experience; OR Bachelor’s degree in a related field and 5+ years of experience; OR Master’s degree in a related field and 3+ years of experience. An additional four (4) years of relevant experience may be considered in lieu of a degree
* This position requires the candidate possess a minimum of Top-Secret clearance with ability to upgrade to TS/SCI. The candidate must maintain the clearance
* Proficient in Python software development for backend applications.
* Experience in PostgreSQL database design and development, including SQL queries, triggers, and stored functions.
* Experience in microservice architecture and security mechanisms such as OAuth 2.0 and JWT.
* Experience supporting frontend development using TypeScript and modern UI frameworks.
* Experience with Git‑based source control systems, including GitHub or GitLab.
* Understanding of Agile Scrum methodologies and software development practices.
* Working knowledge of containerization and orchestration using Docker, Kubernetes, and Helm.
* Working knowledge of message‑driven or event‑driven software development concepts.
* Working knowledge of RBAC and ABAC access‑control techniques.

**Desired Qualifications:**

* Experience investigating and helping resolve issues in production or operational environments.
* Experience contributing to integration activities with customers or partners.
* Experience collaborating with MBSE or test engineering teams.
* Ability to learn new tools, technologies, and frameworks to support evolving project needs.

**Benefits:**

Peraton offers enhanced benefits to employees working on this critical National Security program, which include heavily subsidized employee benefits coverage for you and your dependents, 25 days of PTO accrued annually up to a generous PTO cap and eligible to participate in an attractive bonus plan

##### **Details**

**Target Salary Range:** $104,000 - $166,000. This represents the typical salary range for this position. Salary is determined by various factors, including but not limited to, the scope and responsibilities of the position, the individual’s experience, education, knowledge, skills, and competencies, as well as geographic location and business and contract considerations. Depending on the position, employees may be eligible for overtime, shift differential, and a discretionary bonus in addition to base pay.

**Benefits Statement:** Peraton offers eligible employees a variety of benefits including medical, dental, vision, life, health savings account, short/long term disability, EAP, parental leave, 401(k), paid time off (PTO) for vacation, and company paid holidays. A full listing of available benefits can be viewed at https://www.careers.peraton.com/benefits.

**Application Statements:** The application period for the job is estimated to be 30 days from the job posting date. However, this timeline may be shortened or extended depending on business needs and the availability of qualified candidates. By applying to this job, you are expressing interest in the role and the Company. During the review of your application, you may be required to participate in an on-camera interview, as well as participate in a process to verify your identity. Use of artificial intelligence (AI) tools of any kind during Peraton interviews is strictly prohibited unless the candidate has obtained prior written authorization. All interview responses must be the candidate’s own.

**EEO:** Equal opportunity employer, including disability and protected veterans, or other characteristics protected by law.",2026-10-05,104000.0,166000.0,False,jobspy/indeed,0
Full Stack Software Engineer,Peraton,"Colorado Springs, CO, US",https://www.indeed.com/viewjob?jk=bd37f1b9bb6f0b6c,"##### **About Peraton**

Peraton is a next-generation national security company that drives missions of consequence spanning the globe and extending to the farthest reaches of the galaxy. As the world’s leading mission capability integrator and transformative enterprise IT provider, we deliver trusted, highly differentiated solutions and technologies to protect our nation and allies. Peraton operates at the critical nexus between traditional and nontraditional threats across all domains: land, sea, space, air, and cyberspace. The company serves as a valued partner to essential government agencies and supports every branch of the U.S. armed forces. Each day, our employees solve the most daunting challenges that our customers face. Visit peraton.com to learn how we’re keeping people around the world safe and secure.

##### **About The Role**

Peraton is delivering advanced mission planning, digital engineering, and command‑and‑control capabilities supporting the U.S. Government’s space communications enterprise. Our team uses modern MBSE practices to translate mission needs into precise, traceable, and verifiable technical requirements across a complex, multi‑system environment.

  

As a **Full Stack Software Engineer**, you will contribute to the design and development of core platform services that support secure, scalable, and reliable satellite ground communications and data‑transport capabilities. You will develop frontend and backend architectures, implement mission‑critical services, and participate in technical decision‑making that ensures consistent, resilient, and compliant system performance for U.S. Government missions. In this role, you will create backend components, collaborate with cross‑functional engineering teams, and ensure technical solutions align with system requirements and program objectives.

  

**What you’ll do:**

* Build multi‑tenant backend services on public cloud platforms such as AWS.
* Architect, develop, and consume APIs and backend services with an emphasis on automation, security, testing, and maintainability.
* Create software system designs from business requirements and translate functional needs into technical specifications.
* Present technical designs and recommendations to engineering teams and stakeholders.
* Work closely with Model‑Based Systems Engineering (MBSE) and Test teams to ensure alignment between requirements, models, and system implementation.
* Develop backend services using Python, including APIs, automation logic, and platform‑level components.
* Design user interfaces (UI) and implement reusable front‑end software components to support consistent, accessible, and maintainable application functionality.
* Implement authentication and authorization mechanisms,
* Develop microservices and associated service‑to‑service communication patterns.
* Investigate and resolve production issues using structured diagnostic and troubleshooting methods.
* Support customer and partner integration activities as part of platform deployment and capability development.
* Solve complex technical challenges related to secure and scalable satellite communications infrastructure.

##### **Qualifications**

**Required qualifications:**

* Associate degree in Software Engineering, Computer Science, Systems Engineering, or related field and 10+ years of relevant experience; OR Bachelor’s degree in a related field and 8+ years of experience; OR Master’s degree in a related field and 6+ years of experience; OR Doctoral degree in a related field and 3+ years of experience. An additional four (4) years of relevant experience may be considered in lieu of a degree
* This position requires the candidate possess a minimum of Top-Secret clearance with ability to upgrade to TS/SCI. The candidate must maintain the clearance
* Proficiency in Python development for backend systems and APIs.
* Experience designing, implementing, and optimizing relational databases, including SQL, triggers, functions, and stored procedures.
* Experience implementing authentication and authorization mechanisms, including RBAC and ABAC.
* Experience with microservice development and backend service architectures.
* Proficiency in developing software using TypeScript, including use of modern language features, strong type checking, and practices that support maintainable and reliable code.
* Experience developing and building front‑end applications using Vite and associated modern web development tools.
* Experience with contemporary front‑end development practices, including component‑based architecture, state management techniques, application routing, and responsive design.
* Experience using Git‑based source control systems and participating in structured code review processes.
* Experience investigating and resolving production issues in operational environments.
* Experience with unit testing, integration testing, and automated test workflows.
* Working knowledge of PKI concepts and asynchronous messaging architectures.
* Experience with PostgreSQL, OAuth 2.0, JWT, Git, GitHub, CI/CD pipelines, Kafka, and Unix shell scripting.
* Experience applying Zero Trust software development principles.
* Experience with Docker, Kubernetes, and Helm for containerized deployment and orchestration.
* Experience with at least one major commercial cloud platform such as AWS, Azure, or GCP.

**Desired qualifications:**

* Ability to effectively collaborate with MBSE and Test engineering teams.
* Ability to prepare and present technical designs and recommendations to cross‑functional stakeholders.
* Ability to engage with end‑users to clarify requirements or support implementation activities.
* Ability to learn new tools, technologies, or frameworks in support of evolving project needs.

**Benefits:**

Peraton offers enhanced benefits to employees working on this critical National Security program, which include heavily subsidized employee benefits coverage for you and your dependents, 25 days of PTO accrued annually up to a generous PTO cap and eligible to participate in an attractive bonus plan

##### **Details**

**Target Salary Range:** $104,000 - $166,000. This represents the typical salary range for this position. Salary is determined by various factors, including but not limited to, the scope and responsibilities of the position, the individual’s experience, education, knowledge, skills, and competencies, as well as geographic location and business and contract considerations. Depending on the position, employees may be eligible for overtime, shift differential, and a discretionary bonus in addition to base pay.

**Benefits Statement:** Peraton offers eligible employees a variety of benefits including medical, dental, vision, life, health savings account, short/long term disability, EAP, parental leave, 401(k), paid time off (PTO) for vacation, and company paid holidays. A full listing of available benefits can be viewed at https://www.careers.peraton.com/benefits.

**Application Statements:** The application period for the job is estimated to be 30 days from the job posting date. However, this timeline may be shortened or extended depending on business needs and the availability of qualified candidates. By applying to this job, you are expressing interest in the role and the Company. During the review of your application, you may be required to participate in an on-camera interview, as well as participate in a process to verify your identity. Use of artificial intelligence (AI) tools of any kind during Peraton interviews is strictly prohibited unless the candidate has obtained prior written authorization. All interview responses must be the candidate’s own.

**EEO:** Equal opportunity employer, including disability and protected veterans, or other characteristics protected by law.",2026-10-05,104000.0,166000.0,False,jobspy/indeed,0
Principal Software Engineer,Citizens,"Phoenix, AZ, US",https://www.indeed.com/viewjob?jk=9e744feb11a96d86,"**Description**

Citizens Financial Group, Inc. (CFG) seeks a Principal Software Engineer for its Phoenix, Arizona location.

**Responsibilities:**

* Develop, create, modify, and implement IT solutions and computer applications software to support our banking operations.
* Build modern, architecturally sound components, tools, and applications to meet mission-driven strategic business goals.
* Ensure implementation of quality of service characteristics including security, scalability, manageability, and maintainability of a distributed service-based framework to create or expand business and technical capabilities.
* Participate in adopting Agile methodology and adhering to best practices and collaborating with stakeholders.
* Collaborate and contribute insight to solution design ideation, ensuring the success of the product and adherence to enterprise architecture principles.
* Design, modify, and implement software solutions.
* industry best practices to evaluate, correct, and prevent vulnerabilities during the software development process.
* Continuously monitor and enhance application performance, ensuring minimal latency and high availability for critical banking operations.
* Guide junior engineers and contribute to team development through code reviews, technical workshops, and best practice advocacy.
* Identify opportunities for process improvements and champion initiatives that enhance productivity and customer experience.
* Maintain comprehensive technical documentation and contribute to knowledge-sharing initiatives across teams.

**Qualifications:**

Requires a Bachelor’s degree, or foreign equivalent, in Computer Science, Electronic Engineering, or related field and 6 years of progressive, post-baccalaureate experience as a Software Engineer, Computer Programmer, or related position involving software development for the financial services industry.

Must have 6 years of experience with the following skills:

* Querying, analyzing, and managing big data;
* Utilizing Python3, Java, JavaScript, Golang, and Angular, React, and front end frameworks;
* ing knowledge of data structure concepts including linked lists, dictionaries, arrays, and custom object creation;
* Managing sensitive assets with AWS and Azure;
* CI/CD pipeline using Jenkins;
* Utilizing Bash and Linux; and
* Utilizing React.

May telecommute 1 day per week.

Worksite: 645 E Missouri Avneue, Phoenix, AZ 85012 United States, 40 hrs/wk. EO employer.

To apply visit our website at https://jobs.citizensbank.com and apply online (Job ID: 49683) or email resume and cover letter to Recruiting@Citizensbank.com with subject line: 49683.

Direct applicants only.

*Some job boards have started using jobseeker-reported data to estimate salary ranges for roles. If you apply and qualify for this role, a recruiter will discuss accurate pay guidance.*

**Equal Employment Opportunity**

Citizens, its parent, subsidiaries, and related companies (Citizens) provide equal employment and advancement opportunities to all colleagues and applicants for employment without regard to age, ancestry, color, citizenship, physical or mental disability, perceived disability or history or record of a disability, ethnicity, gender, gender identity or expression, genetic information, genetic characteristic, marital or domestic partner status, victim of domestic violence, family status/parenthood, medical condition, military or veteran status, national origin, pregnancy/childbirth/lactation, colleague’s or a dependent’s reproductive health decision making, race, religion, sex, sexual orientation, or any other category protected by federal, state and/or local laws. At Citizens, we are committed to fostering an inclusive culture that enables all colleagues to bring their best selves to work every day and everyone is expected to be treated with respect and professionalism. Employment decisions are based solely on merit, qualifications, performance and capability.

**Background Check**
--------------------

Any offer of employment is conditioned upon the candidate successfully passing a background check, which may include initial credit, motor vehicle record, public record, prior employment verification, and criminal background checks. Results of the background check are individually reviewed based upon legal requirements imposed by our regulators and with consideration of the nature and gravity of the background history and the job offered. Any offer of employment will include further information.

**Benefits**
------------

We offer competitive pay, comprehensive medical, dental and vision coverage, retirement benefits, maternity/paternity leave, flexible work arrangements, education reimbursement, wellness programs and more.

**Awards We've Received**
-------------------------

Dave Thomas Foundation’s Best Adoption-Friendly Workplace

Disability:IN World's Top Disability Inclusive Business

Glassdoor
  
Best Place to Work in Consulting, Finance & Insurance

Human Rights Campaign Corporate Equality Index 100 Award

Newsweek America's Most Charitable Company

The Banker's
  
US Bank of the Year",2026-10-05,,,False,jobspy/indeed,0
SAP eCommerce (Hybris) Developer,AMBITION INTERNATIONAL SOFTWARE SOLUTIONS PRIVATE LIMITED,"Ankeny, IA, US",https://www.indeed.com/viewjob?jk=067b444022729a4a,"**""Direct Client"" \_\_\_SAP eCommerce (Hybris) Developer -Full Time - Ankeny, IA, US - Day One Onsite!**

**“Direct Client”**

Hi,

​**SAP eCommerce (Hybris) Developer**

Full Time

Ankeny, Iowa

Day one On-Site

USC / GC / H4 EAD and all Diversity candidates are encouraged to apply

Mode of Interview: 2 rounds Video Interview

**JOB DESCRIPTION**

**REQUIRED SKILLS & EXPERTISE:**

**10 + Years Experience**

**1. CORE TECHNOLOGIES**

- Strong proficiency in Java/J2EE and Spring Framework

(Spring Core, Spring MVC, Spring Security).

**2. SAP COMMERCE CLOUD (HYBRIS)**

- Expertise in B2C Accelerator.

- Experience with OCC (Omni Commerce Connect) APIs and Headless Commerce

architectures.

- Customization and extension of the platform

(e.g., ImpEx, Flexible Search, Service Layer).

**3. INTEGRATION**

- Proven experience integrating SAP Commerce with third-party services

using REST/SOAP APIs, Data Hub, or SAP Cloud Platform Integration (CPI).

**4. SEARCH OPTIMIZATION**

- Hands-on experience with Solr search engine integration and optimization.

**REQUIRED TECHNICAL SCREENING**

**1. HANDS-ON JAVA & SPRING EXPERIENCE**

- Provide a small code snippet with bugs and ask the candidate to run,

debug, and fix it.

**2. REST API SERVICES**

- Validate understanding of REST design, HTTP methods/status codes,

and implementation basics.

**3. JUNIT & INTEGRATION TESTING**

- Assess unit testing fundamentals and integration testing approach.

- Developer should write the functional test.

**4. HYBRIS KNOWLEDGE**

- Confirm relevant experience with SAP Commerce (Hybris) concepts

and implementation exposure.

Regards

Jack  
+1 551-900-1555  
Jack.ami@ambitionintl.com  
Ambition Intl LLC  
Charlotte North Carolina-USA

Pay: $110.00 - $130.00 per year

Benefits:

* Relocation assistance

Work Location: In person",2026-10-05,110.0,130.0,False,jobspy/indeed,0
Remote C/C++ Developer,turing,"Remote, US",https://www.indeed.com/viewjob?jk=b6bff2814a8d05a3,"**About Us:**

Based in San Francisco, California, Turing is the world's leading research accelerator for frontier AI labs and a trusted partner for global enterprises deploying advanced AI systems. Turing supports customers in two ways: first, by accelerating frontier research with high-quality data, advanced training pipelines, plus top AI researchers who specialize in software engineering, logical reasoning, STEM, multilinguality, multimodality, and agents; and second, by applying that expertise to help enterprises transform AI from proof of concept into proprietary intelligence with systems that perform reliably, deliver measurable impact, and drive lasting results on the P&L.

**Project Overview:**

As a Software Engineering evaluator, you will create cutting-edge datasets for training, benchmarking, and advancing large language models, collaborating closely with researchers. This includes curating code examples, providing precise solutions, and making corrections primarily in **C/C++**, as well as in Python, JavaScript (including ReactJS), Java, Rust, and Go; evaluating and refining AI-generated code for efficiency, scalability, and reliability; and working with cross-functional teams to enhance enterprise-level AI-driven coding solutions.

**What Does a Typical Day Look Like?**

* Working on AI model training initiatives by curating code examples, building solutions, and correcting code — primarily in **C/C++**, along with Python, JavaScript (including ReactJS), Java, Rust, and Go.
* Evaluate and refine AI-generated code to ensure that it is efficient, scalable, and reliable.
* Collaborate with cross-functional teams to enhance AI-driven coding solutions against industry performance benchmarks.
* Build agents that can verify the quality of the code and identify error patterns.
* Hypothesize on steps in the software engineering cycle (prototyping, architecture design, API design, production implementation, launch, experiments, monitoring, operational maintenance) and evaluate model capabilities on them.
* Design verification mechanisms that can automatically verify a solution to a software engineering task.

**Required Skills:**

* Several years of software engineering experience (3 years or more)
* Strong expertise in building full-stack applications and deploying scalable, production-grade software using modern languages and tools.
* Deep understanding of software architecture, design, development, debugging, and code quality/review assessment.
* Excellent oral and written communication skills for clear, structured evaluation rationales.

**Engagement Details:**

* Commitment: flexible engagement, minimum 10 hrs/week, up to 40 hrs/week
* Type: Contractor (no medical/paid leave)
* Duration: 1 month (potential extensions based on performance and fit)
* Location: Candidates must be based out of the US, Canada, or WEU countries (Austria, Belgium, France, Germany, ...)

**Evaluation Process:**

* The application process takes 15-30 minutes.
* Completion of an AI video interview is required.",2026-10-05,200.0,300.0,True,jobspy/indeed,0
"Data Engineer III AI, Automation, & Data Engineering",Boston University,"Boston, MA, US",https://www.indeed.com/viewjob?jk=5b965769d33666ec,"Boston University Information Services & Technology (IS&T) is seeking applicants with diverse skills and experiences to join our innovative and inclusive community. Join us as a Data Engineer III, helping advance the university's data and analytics capabilities by designing and scaling modern data pipelines and platforms. Your work will directly support institutional reporting, research, and strategic initiatives. You will work on modern data infrastructure using tools, collaborate with data architects, analysts, and application developers to design robust ETL workflows, optimize performance, and ensure data quality and governance at scale. The Data Engineering team within IS&T plays a critical role in enabling data-driven decision-making across Boston University. We develop and maintain data infrastructure that supports analytics, institutional research, academic planning, and operational efficiency. Our team partners closely with data consumers across the university to ensure the reliability, scalability, and quality of enterprise data assets. You Will Design and maintain scalable DAG-based data pipelines using Dagster. Build and optimize data models in PostgreSQL using DBT for analytical and operational use cases. Develop batch and streaming ETL processes leveraging AWS services (S3, Glue, Athena, SNS/SQS, Lambda). Deploy and manage containerized workloads on Kubernetes, using infrastructure-as-code. Implement robust data quality checks, observability, and automated validation. Define schemas, data contracts, and transformation logic with cross-functional teams. Contribute to CI/CD workflows (e.g., GitHub Actions, ArgoCD) to perform code reviews and document technical standards.

  
  
  
Required Skills  

You Will Have:

* Degree in Computer Science, Information Systems, Data Analytics, or Business Analytics.
* Master's degree preferred.
* Applicable experience accepted in lieu of degree. 3+ years of experience in data engineering, data analytics, and backend software development across financial services and higher education contexts.
* Proficiency in Python (pandas, pyarrow, PowerShell) for data transformation and automation.
* Strong SQL skills with proven experience in PostgreSQL and SQL Server optimization.
* Hands-on experience with orchestration frameworks (Dagster, Airflow, SSIS).
* Experience with ETL/ELT pipelines, data warehousing, and dimensional modeling using Kimball techniques.
* Familiarity with AWS data lake components (S3, Glue, Athena) and containerized workflows (Kubernetes, Docker).
* Demonstrated experience with CI/CD pipelines, Git, and Agile team processes.
* Expertise in data governance, privacy, and compliance, having worked with financial institutions handling sensitive data.
* Experience implementing streaming and event-driven architectures (Advanced Queue Messaging Protocol, Kafka, RabbitMQ, Redis).
* Strong communication skills, with a proven track record of collaborating with technical and non-technical stakeholders, mentoring, and delivering training.

  

Boston University offers an excellent benefits package including:

* Time Off: In addition to PTO and leave policy, BU employees have a paid intersession break and 13 paid holidays.
* Retirement: University-funded retirement plan with full vesting after 2 years of eligible service.
* Tuition Assistance Program: Competitive tuition assistance program for yourself and family members.
* Check out https://www.bu.edu/wellness/ and https://www.bu.edu/hr/part-time-employee-perks/ for more information!

  

Boston University IS&T invests in our staff and their personal and professional growth. We promote staff learning including lunch and learn sessions, an extensive library of online courses, Fun Advisory Board (FAB) arranges a number of events throughout the year and opportunities to engage with peers at NERCOMP and EDUCAUSE events. If you require a reasonable accommodation in order to complete the employment application process, please contact the Equal Opportunity Office at 617-353-6474. We are committed to equal employment opportunity regardless of race, color, ancestry, religion, sex, national origin, sexual orientation, age, citizenship, marital status, disability, gender, gender identity or expression, or veteran status. We, at IS&T, appreciate each individual's knowledge, experiences and insights which enhance who we are, and as our DEIA knowledge and practice grows, we will ensure that our Mission, Vision, & Practices remain equitable and welcoming to all.

*We are an equal opportunity employer, and all qualified applicants will receive consideration for employment without regard to race, color, natural or protective hairstyle, religion, sex, age, national origin, physical or mental disability, sexual orientation, gender identity, genetic information, military service, pregnancy or pregnancy-related condition, or because of marital, parental, or veteran status. We are a VEVRAA Federal Contractor.*",2026-10-05,,,False,jobspy/indeed,0
"Senior Analytics Engineer AI, Automation, & Data Engineering",Boston University,"Boston, MA, US",https://www.indeed.com/viewjob?jk=5424b15ab33797b8,"Boston University Information Services & Technology (IS&T) is seeking applicants with diverse skills and experience to join our innovative and inclusive community. Join us as a Senior Analytics Engineer and help shape how Boston University turns its data into trusted, AI-ready insight. In this role, you will lead the design of the analytics data architecture, semantic models, and pipelines that power university reporting, analytics, and AI solutions. Working at the intersection of analytics engineering, data engineering, and artificial intelligence, you will define the metrics, business logic, and context that enable large language models (LLMs) and AI agents to reliably understand and query institutional data, and you will bring software engineering rigor to modern data tools such as dbt, Dagster, Apache Iceberg, Trino, and AWS. As part of the AI, Automation, and Data Engineering team, you will report to the [Reporting Manager Title], serve as a technical leader on high-priority initiatives, mentor fellow engineers, and partner with data engineers, AI engineers, researchers, faculty, and staff in a hybrid work environment based in Boston, MA. This is an opportunity to help define an evolving discipline and build the data foundations that support university operations, research, and innovation. You Will: Architect and lead development of scalable analytics data models and lakehouse data layers using dbt, SQL, and Python. Define and govern the semantic layer, including enterprise metrics and business logic, as a single source of truth for reporting and AI. Lead context engineering efforts, designing the metadata, semantic models, and AI-ready interfaces (e.g., MCP, text-to-SQL) that enable LLMs and AI agents to accurately use institutional data, and measure their accuracy. Design production-grade data and ML pipelines, including feature engineering and embedding pipelines, using Dagster and AWS. Set engineering and data quality standards and conduct expert-level code reviews. Lead technical planning and delivery for cross-functional initiatives and contribute to IS&T's analytics and AI data strategy. Mentor engineers and foster a culture of engineering excellence.

  
  
  
Required Skills  

You Will Have:

* Bachelor's degree in computer science, Information Systems, Data Science, Data Analytics, or a related field (or equivalent combination of education and experience); advanced degree preferred.
* 8+ years of professional experience in analytics engineering, data engineering, or a related technical field, including technical leadership of complex projects.
* Expert SQL and Python skills, with extensive experience building data models and transformations using dbt or similar tools.
* Advanced software engineering practices, including Git, automated testing, CI/CD, code review, and pipeline orchestration.
* Deep expertise in data architecture, data modeling, and semantic layer design, including metrics frameworks and metadata management, in cloud lakehouse environments (e.g., S3, Apache Iceberg, Trino).
* Experience enabling AI and ML use cases with data, such as LLM integration, RAG, embeddings, text-to-SQL, or ML pipelines; familiarity with emerging standards such as MCP is desirable.
* Strong understanding of data governance, privacy, security, and compliance for sensitive institutional data.
* Excellent communication skills, with a proven track record of collaborating with technical and non-technical stakeholders, mentoring engineers, and leading technical initiatives.

  

Boston University offers an excellent benefits package including:

* Time Off: In addition to PTO and leave policy, BU employees have a paid intersession break and 13 paid holidays.
* Retirement: University-funded retirement plan with full vesting after 2 years of eligible service.
* Tuition Assistance Program: Competitive tuition assistance program for yourself and family members.
* Check out https://www.bu.edu/wellness/ and https://www.bu.edu/hr/part-time-employee-perks/ for more information!

  

Boston University IS&T invests in our staff and their personal and professional growth. We promote staff learning including lunch and learn sessions, an extensive library of online courses, Fun Advisory Board (FAB) arranges a number of events throughout the year and opportunities to engage with peers at NERCOMP and EDUCAUSE events. If you require a reasonable accommodation in order to complete the employment application process, please contact the Equal Opportunity Office at 617-353-6474. We are committed to equal employment opportunity regardless of race, color, ancestry, religion, sex, national origin, sexual orientation, age, citizenship, marital status, disability, gender, gender identity or expression, or veteran status. We, at IS&T, appreciate each individual's knowledge, experiences and insights which enhance who we are, and as our DEIA knowledge and practice grows, we will ensure that our Mission, Vision, & Practices remain equitable and welcoming to all.

  

*We are an equal opportunity employer, and all qualified applicants will receive consideration for employment without regard to race, color, natural or protective hairstyle, religion, sex, age, national origin, physical or mental disability, sexual orientation, gender identity, genetic information, military service, pregnancy or pregnancy-related condition, or because of marital, parental, or veteran status. We are a VEVRAA Federal Contractor.*

  
  
  
Required Experience",2026-10-05,,,False,jobspy/indeed,0
Remote Backend Engineer (Python/FastAPI),turing,"Remote, US",https://www.indeed.com/viewjob?jk=1f08d14b2c311bda,"**About Us:**

Based in San Francisco, California, Turing is the world’s leading research accelerator for frontier AI labs and a trusted partner for global enterprises deploying advanced AI systems. Turing supports customers in two ways: first, by accelerating frontier research with high-quality data, advanced training pipelines, plus top AI researchers who specialize in software engineering, logical reasoning, STEM, multilinguality, multimodality, and agents; and second, by applying that expertise to help enterprises transform AI from proof of concept into proprietary intelligence with systems that perform reliably, deliver measurable impact, and drive lasting results on the P&L.

**Ideal Background:**

This role is ideal for engineers who have built production systems at companies like Google, Microsoft, Apple, Amazon, Meta, or similar high-scale engineering organizations. We especially welcome graduates from leading programs such as Harvard, Columbia, Princeton, Yale, University of Pennsylvania, and comparable institutions — though exceptional experience and skill always take precedence over pedigree.

**Project Overview:**

As a Software Engineering evaluator, you will create cutting-edge datasets for training, benchmarking, and advancing large language models, collaborating closely with researchers. This includes curating code examples, providing precise solutions, and making corrections across the full stack — in Python for backend and ML workflows, and JavaScript (React, Node.js) for frontend and API layers, alongside C/C++, Java, Rust, and Go. You will evaluate and refine AI-generated code for efficiency, scalability, and reliability, and work with cross-functional teams to enhance enterprise-level AI-driven coding solutions.

**What Does a Typical Day Look Like?**

* Work on AI model training initiatives by curating code examples, building solutions, and correcting code across both Python and JavaScript (React, Node.js), with additional work in C/C++, Java, Rust, and Go.
* Evaluate and refine AI-generated code across backend and frontend contexts to ensure that it is efficient, scalable, and reliable.
* Collaborate with cross-functional teams to enhance AI-driven coding solutions against industry performance benchmarks.
* Build agents that can verify the quality of the code and identify error patterns across full-stack applications.
* Hypothesize on steps in the software engineering cycle (prototyping, architecture design, API design, production implementation, launch, experiments, monitoring, operational maintenance) and evaluate model capabilities on them.
* Design verification mechanisms that can automatically verify a solution to a software engineering task.

**Required Skills:**

* Several years of software engineering experience (3 years or more).
* Strong expertise in building full-stack applications using Python and JavaScript (React, Node.js), with the ability to work across backend and frontend codebases.
* Experience deploying scalable, production-grade software using modern languages and tools.
* Deep understanding of software architecture, design, development, debugging, and code quality/review assessment.
* Excellent oral and written communication skills for clear, structured evaluation rationales.

**Engagement Details:**

* Commitment: flexible engagement, minimum 10 hrs/week, up to 40 hrs/week.
* Type: Contractor (no medical/paid leave).
* Duration: 1 month (potential extensions based on performance and fit).
* Location: Candidates must be based in the United States.

**Evaluation Process:**

* The application process takes 15–30 minutes.
* Completion of an AI video interview is required.",2026-10-05,200.0,300.0,True,jobspy/indeed,0
Remote Python Developer,turing,"Remote, US",https://www.indeed.com/viewjob?jk=9f650c5266e52e87,"**About Us:**

Based in San Francisco, California, Turing is the world’s leading research accelerator for frontier AI labs and a trusted partner for global enterprises deploying advanced AI systems. Turing supports customers in two ways: first, by accelerating frontier research with high-quality data, advanced training pipelines, plus top AI researchers who specialize in software engineering, logical reasoning, STEM, multilinguality, multimodality, and agents; and second, by applying that expertise to help enterprises transform AI from proof of concept into proprietary intelligence with systems that perform reliably, deliver measurable impact, and drive lasting results on the P&L.

**Ideal Background:**

This role is ideal for engineers who have built production systems at companies like Google, Microsoft, Apple, Amazon, Meta, or similar high-scale engineering organizations. We especially welcome graduates from top computer science programs such as Stanford, MIT, Carnegie Mellon, UC Berkeley, Georgia Tech, and comparable institutions — though exceptional experience and skill always take precedence over pedigree.

**Project Overview:**

As a Software Engineering evaluator, you will create cutting-edge datasets for training, benchmarking, and advancing large language models, collaborating closely with researchers. This includes curating code examples, providing precise solutions, and making corrections — with a primary focus on Python across backend services, data pipelines, and ML infrastructure, alongside JavaScript (including ReactJS), C/C++, Java, Rust, and Go. You will evaluate and refine AI-generated code for efficiency, scalability, and reliability, and work with cross-functional teams to enhance enterprise-level AI-driven coding solutions.

**What Does a Typical Day Look Like?**

* Work on AI model training initiatives by curating code examples, building solutions, and correcting code — primarily in Python, with additional work in JavaScript (including ReactJS), C/C++, Java, Rust, and Go.
* Evaluate and refine AI-generated code to ensure that it is efficient, scalable, and reliable.
* Collaborate with cross-functional teams to enhance AI-driven coding solutions against industry performance benchmarks.
* Build agents and automated verification tools in Python that can verify the quality of code and identify error patterns.
* Hypothesize on steps in the software engineering cycle (prototyping, architecture design, API design, production implementation, launch, experiments, monitoring, operational maintenance) and evaluate model capabilities on them.
* Design verification mechanisms that can automatically verify a solution to a software engineering task.

**Required Skills:**

* Several years of software engineering experience (3 years or more).
* Strong expertise in Python with deep knowledge of frameworks, tooling, and best practices for building production-grade software.
* Experience building full-stack applications and deploying scalable software using modern languages and tools.
* Deep understanding of software architecture, design, development, debugging, and code quality/review assessment.
* Excellent oral and written communication skills for clear, structured evaluation rationales.

**Engagement Details:**

* Commitment: flexible engagement, minimum 10 hrs/week, up to 40 hrs/week.
* Type: Contractor (no medical/paid leave).
* Duration: 1 month (potential extensions based on performance and fit).
* Location: Candidates must be based in the United States.

**Evaluation Process:**

* The application process takes 15–30 minutes.
* Completion of an AI video interview is required.",2026-10-05,200.0,300.0,True,jobspy/indeed,0
Remote JavaScript Developer,turing,"Remote, US",https://www.indeed.com/viewjob?jk=8257371e34211599,"**About Us:**

Based in San Francisco, California, Turing is the world’s leading research accelerator for frontier AI labs and a trusted partner for global enterprises deploying advanced AI systems. Turing supports customers in two ways: first, by accelerating frontier research with high-quality data, advanced training pipelines, plus top AI researchers who specialize in software engineering, logical reasoning, STEM, multilinguality, multimodality, and agents; and second, by applying that expertise to help enterprises transform AI from proof of concept into proprietary intelligence with systems that perform reliably, deliver measurable impact, and drive lasting results on the P&L.

**Ideal Background:**

This role is ideal for engineers who have worked at the frontier of AI — at companies like OpenAI, NVIDIA, Databricks, Palantir, Snowflake, or similar organizations pushing the boundaries of intelligent systems. We especially welcome graduates from leading programs such as Harvard, Columbia, Princeton, Yale, University of Pennsylvania, and comparable institutions — though exceptional experience and skill always take precedence over pedigree.

**Project Overview:**

As a Software Engineering evaluator, you will create cutting-edge datasets for training, benchmarking, and advancing large language models, collaborating closely with researchers. This includes curating code examples, providing precise solutions, and making corrections in Python, C/C++, Rust, Go, Java, and JavaScript (including ReactJS) — with particular emphasis on systems-level code, performance-critical applications, and infrastructure. You will evaluate and refine AI-generated code for efficiency, scalability, and reliability, and work with cross-functional teams to enhance enterprise-level AI-driven coding solutions.

**What Does a Typical Day Look Like?**

* Work on AI model training initiatives by curating code examples, building solutions, and correcting code in Python, C/C++, Rust, Go, Java, and JavaScript (including ReactJS).
* Evaluate and refine AI-generated code with an emphasis on systems-level correctness, performance, and reliability.
* Collaborate with cross-functional teams to enhance AI-driven coding solutions against industry performance benchmarks.
* Build agents that can verify the quality of systems-level and infrastructure code and identify error patterns.
* Hypothesize on steps in the software engineering cycle (prototyping, architecture design, API design, production implementation, launch, experiments, monitoring, operational maintenance) and evaluate model capabilities on them.
* Design verification mechanisms that can automatically verify a solution to a software engineering task.

**Required Skills:**

* Several years of software engineering experience (3 years or more).
* Strong expertise in systems programming, infrastructure, or backend development using languages like JS, Python, C/C++, Rust, and Go.
* Experience building and deploying scalable, production-grade software using modern languages and tools.
* Deep understanding of software architecture, design, development, debugging, and code quality/review assessment.
* Excellent oral and written communication skills for clear, structured evaluation rationales.

**Engagement Details:**

* Commitment: flexible engagement, minimum 10 hrs/week, up to 40 hrs/week.
* Type: Contractor (no medical/paid leave).
* Duration: 1 month (potential extensions based on performance and fit).
* Location: Candidates must be based in the United States.

**Evaluation Process:**

* The application process takes 15–30 minutes.
* Completion of an AI video interview is required.",2026-10-05,200.0,300.0,True,jobspy/indeed,0
Quality Automation Engineer III,Frost,"San Antonio, TX, US",https://www.indeed.com/viewjob?jk=71d92b0e254bda8b,"***It’s about putting our best to the test.***

Are you described as someone with an inquisitive mind and an innovative personality? Are you never satisfied with good enough? Does solving complex problems and ensuring top-quality applications excite you? If so, being a Quality Automation Engineer IIIwith Frost could be for you.

At Frost, it’s about more than a job. It’s about having a flourishing career where you can thrive, both in and out of work. At Frost, we’re committed to fostering an environment that reflects our values and encourages team members to be the best they can be. In joining our adaptable, integrity-driven team, you’ll become part of Frost’s over 150-year legacy of providing unparalleled banking services.

**Who you are:**

As a **Quality Automation Engineer III**, *you* are our quality control, ensuring every application is stable and built with integrity, caring and excellence. You’ll play an important role in the design, creation, and testing of applications to ensure the quality and stability in every system. You’ll use your strong problem-solving skills to ensure that the applications are performing optimally and meet our high standards. You are not afraid to ask the question why and thrive in a collaborative environment.

**What you’ll do:**

* Oversee, design, review, build, and deploy test automation solutions and framework for the most complex, interrelated systems to ensure the quality and stability of software applications
* Lead the troubleshooting and triage of the most complex escalated system issues with project teams to identify the root causes, resolve issues, and implement process improvements
* Guide and mentor other Test Automation Engineers to ensure that their test automation solutions and scripts align with Frost’s automation framework and industry standards
* Collaborate with product management, project management, development teams, and business stakeholders to develop project, product, and testing objectives
* Write and execute functional test cases as needed
* Always take action using Integrity, Caring, and Excellence to achieve all-win outcomes

  

**What you’ll need:**

* Bachelor’s degree in a technical field or equivalent experience
* 4+ years of test automation experience
* Technical development experience with multiple programming or scripting languages like JAVA, Python while using Selenium/Playwright as framework
* Exposure to database technologies and SQL queries
* Strong understanding of Object-Oriented programming concepts and design patterns
* Expertise in independently identifying technical issues including misconfigurations and defects in code
* Demonstrated experience in developing functional and regression automation solutions across web, mobile and API layers with reusable components
* Expert knowledge of the role of Test Automation and Software Quality Assurance in the development process including test planning, execution, and production support
* Demonstrated experience leading testing efforts for complex projects and applications and partnering closely with stakeholders
* Experience with a distributed version-control management system like GIT, BitBucket

  

**Additional Preferred Skills:**

* Experience using automated testing tools like Junit, TestNG, Cucumber, Appium, JMeter, SoapUI, Playwright
* Knowledge of DevOps and CI/CD integration including Jenkins, Maven, Splunk etc.
* Knowledge of Non-Functional Testing (Performance, Security and Accessibility Testing)
* Exposure to Insurance applications and functionality preferred
  

  

**Our Benefits:**

At Frost, we care about your health, your family, and your future and strive to have our benefits reflect that. This includes:

* Medical, dental, vision, long-term disability, and life insurance

* 401(k) matching

* Generous holiday and paid time off schedule

* Tuition reimbursement

* Extensive health and wellness programs, including our Employee Assistance Program

* Referral bonus program + more!
  

  

Since 1868, Frost has dedicated their expertise to provide exceptional banking, investment, and insurance services to businesses and individuals throughout Texas. Frost is one of the 50 largest U.S. banks by asset size and is a leader in banking customer satisfaction. At Frost, it’s about being part of something bigger. If this sounds like you, we encourage you to apply and see what’s possible at Frost.",2026-10-05,,,False,jobspy/indeed,0
"Senior Software Engineer, Backend (Lake Analytics Platform)",Affirm,"Boise, ID",https://www.linkedin.com/jobs/view/4438395308,,2026-10-05,,,False,jobspy/linkedin,0
Senior Engineer - Shopper Backend,Shipt,"Minneapolis, MN",https://www.linkedin.com/jobs/view/4447586944,,2026-10-05,,,False,jobspy/linkedin,0
Full Stack .Net Senior Software Engineer,Thomson Reuters,"Ann Arbor, MI",https://www.linkedin.com/jobs/view/4456296203,,2026-10-03,,,False,jobspy/linkedin,0
"Senior Software Engineer, Backend (Lake Analytics Platform)",Affirm,"Chicago, IL",https://www.linkedin.com/jobs/view/4438385569,,2026-10-03,,,False,jobspy/linkedin,0
"Software Development Engineer, DynamoDB Transactions",Amazon Web Services (AWS),"Seattle, WA",https://www.linkedin.com/jobs/view/4475315547,,2026-10-03,,,False,jobspy/linkedin,0
